DATAFLOW,LAST UPDATE,freq,int_rt,geo,TIME_PERIOD,OBS_VALUE,OBS_FLAG
ESTAT:IRT_ST_A(1.0),06/03/23 11:00:00,A,IRT_DTD,BG,2000,2.90,
ESTAT:IRT_ST_A(1.0),06/03/23 11:00:00,A,IRT_DTD,BG,2001,3.64,
ESTAT:IRT_ST_A(1.0),06/03/23 11:00:00,A,IRT_DTD,BG,2002,2.39,
ESTAT:IRT_ST_A(1.0),06/03/23 11:00:00,A,IRT_DTD,BG,2003,1.96,
ESTAT:IRT_ST_A(1.0),06/03/23 11:00:00,A,IRT_DTD,BG,2004,1.92,
ESTAT:IRT_ST_A(1.0),06/03/23 11:00:00,A,IRT_DTD,BG,2005,2.03,
ESTAT:IRT_ST_A(1.0),06/03/23 11:00:00,A,IRT_DTD,BG,2006,2.79,
ESTAT:IRT_ST_A(1.0),06/03/23 11:00:00,A,IRT_DTD,BG,2007,4.03,
ESTAT:IRT_ST_A(1.0),06/03/23 11:00:00,A,IRT_DTD,BG,2008,5.16,
ESTAT:IRT_ST_A(1.0),06/03/23 11:00:00,A,IRT_DTD,BG,2009,2.00,
ESTAT:IRT_ST_A(1.0),06/03/23 11:00:00,A,IRT_DTD,BG,2010,0.18,
ESTAT:IRT_ST_A(1.0),06/03/23 11:00:00,A,IRT_DTD,BG,2011,0.20,
ESTAT:IRT_ST_A(1.0),06/03/23 11:00:00,A,IRT_DTD,BG,2012,0.10,
ESTAT:IRT_ST_A(1.0),06/03/23 11:00:00,A,IRT_DTD,BG,2013,0.02,
ESTAT:IRT_ST_A(1.0),06/03/23 11:00:00,A,IRT_DTD,BG,2014,0.04,
ESTAT:IRT_ST_A(1.0),06/03/23 11:00:00,A,IRT_DTD,CZ,2000,5.25,
ESTAT:IRT_ST_A(1.0),06/03/23 11:00:00,A,IRT_DTD,CZ,2001,4.98,
ESTAT:IRT_ST_A(1.0),06/03/23 11:00:00,A,IRT_DTD,CZ,2002,3.57,
ESTAT:IRT_ST_A(1.0),06/03/23 11:00:00,A,IRT_DTD,CZ,2003,2.28,
ESTAT:IRT_ST_A(1.0),06/03/23 11:00:00,A,IRT_DTD,CZ,2004,2.19,
ESTAT:IRT_ST_A(1.0),06/03/23 11:00:00,A,IRT_DTD,CZ,2005,1.95,
ESTAT:IRT_ST_A(1.0),06/03/23 11:00:00,A,IRT_DTD,CZ,2006,2.10,
ESTAT:IRT_ST_A(1.0),06/03/23 11:00:00,A,IRT_DTD,CZ,2007,2.77,
ESTAT:IRT_ST_A(1.0),06/03/23 11:00:00,A,IRT_DTD,CZ,2008,3.42,
ESTAT:IRT_ST_A(1.0),06/03/23 11:00:00,A,IRT_DTD,CZ,2009,1.58,
ESTAT:IRT_ST_A(1.0),06/03/23 11:00:00,A,IRT_DTD,CZ,2010,0.86,
ESTAT:IRT_ST_A(1.0),06/03/23 11:00:00,A,IRT_DTD,CZ,2011,0.70,
ESTAT:IRT_ST_A(1.0),06/03/23 11:00:00,A,IRT_DTD,CZ,2012,0.57,
ESTAT:IRT_ST_A(1.0),06/03/23 11:00:00,A,IRT_DTD,CZ,2013,0.18,
ESTAT:IRT_ST_A(1.0),06/03/23 11:00:00,A,IRT_DTD,CZ,2014,0.15,
ESTAT:IRT_ST_A(1.0),06/03/23 11:00:00,A,IRT_DTD,DK,2000,4.36560,
ESTAT:IRT_ST_A(1.0),06/03/23 11:00:00,A,IRT_DTD,DK,2001,4.69650,
ESTAT:IRT_ST_A(1.0),06/03/23 11:00:00,A,IRT_DTD,DK,2002,3.48600,
ESTAT:IRT_ST_A(1.0),06/03/23 11:00:00,A,IRT_DTD,DK,2003,2.44340,
ESTAT:IRT_ST_A(1.0),06/03/23 11:00:00,A,IRT_DTD,DK,2004,2.15700,
ESTAT:IRT_ST_A(1.0),06/03/23 11:00:00,A,IRT_DTD,DK,2005,2.15240,
ESTAT:IRT_ST_A(1.0),06/03/23 11:00:00,A,IRT_DTD,DK,2006,2.94240,
ESTAT:IRT_ST_A(1.0),06/03/23 11:00:00,A,IRT_DTD,DK,2007,4.05770,
ESTAT:IRT_ST_A(1.0),06/03/23 11:00:00,A,IRT_DTD,DK,2008,4.45800,
ESTAT:IRT_ST_A(1.0),06/03/23 11:00:00,A,IRT_DTD,DK,2009,1.69680,
ESTAT:IRT_ST_A(1.0),06/03/23 11:00:00,A,IRT_DTD,DK,2010,0.65660,
ESTAT:IRT_ST_A(1.0),06/03/23 11:00:00,A,IRT_DTD,DK,2011,0.88770,
ESTAT:IRT_ST_A(1.0),06/03/23 11:00:00,A,IRT_DTD,DK,2012,0.07720,
ESTAT:IRT_ST_A(1.0),06/03/23 11:00:00,A,IRT_DTD,DK,2013,-0.02230,
ESTAT:IRT_ST_A(1.0),06/03/23 11:00:00,A,IRT_DTD,DK,2014,0.04260,
ESTAT:IRT_ST_A(1.0),06/03/23 11:00:00,A,IRT_DTD,DK,2015,-0.24930,
ESTAT:IRT_ST_A(1.0),06/03/23 11:00:00,A,IRT_DTD,DK,2016,-0.25930,
ESTAT:IRT_ST_A(1.0),06/03/23 11:00:00,A,IRT_DTD,DK,2017,-0.47420,
ESTAT:IRT_ST_A(1.0),06/03/23 11:00:00,A,IRT_DTD,DK,2018,-0.51000,
ESTAT:IRT_ST_A(1.0),06/03/23 11:00:00,A,IRT_DTD,DK,2019,-0.57770,
ESTAT:IRT_ST_A(1.0),06/03/23 11:00:00,A,IRT_DTD,DK,2020,-0.41940,
ESTAT:IRT_ST_A(1.0),06/03/23 11:00:00,A,IRT_DTD,DK,2021,-0.36900,
ESTAT:IRT_ST_A(1.0),06/03/23 11:00:00,A,IRT_DTD,DK,2022,0.13070,
ESTAT:IRT_ST_A(1.0),06/03/23 11:00:00,A,IRT_DTD,HR,2014,0.47,
ESTAT:IRT_ST_A(1.0),06/03/23 11:00:00,A,IRT_DTD,HU,2000,11.05,
ESTAT:IRT_ST_A(1.0),06/03/23 11:00:00,A,IRT_DTD,HU,2001,10.92,
ESTAT:IRT_ST_A(1.0),06/03/23 11:00:00,A,IRT_DTD,HU,2002,8.87,
ESTAT:IRT_ST_A(1.0),06/03/23 11:00:00,A,IRT_DTD,HU,2003,8.29,
ESTAT:IRT_ST_A(1.0),06/03/23 11:00:00,A,IRT_DTD,HU,2004,11.50,
ESTAT:IRT_ST_A(1.0),06/03/23 11:00:00,A,IRT_DTD,HU,2005,7.06,
ESTAT:IRT_ST_A(1.0),06/03/23 11:00:00,A,IRT_DTD,HU,2006,6.43,
ESTAT:IRT_ST_A(1.0),06/03/23 11:00:00,A,IRT_DTD,HU,2007,7.64,
ESTAT:IRT_ST_A(1.0),06/03/23 11:00:00,A,IRT_DTD,HU,2008,8.27,
ESTAT:IRT_ST_A(1.0),06/03/23 11:00:00,A,IRT_DTD,HU,2009,8.24,
ESTAT:IRT_ST_A(1.0),06/03/23 11:00:00,A,IRT_DTD,HU,2010,4.88,
ESTAT:IRT_ST_A(1.0),06/03/23 11:00:00,A,IRT_DTD,HU,2011,5.31,
ESTAT:IRT_ST_A(1.0),06/03/23 11:00:00,A,IRT_DTD,HU,2012,6.09,
ESTAT:IRT_ST_A(1.0),06/03/23 11:00:00,A,IRT_DTD,HU,2013,3.97,
ESTAT:IRT_ST_A(1.0),06/03/23 11:00:00,A,IRT_DTD,HU,2014,1.77,
ESTAT:IRT_ST_A(1.0),06/03/23 11:00:00,A,IRT_DTD,JP,2000,0.11,
ESTAT:IRT_ST_A(1.0),06/03/23 11:00:00,A,IRT_DTD,JP,2001,0.06,
ESTAT:IRT_ST_A(1.0),06/03/23 11:00:00,A,IRT_DTD,JP,2002,0.00,
ESTAT:IRT_ST_A(1.0),06/03/23 11:00:00,A,IRT_DTD,JP,2003,0.00,
ESTAT:IRT_ST_A(1.0),06/03/23 11:00:00,A,IRT_DTD,JP,2004,0.00,d
ESTAT:IRT_ST_A(1.0),06/03/23 11:00:00,A,IRT_DTD,JP,2005,0.00,
ESTAT:IRT_ST_A(1.0),06/03/23 11:00:00,A,IRT_DTD,PL,2000,17.55,
ESTAT:IRT_ST_A(1.0),06/03/23 11:00:00,A,IRT_DTD,PL,2001,17.12,
ESTAT:IRT_ST_A(1.0),06/03/23 11:00:00,A,IRT_DTD,PL,2002,9.48,
ESTAT:IRT_ST_A(1.0),06/03/23 11:00:00,A,IRT_DTD,PL,2003,5.69,
ESTAT:IRT_ST_A(1.0),06/03/23 11:00:00,A,IRT_DTD,PL,2004,5.67,
ESTAT:IRT_ST_A(1.0),06/03/23 11:00:00,A,IRT_DTD,PL,2005,5.33,
ESTAT:IRT_ST_A(1.0),06/03/23 11:00:00,A,IRT_DTD,PL,2006,4.10,
ESTAT:IRT_ST_A(1.0),06/03/23 11:00:00,A,IRT_DTD,PL,2007,4.42,
ESTAT:IRT_ST_A(1.0),06/03/23 11:00:00,A,IRT_DTD,PL,2008,5.75,
ESTAT:IRT_ST_A(1.0),06/03/23 11:00:00,A,IRT_DTD,PL,2009,3.17,
ESTAT:IRT_ST_A(1.0),06/03/23 11:00:00,A,IRT_DTD,PL,2010,3.08,
ESTAT:IRT_ST_A(1.0),06/03/23 11:00:00,A,IRT_DTD,PL,2011,4.10,
ESTAT:IRT_ST_A(1.0),06/03/23 11:00:00,A,IRT_DTD,PL,2012,4.66,
ESTAT:IRT_ST_A(1.0),06/03/23 11:00:00,A,IRT_DTD,PL,2013,3.00,
ESTAT:IRT_ST_A(1.0),06/03/23 11:00:00,A,IRT_DTD,PL,2014,2.50,
ESTAT:IRT_ST_A(1.0),06/03/23 11:00:00,A,IRT_DTD,RO,2000,41.54,
ESTAT:IRT_ST_A(1.0),06/03/23 11:00:00,A,IRT_DTD,RO,2001,37.84,
ESTAT:IRT_ST_A(1.0),06/03/23 11:00:00,A,IRT_DTD,RO,2002,23.35,
ESTAT:IRT_ST_A(1.0),06/03/23 11:00:00,A,IRT_DTD,RO,2003,18.02,
ESTAT:IRT_ST_A(1.0),06/03/23 11:00:00,A,IRT_DTD,RO,2004,18.81,
ESTAT:IRT_ST_A(1.0),06/03/23 11:00:00,A,IRT_DTD,RO,2005,6.24,
ESTAT:IRT_ST_A(1.0),06/03/23 11:00:00,A,IRT_DTD,RO,2006,7.04,
ESTAT:IRT_ST_A(1.0),06/03/23 11:00:00,A,IRT_DTD,RO,2007,6.89,
ESTAT:IRT_ST_A(1.0),06/03/23 11:00:00,A,IRT_DTD,RO,2008,11.17,
ESTAT:IRT_ST_A(1.0),06/03/23 11:00:00,A,IRT_DTD,RO,2009,10.07,
ESTAT:IRT_ST_A(1.0),06/03/23 11:00:00,A,IRT_DTD,RO,2010,4.05,
ESTAT:IRT_ST_A(1.0),06/03/23 11:00:00,A,IRT_DTD,RO,2011,4.23,
ESTAT:IRT_ST_A(1.0),06/03/23 11:00:00,A,IRT_DTD,RO,2012,4.14,
ESTAT:IRT_ST_A(1.0),06/03/23 11:00:00,A,IRT_DTD,RO,2013,2.98,
ESTAT:IRT_ST_A(1.0),06/03/23 11:00:00,A,IRT_DTD,RO,2014,1.57,
ESTAT:IRT_ST_A(1.0),06/03/23 11:00:00,A,IRT_DTD,SE,2000,3.81190,
ESTAT:IRT_ST_A(1.0),06/03/23 11:00:00,A,IRT_DTD,SE,2001,4.08210,
ESTAT:IRT_ST_A(1.0),06/03/23 11:00:00,A,IRT_DTD,SE,2002,4.17600,
ESTAT:IRT_ST_A(1.0),06/03/23 11:00:00,A,IRT_DTD,SE,2003,3.25550,
ESTAT:IRT_ST_A(1.0),06/03/23 11:00:00,A,IRT_DTD,SE,2004,2.25670,
ESTAT:IRT_ST_A(1.0),06/03/23 11:00:00,A,IRT_DTD,SE,2005,1.83100,
ESTAT:IRT_ST_A(1.0),06/03/23 11:00:00,A,IRT_DTD,SE,2006,2.31620,
ESTAT:IRT_ST_A(1.0),06/03/23 11:00:00,A,IRT_DTD,SE,2007,3.60000,
ESTAT:IRT_ST_A(1.0),06/03/23 11:00:00,A,IRT_DTD,SE,2008,4.36170,
ESTAT:IRT_ST_A(1.0),06/03/23 11:00:00,A,IRT_DTD,SE,2009,0.68400,
ESTAT:IRT_ST_A(1.0),06/03/23 11:00:00,A,IRT_DTD,SE,2010,0.58710,
ESTAT:IRT_ST_A(1.0),06/03/23 11:00:00,A,IRT_DTD,SE,2011,1.97880,
ESTAT:IRT_ST_A(1.0),06/03/23 11:00:00,A,IRT_DTD,SE,2012,1.57360,
ESTAT:IRT_ST_A(1.0),06/03/23 11:00:00,A,IRT_DTD,SE,2013,1.04040,
ESTAT:IRT_ST_A(1.0),06/03/23 11:00:00,A,IRT_DTD,SE,2014,0.51460,
ESTAT:IRT_ST_A(1.0),06/03/23 11:00:00,A,IRT_DTD,SE,2015,-0.24950,
ESTAT:IRT_ST_A(1.0),06/03/23 11:00:00,A,IRT_DTD,SE,2016,-0.52890,
ESTAT:IRT_ST_A(1.0),06/03/23 11:00:00,A,IRT_DTD,SE,2017,-0.52480,
ESTAT:IRT_ST_A(1.0),06/03/23 11:00:00,A,IRT_DTD,SE,2018,-0.50950,
ESTAT:IRT_ST_A(1.0),06/03/23 11:00:00,A,IRT_DTD,SE,2019,-0.22130,
ESTAT:IRT_ST_A(1.0),06/03/23 11:00:00,A,IRT_DTD,SE,2020,-0.02700,
ESTAT:IRT_ST_A(1.0),06/03/23 11:00:00,A,IRT_DTD,SE,2021,-0.05750,
ESTAT:IRT_ST_A(1.0),06/03/23 11:00:00,A,IRT_DTD,SE,2022,0.69440,
ESTAT:IRT_ST_A(1.0),06/03/23 11:00:00,A,IRT_DTD,TR,2000,55.99000,
ESTAT:IRT_ST_A(1.0),06/03/23 11:00:00,A,IRT_DTD,TR,2001,95.47000,
ESTAT:IRT_ST_A(1.0),06/03/23 11:00:00,A,IRT_DTD,TR,2002,49.59000,
ESTAT:IRT_ST_A(1.0),06/03/23 11:00:00,A,IRT_DTD,TR,2003,36.14000,
ESTAT:IRT_ST_A(1.0),06/03/23 11:00:00,A,IRT_DTD,TR,2004,21.97000,
ESTAT:IRT_ST_A(1.0),06/03/23 11:00:00,A,IRT_DTD,TR,2005,15.06000,
ESTAT:IRT_ST_A(1.0),06/03/23 11:00:00,A,IRT_DTD,TR,2006,15.77000,
ESTAT:IRT_ST_A(1.0),06/03/23 11:00:00,A,IRT_DTD,TR,2007,17.32000,
ESTAT:IRT_ST_A(1.0),06/03/23 11:00:00,A,IRT_DTD,TR,2008,16.09000,
ESTAT:IRT_ST_A(1.0),06/03/23 11:00:00,A,IRT_DTD,TR,2009,9.22000,
ESTAT:IRT_ST_A(1.0),06/03/23 11:00:00,A,IRT_DTD,TR,2010,6.59000,
ESTAT:IRT_ST_A(1.0),06/03/23 11:00:00,A,IRT_DTD,TR,2011,7.28000,
ESTAT:IRT_ST_A(1.0),06/03/23 11:00:00,A,IRT_DTD,TR,2012,7.59000,
ESTAT:IRT_ST_A(1.0),06/03/23 11:00:00,A,IRT_DTD,TR,2013,5.62000,
ESTAT:IRT_ST_A(1.0),06/03/23 11:00:00,A,IRT_DTD,TR,2014,9.15000,
ESTAT:IRT_ST_A(1.0),06/03/23 11:00:00,A,IRT_DTD,TR,2015,10.70000,
ESTAT:IRT_ST_A(1.0),06/03/23 11:00:00,A,IRT_DTD,TR,2016,9.32000,
ESTAT:IRT_ST_A(1.0),06/03/23 11:00:00,A,IRT_DTD,TR,2017,11.58000,
ESTAT:IRT_ST_A(1.0),06/03/23 11:00:00,A,IRT_DTD,TR,2018,17.76000,
ESTAT:IRT_ST_A(1.0),06/03/23 11:00:00,A,IRT_DTD,TR,2019,20.52000,
ESTAT:IRT_ST_A(1.0),06/03/23 11:00:00,A,IRT_DTD,TR,2020,10.85000,
ESTAT:IRT_ST_A(1.0),06/03/23 11:00:00,A,IRT_DTD,TR,2021,17.87000,
ESTAT:IRT_ST_A(1.0),06/03/23 11:00:00,A,IRT_DTD,TR,2022,13.16000,
ESTAT:IRT_ST_A(1.0),06/03/23 11:00:00,A,IRT_DTD,UK,2000,5.84694,b
ESTAT:IRT_ST_A(1.0),06/03/23 11:00:00,A,IRT_DTD,UK,2001,5.08390,
ESTAT:IRT_ST_A(1.0),06/03/23 11:00:00,A,IRT_DTD,UK,2002,3.95520,
ESTAT:IRT_ST_A(1.0),06/03/23 11:00:00,A,IRT_DTD,UK,2003,3.65680,
ESTAT:IRT_ST_A(1.0),06/03/23 11:00:00,A,IRT_DTD,UK,2004,4.42530,
ESTAT:IRT_ST_A(1.0),06/03/23 11:00:00,A,IRT_DTD,UK,2005,4.73110,
ESTAT:IRT_ST_A(1.0),06/03/23 11:00:00,A,IRT_DTD,UK,2006,4.72510,
ESTAT:IRT_ST_A(1.0),06/03/23 11:00:00,A,IRT_DTD,UK,2007,5.63950,
ESTAT:IRT_ST_A(1.0),06/03/23 11:00:00,A,IRT_DTD,UK,2008,4.78740,
ESTAT:IRT_ST_A(1.0),06/03/23 11:00:00,A,IRT_DTD,UK,2009,0.68740,
ESTAT:IRT_ST_A(1.0),06/03/23 11:00:00,A,IRT_DTD,UK,2010,0.54340,
ESTAT:IRT_ST_A(1.0),06/03/23 11:00:00,A,IRT_DTD,UK,2011,0.57160,
ESTAT:IRT_ST_A(1.0),06/03/23 11:00:00,A,IRT_DTD,UK,2012,0.52820,
ESTAT:IRT_ST_A(1.0),06/03/23 11:00:00,A,IRT_DTD,UK,2013,0.47640,
ESTAT:IRT_ST_A(1.0),06/03/23 11:00:00,A,IRT_DTD,UK,2014,0.46780,
ESTAT:IRT_ST_A(1.0),06/03/23 11:00:00,A,IRT_DTD,UK,2015,0.47940,
ESTAT:IRT_ST_A(1.0),06/03/23 11:00:00,A,IRT_DTD,UK,2016,0.37750,
ESTAT:IRT_ST_A(1.0),06/03/23 11:00:00,A,IRT_DTD,UK,2017,0.26250,
ESTAT:IRT_ST_A(1.0),06/03/23 11:00:00,A,IRT_DTD,UK,2018,0.56140,
ESTAT:IRT_ST_A(1.0),06/03/23 11:00:00,A,IRT_DTD,UK,2019,0.67340,
ESTAT:IRT_ST_A(1.0),06/03/23 11:00:00,A,IRT_DTD,UK,2020,0.17590,
ESTAT:IRT_ST_A(1.0),06/03/23 11:00:00,A,IRT_DTD,UK,2021,0.04530,
ESTAT:IRT_ST_A(1.0),06/03/23 11:00:00,A,IRT_DTD,US,2000,6.24,
ESTAT:IRT_ST_A(1.0),06/03/23 11:00:00,A,IRT_DTD,US,2001,3.88,
ESTAT:IRT_ST_A(1.0),06/03/23 11:00:00,A,IRT_DTD,US,2002,1.67,
ESTAT:IRT_ST_A(1.0),06/03/23 11:00:00,A,IRT_DTD,US,2003,1.13,
ESTAT:IRT_ST_A(1.0),06/03/23 11:00:00,A,IRT_DTD,US,2004,1.35,
ESTAT:IRT_ST_A(1.0),06/03/23 11:00:00,A,IRT_DTD,US,2005,3.22,
ESTAT:IRT_ST_A(1.0),06/03/23 11:00:00,A,IRT_M1,BG,2000,4.14,
ESTAT:IRT_ST_A(1.0),06/03/23 11:00:00,A,IRT_M1,BG,2001,5.01,
ESTAT:IRT_ST_A(1.0),06/03/23 11:00:00,A,IRT_M1,BG,2002,4.32,
ESTAT:IRT_ST_A(1.0),06/03/23 11:00:00,A,IRT_M1,BG,2003,3.14,
ESTAT:IRT_ST_A(1.0),06/03/23 11:00:00,A,IRT_M1,BG,2004,3.11,
ESTAT:IRT_ST_A(1.0),06/03/23 11:00:00,A,IRT_M1,BG,2005,2.71,
ESTAT:IRT_ST_A(1.0),06/03/23 11:00:00,A,IRT_M1,BG,2006,3.09,
ESTAT:IRT_ST_A(1.0),06/03/23 11:00:00,A,IRT_M1,BG,2007,4.61,
ESTAT:IRT_ST_A(1.0),06/03/23 11:00:00,A,IRT_M1,BG,2008,6.71,
ESTAT:IRT_ST_A(1.0),06/03/23 11:00:00,A,IRT_M1,BG,2009,4.50,
ESTAT:IRT_ST_A(1.0),06/03/23 11:00:00,A,IRT_M1,BG,2010,2.41,
ESTAT:IRT_ST_A(1.0),06/03/23 11:00:00,A,IRT_M1,BG,2011,2.08,
ESTAT:IRT_ST_A(1.0),06/03/23 11:00:00,A,IRT_M1,BG,2012,1.15,
ESTAT:IRT_ST_A(1.0),06/03/23 11:00:00,A,IRT_M1,BG,2013,0.52,
ESTAT:IRT_ST_A(1.0),06/03/23 11:00:00,A,IRT_M1,BG,2014,0.42,
ESTAT:IRT_ST_A(1.0),06/03/23 11:00:00,A,IRT_M1,CZ,2000,5.31,
ESTAT:IRT_ST_A(1.0),06/03/23 11:00:00,A,IRT_M1,CZ,2001,5.15,
ESTAT:IRT_ST_A(1.0),06/03/23 11:00:00,A,IRT_M1,CZ,2002,3.58,
ESTAT:IRT_ST_A(1.0),06/03/23 11:00:00,A,IRT_M1,CZ,2003,2.30,
ESTAT:IRT_ST_A(1.0),06/03/23 11:00:00,A,IRT_M1,CZ,2004,2.26,
ESTAT:IRT_ST_A(1.0),06/03/23 11:00:00,A,IRT_M1,CZ,2005,1.97,
ESTAT:IRT_ST_A(1.0),06/03/23 11:00:00,A,IRT_M1,CZ,2006,2.22,
ESTAT:IRT_ST_A(1.0),06/03/23 11:00:00,A,IRT_M1,CZ,2007,2.97,
ESTAT:IRT_ST_A(1.0),06/03/23 11:00:00,A,IRT_M1,CZ,2008,3.81,
ESTAT:IRT_ST_A(1.0),06/03/23 11:00:00,A,IRT_M1,CZ,2009,1.92,
ESTAT:IRT_ST_A(1.0),06/03/23 11:00:00,A,IRT_M1,CZ,2010,1.08,
ESTAT:IRT_ST_A(1.0),06/03/23 11:00:00,A,IRT_M1,CZ,2011,0.97,
ESTAT:IRT_ST_A(1.0),06/03/23 11:00:00,A,IRT_M1,CZ,2012,0.75,
ESTAT:IRT_ST_A(1.0),06/03/23 11:00:00,A,IRT_M1,CZ,2013,0.31,
ESTAT:IRT_ST_A(1.0),06/03/23 11:00:00,A,IRT_M1,CZ,2014,0.27,
ESTAT:IRT_ST_A(1.0),06/03/23 11:00:00,A,IRT_M1,DK,2000,4.74820,
ESTAT:IRT_ST_A(1.0),06/03/23 11:00:00,A,IRT_M1,DK,2001,4.76700,
ESTAT:IRT_ST_A(1.0),06/03/23 11:00:00,A,IRT_M1,DK,2002,3.52480,
ESTAT:IRT_ST_A(1.0),06/03/23 11:00:00,A,IRT_M1,DK,2003,2.45560,
ESTAT:IRT_ST_A(1.0),06/03/23 11:00:00,A,IRT_M1,DK,2004,2.18400,
ESTAT:IRT_ST_A(1.0),06/03/23 11:00:00,A,IRT_M1,DK,2005,2.20220,
ESTAT:IRT_ST_A(1.0),06/03/23 11:00:00,A,IRT_M1,DK,2006,3.08380,
ESTAT:IRT_ST_A(1.0),06/03/23 11:00:00,A,IRT_M1,DK,2007,4.30280,
ESTAT:IRT_ST_A(1.0),06/03/23 11:00:00,A,IRT_M1,DK,2008,4.86020,
ESTAT:IRT_ST_A(1.0),06/03/23 11:00:00,A,IRT_M1,DK,2009,2.13150,
ESTAT:IRT_ST_A(1.0),06/03/23 11:00:00,A,IRT_M1,DK,2010,0.97930,
ESTAT:IRT_ST_A(1.0),06/03/23 11:00:00,A,IRT_M1,DK,2011,1.18730,
ESTAT:IRT_ST_A(1.0),06/03/23 11:00:00,A,IRT_M1,DK,2012,0.34150,
ESTAT:IRT_ST_A(1.0),06/03/23 11:00:00,A,IRT_M1,DK,2013,0.11970,
ESTAT:IRT_ST_A(1.0),06/03/23 11:00:00,A,IRT_M1,DK,2014,0.18110,
ESTAT:IRT_ST_A(1.0),06/03/23 11:00:00,A,IRT_M1,DK,2015,-0.23740,
ESTAT:IRT_ST_A(1.0),06/03/23 11:00:00,A,IRT_M1,DK,2016,-0.24680,
ESTAT:IRT_ST_A(1.0),06/03/23 11:00:00,A,IRT_M1,DK,2017,-0.32820,
ESTAT:IRT_ST_A(1.0),06/03/23 11:00:00,A,IRT_M1,DK,2018,-0.36250,
ESTAT:IRT_ST_A(1.0),06/03/23 11:00:00,A,IRT_M1,DK,2019,-0.44060,
ESTAT:IRT_ST_A(1.0),06/03/23 11:00:00,A,IRT_M1,DK,2020,-0.31680,
ESTAT:IRT_ST_A(1.0),06/03/23 11:00:00,A,IRT_M1,DK,2021,-0.27890,
ESTAT:IRT_ST_A(1.0),06/03/23 11:00:00,A,IRT_M1,DK,2022,0.35090,
ESTAT:IRT_ST_A(1.0),06/03/23 11:00:00,A,IRT_M1,HR,2013,1.04,
ESTAT:IRT_ST_A(1.0),06/03/23 11:00:00,A,IRT_M1,HR,2014,0.73,
ESTAT:IRT_ST_A(1.0),06/03/23 11:00:00,A,IRT_M1,HU,2000,11.44,
ESTAT:IRT_ST_A(1.0),06/03/23 11:00:00,A,IRT_M1,HU,2001,11.09,
ESTAT:IRT_ST_A(1.0),06/03/23 11:00:00,A,IRT_M1,HU,2002,9.12,
ESTAT:IRT_ST_A(1.0),06/03/23 11:00:00,A,IRT_M1,HU,2003,8.42,
ESTAT:IRT_ST_A(1.0),06/03/23 11:00:00,A,IRT_M1,HU,2004,11.48,
ESTAT:IRT_ST_A(1.0),06/03/23 11:00:00,A,IRT_M1,HU,2005,7.38,
ESTAT:IRT_ST_A(1.0),06/03/23 11:00:00,A,IRT_M1,HU,2006,6.96,
ESTAT:IRT_ST_A(1.0),06/03/23 11:00:00,A,IRT_M1,HU,2007,7.86,
ESTAT:IRT_ST_A(1.0),06/03/23 11:00:00,A,IRT_M1,HU,2008,8.97,
ESTAT:IRT_ST_A(1.0),06/03/23 11:00:00,A,IRT_M1,HU,2009,8.90,
ESTAT:IRT_ST_A(1.0),06/03/23 11:00:00,A,IRT_M1,HU,2010,5.26,
ESTAT:IRT_ST_A(1.0),06/03/23 11:00:00,A,IRT_M1,HU,2011,6.31,
ESTAT:IRT_ST_A(1.0),06/03/23 11:00:00,A,IRT_M1,HU,2012,6.69,
ESTAT:IRT_ST_A(1.0),06/03/23 11:00:00,A,IRT_M1,HU,2013,4.27,
ESTAT:IRT_ST_A(1.0),06/03/23 11:00:00,A,IRT_M1,HU,2014,2.47,
ESTAT:IRT_ST_A(1.0),06/03/23 11:00:00,A,IRT_M1,LT,2000,7.53,
ESTAT:IRT_ST_A(1.0),06/03/23 11:00:00,A,IRT_M1,LT,2001,5.27,
ESTAT:IRT_ST_A(1.0),06/03/23 11:00:00,A,IRT_M1,LT,2002,3.25,
ESTAT:IRT_ST_A(1.0),06/03/23 11:00:00,A,IRT_M1,LT,2003,2.56,
ESTAT:IRT_ST_A(1.0),06/03/23 11:00:00,A,IRT_M1,LT,2004,2.20,
ESTAT:IRT_ST_A(1.0),06/03/23 11:00:00,A,IRT_M1,LT,2005,2.26,
ESTAT:IRT_ST_A(1.0),06/03/23 11:00:00,A,IRT_M1,LT,2006,2.99,
ESTAT:IRT_ST_A(1.0),06/03/23 11:00:00,A,IRT_M1,LT,2007,4.90,
ESTAT:IRT_ST_A(1.0),06/03/23 11:00:00,A,IRT_M1,LT,2008,5.26,
ESTAT:IRT_ST_A(1.0),06/03/23 11:00:00,A,IRT_M1,LT,2009,3.70,
ESTAT:IRT_ST_A(1.0),06/03/23 11:00:00,A,IRT_M1,LT,2010,1.00,
ESTAT:IRT_ST_A(1.0),06/03/23 11:00:00,A,IRT_M1,LT,2011,1.36,
ESTAT:IRT_ST_A(1.0),06/03/23 11:00:00,A,IRT_M1,LT,2012,0.71,
ESTAT:IRT_ST_A(1.0),06/03/23 11:00:00,A,IRT_M1,LT,2013,0.32,
ESTAT:IRT_ST_A(1.0),06/03/23 11:00:00,A,IRT_M1,LT,2014,0.23,
ESTAT:IRT_ST_A(1.0),06/03/23 11:00:00,A,IRT_M1,LV,2000,4.65,
ESTAT:IRT_ST_A(1.0),06/03/23 11:00:00,A,IRT_M1,LV,2001,6.58,
ESTAT:IRT_ST_A(1.0),06/03/23 11:00:00,A,IRT_M1,LV,2002,3.93,
ESTAT:IRT_ST_A(1.0),06/03/23 11:00:00,A,IRT_M1,LV,2003,3.54,
ESTAT:IRT_ST_A(1.0),06/03/23 11:00:00,A,IRT_M1,LV,2004,4.07,
ESTAT:IRT_ST_A(1.0),06/03/23 11:00:00,A,IRT_M1,LV,2005,2.95,
ESTAT:IRT_ST_A(1.0),06/03/23 11:00:00,A,IRT_M1,LV,2006,3.89,
ESTAT:IRT_ST_A(1.0),06/03/23 11:00:00,A,IRT_M1,LV,2007,7.21,
ESTAT:IRT_ST_A(1.0),06/03/23 11:00:00,A,IRT_M1,LV,2008,6.32,
ESTAT:IRT_ST_A(1.0),06/03/23 11:00:00,A,IRT_M1,LV,2009,9.19,
ESTAT:IRT_ST_A(1.0),06/03/23 11:00:00,A,IRT_M1,LV,2010,1.22,
ESTAT:IRT_ST_A(1.0),06/03/23 11:00:00,A,IRT_M1,LV,2011,0.60,
ESTAT:IRT_ST_A(1.0),06/03/23 11:00:00,A,IRT_M1,LV,2012,0.56,
ESTAT:IRT_ST_A(1.0),06/03/23 11:00:00,A,IRT_M1,LV,2013,0.21,
ESTAT:IRT_ST_A(1.0),06/03/23 11:00:00,A,IRT_M1,PL,2000,18.49,
ESTAT:IRT_ST_A(1.0),06/03/23 11:00:00,A,IRT_M1,PL,2001,16.49,
ESTAT:IRT_ST_A(1.0),06/03/23 11:00:00,A,IRT_M1,PL,2002,9.22,
ESTAT:IRT_ST_A(1.0),06/03/23 11:00:00,A,IRT_M1,PL,2003,5.74,
ESTAT:IRT_ST_A(1.0),06/03/23 11:00:00,A,IRT_M1,PL,2004,6.03,
ESTAT:IRT_ST_A(1.0),06/03/23 11:00:00,A,IRT_M1,PL,2005,5.36,
ESTAT:IRT_ST_A(1.0),06/03/23 11:00:00,A,IRT_M1,PL,2006,4.17,
ESTAT:IRT_ST_A(1.0),06/03/23 11:00:00,A,IRT_M1,PL,2007,4.64,
ESTAT:IRT_ST_A(1.0),06/03/23 11:00:00,A,IRT_M1,PL,2008,6.11,
ESTAT:IRT_ST_A(1.0),06/03/23 11:00:00,A,IRT_M1,PL,2009,3.88,
ESTAT:IRT_ST_A(1.0),06/03/23 11:00:00,A,IRT_M1,PL,2010,3.61,
ESTAT:IRT_ST_A(1.0),06/03/23 11:00:00,A,IRT_M1,PL,2011,4.37,
ESTAT:IRT_ST_A(1.0),06/03/23 11:00:00,A,IRT_M1,PL,2012,4.77,
ESTAT:IRT_ST_A(1.0),06/03/23 11:00:00,A,IRT_M1,PL,2013,3.02,
ESTAT:IRT_ST_A(1.0),06/03/23 11:00:00,A,IRT_M1,PL,2014,2.50,
ESTAT:IRT_ST_A(1.0),06/03/23 11:00:00,A,IRT_M1,RO,2000,49.70,
ESTAT:IRT_ST_A(1.0),06/03/23 11:00:00,A,IRT_M1,RO,2001,40.53,
ESTAT:IRT_ST_A(1.0),06/03/23 11:00:00,A,IRT_M1,RO,2002,26.95,
ESTAT:IRT_ST_A(1.0),06/03/23 11:00:00,A,IRT_M1,RO,2003,18.20,
ESTAT:IRT_ST_A(1.0),06/03/23 11:00:00,A,IRT_M1,RO,2004,19.18,
ESTAT:IRT_ST_A(1.0),06/03/23 11:00:00,A,IRT_M1,RO,2005,7.96,
ESTAT:IRT_ST_A(1.0),06/03/23 11:00:00,A,IRT_M1,RO,2006,8.11,
ESTAT:IRT_ST_A(1.0),06/03/23 11:00:00,A,IRT_M1,RO,2007,7.25,
ESTAT:IRT_ST_A(1.0),06/03/23 11:00:00,A,IRT_M1,RO,2008,12.23,
ESTAT:IRT_ST_A(1.0),06/03/23 11:00:00,A,IRT_M1,RO,2009,11.32,
ESTAT:IRT_ST_A(1.0),06/03/23 11:00:00,A,IRT_M1,RO,2010,5.68,
ESTAT:IRT_ST_A(1.0),06/03/23 11:00:00,A,IRT_M1,RO,2011,5.02,
ESTAT:IRT_ST_A(1.0),06/03/23 11:00:00,A,IRT_M1,RO,2012,4.98,
ESTAT:IRT_ST_A(1.0),06/03/23 11:00:00,A,IRT_M1,RO,2013,3.75,
ESTAT:IRT_ST_A(1.0),06/03/23 11:00:00,A,IRT_M1,RO,2014,1.85,
ESTAT:IRT_ST_A(1.0),06/03/23 11:00:00,A,IRT_M1,SE,2000,3.89810,
ESTAT:IRT_ST_A(1.0),06/03/23 11:00:00,A,IRT_M1,SE,2001,4.09970,
ESTAT:IRT_ST_A(1.0),06/03/23 11:00:00,A,IRT_M1,SE,2002,4.21240,
ESTAT:IRT_ST_A(1.0),06/03/23 11:00:00,A,IRT_M1,SE,2003,3.27880,
ESTAT:IRT_ST_A(1.0),06/03/23 11:00:00,A,IRT_M1,SE,2004,2.30120,
ESTAT:IRT_ST_A(1.0),06/03/23 11:00:00,A,IRT_M1,SE,2005,1.86070,
ESTAT:IRT_ST_A(1.0),06/03/23 11:00:00,A,IRT_M1,SE,2006,2.43220,
ESTAT:IRT_ST_A(1.0),06/03/23 11:00:00,A,IRT_M1,SE,2007,3.74630,
ESTAT:IRT_ST_A(1.0),06/03/23 11:00:00,A,IRT_M1,SE,2008,4.51860,
ESTAT:IRT_ST_A(1.0),06/03/23 11:00:00,A,IRT_M1,SE,2009,0.78050,
ESTAT:IRT_ST_A(1.0),06/03/23 11:00:00,A,IRT_M1,SE,2010,0.72120,
ESTAT:IRT_ST_A(1.0),06/03/23 11:00:00,A,IRT_M1,SE,2011,2.16590,
ESTAT:IRT_ST_A(1.0),06/03/23 11:00:00,A,IRT_M1,SE,2012,1.81080,
ESTAT:IRT_ST_A(1.0),06/03/23 11:00:00,A,IRT_M1,SE,2013,1.12010,
ESTAT:IRT_ST_A(1.0),06/03/23 11:00:00,A,IRT_M1,SE,2014,0.57880,
ESTAT:IRT_ST_A(1.0),06/03/23 11:00:00,A,IRT_M1,SE,2015,-0.25960,
ESTAT:IRT_ST_A(1.0),06/03/23 11:00:00,A,IRT_M1,SE,2016,-0.58070,
ESTAT:IRT_ST_A(1.0),06/03/23 11:00:00,A,IRT_M1,SE,2017,-0.54320,
ESTAT:IRT_ST_A(1.0),06/03/23 11:00:00,A,IRT_M1,SE,2018,-0.48790,
ESTAT:IRT_ST_A(1.0),06/03/23 11:00:00,A,IRT_M1,SE,2019,-0.15830,
ESTAT:IRT_ST_A(1.0),06/03/23 11:00:00,A,IRT_M1,SE,2020,0.00200,
ESTAT:IRT_ST_A(1.0),06/03/23 11:00:00,A,IRT_M1,SE,2021,-0.06700,
ESTAT:IRT_ST_A(1.0),06/03/23 11:00:00,A,IRT_M1,SE,2022,0.78910,
ESTAT:IRT_ST_A(1.0),06/03/23 11:00:00,A,IRT_M1,UK,2000,6.04700,
ESTAT:IRT_ST_A(1.0),06/03/23 11:00:00,A,IRT_M1,UK,2001,5.07290,
ESTAT:IRT_ST_A(1.0),06/03/23 11:00:00,A,IRT_M1,UK,2002,3.99320,
ESTAT:IRT_ST_A(1.0),06/03/23 11:00:00,A,IRT_M1,UK,2003,3.70640,
ESTAT:IRT_ST_A(1.0),06/03/23 11:00:00,A,IRT_M1,UK,2004,4.51690,
ESTAT:IRT_ST_A(1.0),06/03/23 11:00:00,A,IRT_M1,UK,2005,4.73710,
ESTAT:IRT_ST_A(1.0),06/03/23 11:00:00,A,IRT_M1,UK,2006,4.78730,
ESTAT:IRT_ST_A(1.0),06/03/23 11:00:00,A,IRT_M1,UK,2007,5.85130,
ESTAT:IRT_ST_A(1.0),06/03/23 11:00:00,A,IRT_M1,UK,2008,5.18500,
ESTAT:IRT_ST_A(1.0),06/03/23 11:00:00,A,IRT_M1,UK,2009,0.82630,
ESTAT:IRT_ST_A(1.0),06/03/23 11:00:00,A,IRT_M1,UK,2010,0.55920,
ESTAT:IRT_ST_A(1.0),06/03/23 11:00:00,A,IRT_M1,UK,2011,0.65280,
ESTAT:IRT_ST_A(1.0),06/03/23 11:00:00,A,IRT_M1,UK,2012,0.61610,
ESTAT:IRT_ST_A(1.0),06/03/23 11:00:00,A,IRT_M1,UK,2013,0.49160,
ESTAT:IRT_ST_A(1.0),06/03/23 11:00:00,A,IRT_M1,UK,2014,0.49430,
ESTAT:IRT_ST_A(1.0),06/03/23 11:00:00,A,IRT_M1,UK,2015,0.50640,
ESTAT:IRT_ST_A(1.0),06/03/23 11:00:00,A,IRT_M1,UK,2016,0.40580,
ESTAT:IRT_ST_A(1.0),06/03/23 11:00:00,A,IRT_M1,UK,2017,0.29860,
ESTAT:IRT_ST_A(1.0),06/03/23 11:00:00,A,IRT_M1,UK,2018,0.60340,
ESTAT:IRT_ST_A(1.0),06/03/23 11:00:00,A,IRT_M1,UK,2019,0.72090,
ESTAT:IRT_ST_A(1.0),06/03/23 11:00:00,A,IRT_M1,UK,2020,0.20510,
ESTAT:IRT_ST_A(1.0),06/03/23 11:00:00,A,IRT_M1,UK,2021,0.05880,
ESTAT:IRT_ST_A(1.0),06/03/23 11:00:00,A,IRT_M1,UK,2022,1.61300,
ESTAT:IRT_ST_A(1.0),06/03/23 11:00:00,A,IRT_M12,BG,2000,,z
ESTAT:IRT_ST_A(1.0),06/03/23 11:00:00,A,IRT_M12,BG,2001,,z
ESTAT:IRT_ST_A(1.0),06/03/23 11:00:00,A,IRT_M12,BG,2002,6.25,
ESTAT:IRT_ST_A(1.0),06/03/23 11:00:00,A,IRT_M12,BG,2003,5.07,
ESTAT:IRT_ST_A(1.0),06/03/23 11:00:00,A,IRT_M12,BG,2004,6.58,
ESTAT:IRT_ST_A(1.0),06/03/23 11:00:00,A,IRT_M12,BG,2005,4.23,
ESTAT:IRT_ST_A(1.0),06/03/23 11:00:00,A,IRT_M12,BG,2006,4.42,
ESTAT:IRT_ST_A(1.0),06/03/23 11:00:00,A,IRT_M12,BG,2007,6.32,
ESTAT:IRT_ST_A(1.0),06/03/23 11:00:00,A,IRT_M12,BG,2008,8.32,
ESTAT:IRT_ST_A(1.0),06/03/23 11:00:00,A,IRT_M12,BG,2009,9.46,
ESTAT:IRT_ST_A(1.0),06/03/23 11:00:00,A,IRT_M12,BG,2010,8.40,
ESTAT:IRT_ST_A(1.0),06/03/23 11:00:00,A,IRT_M12,BG,2011,7.26,
ESTAT:IRT_ST_A(1.0),06/03/23 11:00:00,A,IRT_M12,BG,2012,5.17,
ESTAT:IRT_ST_A(1.0),06/03/23 11:00:00,A,IRT_M12,BG,2013,3.15,
ESTAT:IRT_ST_A(1.0),06/03/23 11:00:00,A,IRT_M12,BG,2014,2.53,
ESTAT:IRT_ST_A(1.0),06/03/23 11:00:00,A,IRT_M12,CZ,2000,5.75,
ESTAT:IRT_ST_A(1.0),06/03/23 11:00:00,A,IRT_M12,CZ,2001,5.29,
ESTAT:IRT_ST_A(1.0),06/03/23 11:00:00,A,IRT_M12,CZ,2002,3.61,
ESTAT:IRT_ST_A(1.0),06/03/23 11:00:00,A,IRT_M12,CZ,2003,2.32,
ESTAT:IRT_ST_A(1.0),06/03/23 11:00:00,A,IRT_M12,CZ,2004,2.71,
ESTAT:IRT_ST_A(1.0),06/03/23 11:00:00,A,IRT_M12,CZ,2005,2.13,
ESTAT:IRT_ST_A(1.0),06/03/23 11:00:00,A,IRT_M12,CZ,2006,2.65,
ESTAT:IRT_ST_A(1.0),06/03/23 11:00:00,A,IRT_M12,CZ,2007,3.43,
ESTAT:IRT_ST_A(1.0),06/03/23 11:00:00,A,IRT_M12,CZ,2008,4.20,
ESTAT:IRT_ST_A(1.0),06/03/23 11:00:00,A,IRT_M12,CZ,2009,2.63,
ESTAT:IRT_ST_A(1.0),06/03/23 11:00:00,A,IRT_M12,CZ,2010,1.86,
ESTAT:IRT_ST_A(1.0),06/03/23 11:00:00,A,IRT_M12,CZ,2011,1.77,
ESTAT:IRT_ST_A(1.0),06/03/23 11:00:00,A,IRT_M12,CZ,2012,1.48,
ESTAT:IRT_ST_A(1.0),06/03/23 11:00:00,A,IRT_M12,CZ,2013,0.75,
ESTAT:IRT_ST_A(1.0),06/03/23 11:00:00,A,IRT_M12,CZ,2014,0.53,
ESTAT:IRT_ST_A(1.0),06/03/23 11:00:00,A,IRT_M12,DK,2000,5.46420,
ESTAT:IRT_ST_A(1.0),06/03/23 11:00:00,A,IRT_M12,DK,2001,4.56980,
ESTAT:IRT_ST_A(1.0),06/03/23 11:00:00,A,IRT_M12,DK,2002,3.77280,
ESTAT:IRT_ST_A(1.0),06/03/23 11:00:00,A,IRT_M12,DK,2003,2.45200,
ESTAT:IRT_ST_A(1.0),06/03/23 11:00:00,A,IRT_M12,DK,2004,2.38210,
ESTAT:IRT_ST_A(1.0),06/03/23 11:00:00,A,IRT_M12,DK,2005,2.38210,
ESTAT:IRT_ST_A(1.0),06/03/23 11:00:00,A,IRT_M12,DK,2006,3.56490,
ESTAT:IRT_ST_A(1.0),06/03/23 11:00:00,A,IRT_M12,DK,2007,4.61940,
ESTAT:IRT_ST_A(1.0),06/03/23 11:00:00,A,IRT_M12,DK,2008,5.40360,
ESTAT:IRT_ST_A(1.0),06/03/23 11:00:00,A,IRT_M12,DK,2009,2.66690,
ESTAT:IRT_ST_A(1.0),06/03/23 11:00:00,A,IRT_M12,DK,2010,1.77900,
ESTAT:IRT_ST_A(1.0),06/03/23 11:00:00,A,IRT_M12,DK,2011,1.92950,
ESTAT:IRT_ST_A(1.0),06/03/23 11:00:00,A,IRT_M12,DK,2012,1.16810,
ESTAT:IRT_ST_A(1.0),06/03/23 11:00:00,A,IRT_M12,DK,2013,0.77400,
ESTAT:IRT_ST_A(1.0),06/03/23 11:00:00,A,IRT_M12,DK,2014,0.72330,
ESTAT:IRT_ST_A(1.0),06/03/23 11:00:00,A,IRT_M12,DK,2015,0.30790,
ESTAT:IRT_ST_A(1.0),06/03/23 11:00:00,A,IRT_M12,DK,2016,0.21700,
ESTAT:IRT_ST_A(1.0),06/03/23 11:00:00,A,IRT_M12,DK,2017,0.07690,
ESTAT:IRT_ST_A(1.0),06/03/23 11:00:00,A,IRT_M12,DK,2018,0.02900,
ESTAT:IRT_ST_A(1.0),06/03/23 11:00:00,A,IRT_M12,DK,2019,-0.05980,
ESTAT:IRT_ST_A(1.0),06/03/23 11:00:00,A,IRT_M12,DK,2020,0.08900,
ESTAT:IRT_ST_A(1.0),06/03/23 11:00:00,A,IRT_M12,DK,2021,0.02010,
ESTAT:IRT_ST_A(1.0),06/03/23 11:00:00,A,IRT_M12,DK,2022,1.50800,
ESTAT:IRT_ST_A(1.0),06/03/23 11:00:00,A,IRT_M12,HR,2014,1.80,
ESTAT:IRT_ST_A(1.0),06/03/23 11:00:00,A,IRT_M12,HU,2000,,z
ESTAT:IRT_ST_A(1.0),06/03/23 11:00:00,A,IRT_M12,HU,2001,10.22,
ESTAT:IRT_ST_A(1.0),06/03/23 11:00:00,A,IRT_M12,HU,2002,8.69,
ESTAT:IRT_ST_A(1.0),06/03/23 11:00:00,A,IRT_M12,HU,2003,7.91,
ESTAT:IRT_ST_A(1.0),06/03/23 11:00:00,A,IRT_M12,HU,2004,10.79,
ESTAT:IRT_ST_A(1.0),06/03/23 11:00:00,A,IRT_M12,HU,2005,7.97,
ESTAT:IRT_ST_A(1.0),06/03/23 11:00:00,A,IRT_M12,HU,2006,7.91,
ESTAT:IRT_ST_A(1.0),06/03/23 11:00:00,A,IRT_M12,HU,2007,7.59,
ESTAT:IRT_ST_A(1.0),06/03/23 11:00:00,A,IRT_M12,HU,2008,8.86,
ESTAT:IRT_ST_A(1.0),06/03/23 11:00:00,A,IRT_M12,LT,2000,10.39,
ESTAT:IRT_ST_A(1.0),06/03/23 11:00:00,A,IRT_M12,LT,2001,7.18,
ESTAT:IRT_ST_A(1.0),06/03/23 11:00:00,A,IRT_M12,LT,2002,4.42,
ESTAT:IRT_ST_A(1.0),06/03/23 11:00:00,A,IRT_M12,LT,2003,3.23,
ESTAT:IRT_ST_A(1.0),06/03/23 11:00:00,A,IRT_M12,LT,2004,2.97,
ESTAT:IRT_ST_A(1.0),06/03/23 11:00:00,A,IRT_M12,LT,2005,2.65,
ESTAT:IRT_ST_A(1.0),06/03/23 11:00:00,A,IRT_M12,LT,2006,3.48,
ESTAT:IRT_ST_A(1.0),06/03/23 11:00:00,A,IRT_M12,LT,2007,5.38,
ESTAT:IRT_ST_A(1.0),06/03/23 11:00:00,A,IRT_M12,LT,2008,7.11,
ESTAT:IRT_ST_A(1.0),06/03/23 11:00:00,A,IRT_M12,LT,2009,9.00,
ESTAT:IRT_ST_A(1.0),06/03/23 11:00:00,A,IRT_M12,LT,2010,3.13,
ESTAT:IRT_ST_A(1.0),06/03/23 11:00:00,A,IRT_M12,LT,2011,2.50,
ESTAT:IRT_ST_A(1.0),06/03/23 11:00:00,A,IRT_M12,LT,2012,1.82,
ESTAT:IRT_ST_A(1.0),06/03/23 11:00:00,A,IRT_M12,LT,2013,0.90,
ESTAT:IRT_ST_A(1.0),06/03/23 11:00:00,A,IRT_M12,LT,2014,0.58,
ESTAT:IRT_ST_A(1.0),06/03/23 11:00:00,A,IRT_M12,LV,2000,6.70,
ESTAT:IRT_ST_A(1.0),06/03/23 11:00:00,A,IRT_M12,LV,2001,7.21,
ESTAT:IRT_ST_A(1.0),06/03/23 11:00:00,A,IRT_M12,LV,2002,4.97,
ESTAT:IRT_ST_A(1.0),06/03/23 11:00:00,A,IRT_M12,LV,2003,4.38,
ESTAT:IRT_ST_A(1.0),06/03/23 11:00:00,A,IRT_M12,LV,2004,4.40,
ESTAT:IRT_ST_A(1.0),06/03/23 11:00:00,A,IRT_M12,LV,2005,3.23,
ESTAT:IRT_ST_A(1.0),06/03/23 11:00:00,A,IRT_M12,LV,2006,4.58,
ESTAT:IRT_ST_A(1.0),06/03/23 11:00:00,A,IRT_M12,LV,2007,9.16,
ESTAT:IRT_ST_A(1.0),06/03/23 11:00:00,A,IRT_M12,LV,2008,10.11,
ESTAT:IRT_ST_A(1.0),06/03/23 11:00:00,A,IRT_M12,LV,2009,15.05,
ESTAT:IRT_ST_A(1.0),06/03/23 11:00:00,A,IRT_M12,LV,2010,4.11,
ESTAT:IRT_ST_A(1.0),06/03/23 11:00:00,A,IRT_M12,LV,2011,2.30,
ESTAT:IRT_ST_A(1.0),06/03/23 11:00:00,A,IRT_M12,LV,2012,1.98,
ESTAT:IRT_ST_A(1.0),06/03/23 11:00:00,A,IRT_M12,LV,2013,0.86,
ESTAT:IRT_ST_A(1.0),06/03/23 11:00:00,A,IRT_M12,PL,2000,,z
ESTAT:IRT_ST_A(1.0),06/03/23 11:00:00,A,IRT_M12,PL,2001,15.28,
ESTAT:IRT_ST_A(1.0),06/03/23 11:00:00,A,IRT_M12,PL,2002,8.49,
ESTAT:IRT_ST_A(1.0),06/03/23 11:00:00,A,IRT_M12,PL,2003,5.46,
ESTAT:IRT_ST_A(1.0),06/03/23 11:00:00,A,IRT_M12,PL,2004,6.63,
ESTAT:IRT_ST_A(1.0),06/03/23 11:00:00,A,IRT_M12,PL,2005,5.13,
ESTAT:IRT_ST_A(1.0),06/03/23 11:00:00,A,IRT_M12,PL,2006,4.43,
ESTAT:IRT_ST_A(1.0),06/03/23 11:00:00,A,IRT_M12,PL,2007,5.12,
ESTAT:IRT_ST_A(1.0),06/03/23 11:00:00,A,IRT_M12,PL,2008,6.61,
ESTAT:IRT_ST_A(1.0),06/03/23 11:00:00,A,IRT_M12,PL,2009,4.68,
ESTAT:IRT_ST_A(1.0),06/03/23 11:00:00,A,IRT_M12,PL,2010,4.28,
ESTAT:IRT_ST_A(1.0),06/03/23 11:00:00,A,IRT_M12,PL,2011,4.76,
ESTAT:IRT_ST_A(1.0),06/03/23 11:00:00,A,IRT_M12,PL,2012,4.92,
ESTAT:IRT_ST_A(1.0),06/03/23 11:00:00,A,IRT_M12,PL,2013,3.02,
ESTAT:IRT_ST_A(1.0),06/03/23 11:00:00,A,IRT_M12,PL,2014,2.60,
ESTAT:IRT_ST_A(1.0),06/03/23 11:00:00,A,IRT_M12,RO,2000,49.92,
ESTAT:IRT_ST_A(1.0),06/03/23 11:00:00,A,IRT_M12,RO,2001,42.24,
ESTAT:IRT_ST_A(1.0),06/03/23 11:00:00,A,IRT_M12,RO,2002,27.63,
ESTAT:IRT_ST_A(1.0),06/03/23 11:00:00,A,IRT_M12,RO,2003,16.24,
ESTAT:IRT_ST_A(1.0),06/03/23 11:00:00,A,IRT_M12,RO,2004,17.16,
ESTAT:IRT_ST_A(1.0),06/03/23 11:00:00,A,IRT_M12,RO,2005,7.93,
ESTAT:IRT_ST_A(1.0),06/03/23 11:00:00,A,IRT_M12,RO,2006,7.84,
ESTAT:IRT_ST_A(1.0),06/03/23 11:00:00,A,IRT_M12,RO,2007,7.22,
ESTAT:IRT_ST_A(1.0),06/03/23 11:00:00,A,IRT_M12,RO,2008,12.23,
ESTAT:IRT_ST_A(1.0),06/03/23 11:00:00,A,IRT_M12,RO,2009,11.29,
ESTAT:IRT_ST_A(1.0),06/03/23 11:00:00,A,IRT_M12,RO,2010,6.88,
ESTAT:IRT_ST_A(1.0),06/03/23 11:00:00,A,IRT_M12,RO,2011,6.36,
ESTAT:IRT_ST_A(1.0),06/03/23 11:00:00,A,IRT_M12,RO,2012,5.50,
ESTAT:IRT_ST_A(1.0),06/03/23 11:00:00,A,IRT_M12,RO,2013,4.27,
ESTAT:IRT_ST_A(1.0),06/03/23 11:00:00,A,IRT_M12,RO,2014,2.52,
ESTAT:IRT_ST_A(1.0),06/03/23 11:00:00,A,IRT_M12,SE,2000,4.73,
ESTAT:IRT_ST_A(1.0),06/03/23 11:00:00,A,IRT_M12,SE,2001,4.25,
ESTAT:IRT_ST_A(1.0),06/03/23 11:00:00,A,IRT_M12,SE,2002,4.52,
ESTAT:IRT_ST_A(1.0),06/03/23 11:00:00,A,IRT_M12,SE,2003,3.28,
ESTAT:IRT_ST_A(1.0),06/03/23 11:00:00,A,IRT_M12,SE,2004,2.56,
ESTAT:IRT_ST_A(1.0),06/03/23 11:00:00,A,IRT_M12,SE,2005,2.08,
ESTAT:IRT_ST_A(1.0),06/03/23 11:00:00,A,IRT_M12,SE,2006,3.03,
ESTAT:IRT_ST_A(1.0),06/03/23 11:00:00,A,IRT_M12,SE,2007,4.22,
ESTAT:IRT_ST_A(1.0),06/03/23 11:00:00,A,IRT_M12,SE,2008,4.93,
ESTAT:IRT_ST_A(1.0),06/03/23 11:00:00,A,IRT_M12,SE,2009,1.36,
ESTAT:IRT_ST_A(1.0),06/03/23 11:00:00,A,IRT_M12,SE,2010,1.42,
ESTAT:IRT_ST_A(1.0),06/03/23 11:00:00,A,IRT_M12,SE,2011,2.85,
ESTAT:IRT_ST_A(1.0),06/03/23 11:00:00,A,IRT_M12,SE,2012,2.41,
ESTAT:IRT_ST_A(1.0),06/03/23 11:00:00,A,IRT_M12,SE,2013,1.56,
ESTAT:IRT_ST_A(1.0),06/03/23 11:00:00,A,IRT_M12,UK,2000,6.52460,
ESTAT:IRT_ST_A(1.0),06/03/23 11:00:00,A,IRT_M12,UK,2001,5.08530,
ESTAT:IRT_ST_A(1.0),06/03/23 11:00:00,A,IRT_M12,UK,2002,4.43180,
ESTAT:IRT_ST_A(1.0),06/03/23 11:00:00,A,IRT_M12,UK,2003,3.87990,
ESTAT:IRT_ST_A(1.0),06/03/23 11:00:00,A,IRT_M12,UK,2004,4.95800,
ESTAT:IRT_ST_A(1.0),06/03/23 11:00:00,A,IRT_M12,UK,2005,4.77370,
ESTAT:IRT_ST_A(1.0),06/03/23 11:00:00,A,IRT_M12,UK,2006,5.04790,
ESTAT:IRT_ST_A(1.0),06/03/23 11:00:00,A,IRT_M12,UK,2007,6.07550,
ESTAT:IRT_ST_A(1.0),06/03/23 11:00:00,A,IRT_M12,UK,2008,5.63580,
ESTAT:IRT_ST_A(1.0),06/03/23 11:00:00,A,IRT_M12,UK,2009,1.69530,
ESTAT:IRT_ST_A(1.0),06/03/23 11:00:00,A,IRT_M12,UK,2010,1.40970,
ESTAT:IRT_ST_A(1.0),06/03/23 11:00:00,A,IRT_M12,UK,2011,1.64330,
ESTAT:IRT_ST_A(1.0),06/03/23 11:00:00,A,IRT_M12,UK,2012,1.56090,
ESTAT:IRT_ST_A(1.0),06/03/23 11:00:00,A,IRT_M12,UK,2013,0.90230,
ESTAT:IRT_ST_A(1.0),06/03/23 11:00:00,A,IRT_M12,UK,2014,0.97570,
ESTAT:IRT_ST_A(1.0),06/03/23 11:00:00,A,IRT_M12,UK,2015,1.01660,
ESTAT:IRT_ST_A(1.0),06/03/23 11:00:00,A,IRT_M12,UK,2016,0.89120,
ESTAT:IRT_ST_A(1.0),06/03/23 11:00:00,A,IRT_M12,UK,2017,0.70340,
ESTAT:IRT_ST_A(1.0),06/03/23 11:00:00,A,IRT_M12,UK,2018,0.99650,
ESTAT:IRT_ST_A(1.0),06/03/23 11:00:00,A,IRT_M12,UK,2019,1.00080,
ESTAT:IRT_ST_A(1.0),06/03/23 11:00:00,A,IRT_M12,UK,2020,0.46730,
ESTAT:IRT_ST_A(1.0),06/03/23 11:00:00,A,IRT_M12,UK,2021,0.29390,
ESTAT:IRT_ST_A(1.0),06/03/23 11:00:00,A,IRT_M3,BG,2000,4.63,
ESTAT:IRT_ST_A(1.0),06/03/23 11:00:00,A,IRT_M3,BG,2001,5.06,
ESTAT:IRT_ST_A(1.0),06/03/23 11:00:00,A,IRT_M3,BG,2002,4.91,
ESTAT:IRT_ST_A(1.0),06/03/23 11:00:00,A,IRT_M3,BG,2003,3.68,
ESTAT:IRT_ST_A(1.0),06/03/23 11:00:00,A,IRT_M3,BG,2004,3.74,
ESTAT:IRT_ST_A(1.0),06/03/23 11:00:00,A,IRT_M3,BG,2005,3.62,
ESTAT:IRT_ST_A(1.0),06/03/23 11:00:00,A,IRT_M3,BG,2006,3.69,
ESTAT:IRT_ST_A(1.0),06/03/23 11:00:00,A,IRT_M3,BG,2007,4.90,
ESTAT:IRT_ST_A(1.0),06/03/23 11:00:00,A,IRT_M3,BG,2008,7.14,
ESTAT:IRT_ST_A(1.0),06/03/23 11:00:00,A,IRT_M3,BG,2009,5.72,
ESTAT:IRT_ST_A(1.0),06/03/23 11:00:00,A,IRT_M3,BG,2010,4.12,
ESTAT:IRT_ST_A(1.0),06/03/23 11:00:00,A,IRT_M3,BG,2011,3.76,
ESTAT:IRT_ST_A(1.0),06/03/23 11:00:00,A,IRT_M3,BG,2012,2.25,
ESTAT:IRT_ST_A(1.0),06/03/23 11:00:00,A,IRT_M3,BG,2013,1.14,
ESTAT:IRT_ST_A(1.0),06/03/23 11:00:00,A,IRT_M3,BG,2014,0.79,
ESTAT:IRT_ST_A(1.0),06/03/23 11:00:00,A,IRT_M3,CZ,2000,5.37,
ESTAT:IRT_ST_A(1.0),06/03/23 11:00:00,A,IRT_M3,CZ,2001,5.17,
ESTAT:IRT_ST_A(1.0),06/03/23 11:00:00,A,IRT_M3,CZ,2002,3.54,
ESTAT:IRT_ST_A(1.0),06/03/23 11:00:00,A,IRT_M3,CZ,2003,2.27,
ESTAT:IRT_ST_A(1.0),06/03/23 11:00:00,A,IRT_M3,CZ,2004,2.36,
ESTAT:IRT_ST_A(1.0),06/03/23 11:00:00,A,IRT_M3,CZ,2005,2.01,
ESTAT:IRT_ST_A(1.0),06/03/23 11:00:00,A,IRT_M3,CZ,2006,2.30,
ESTAT:IRT_ST_A(1.0),06/03/23 11:00:00,A,IRT_M3,CZ,2007,3.10,
ESTAT:IRT_ST_A(1.0),06/03/23 11:00:00,A,IRT_M3,CZ,2008,4.04,
ESTAT:IRT_ST_A(1.0),06/03/23 11:00:00,A,IRT_M3,CZ,2009,2.19,
ESTAT:IRT_ST_A(1.0),06/03/23 11:00:00,A,IRT_M3,CZ,2010,1.31,
ESTAT:IRT_ST_A(1.0),06/03/23 11:00:00,A,IRT_M3,CZ,2011,1.19,
ESTAT:IRT_ST_A(1.0),06/03/23 11:00:00,A,IRT_M3,CZ,2012,1.00,
ESTAT:IRT_ST_A(1.0),06/03/23 11:00:00,A,IRT_M3,CZ,2013,0.46,
ESTAT:IRT_ST_A(1.0),06/03/23 11:00:00,A,IRT_M3,CZ,2014,0.36,
ESTAT:IRT_ST_A(1.0),06/03/23 11:00:00,A,IRT_M3,DK,2000,5.00100,
ESTAT:IRT_ST_A(1.0),06/03/23 11:00:00,A,IRT_M3,DK,2001,4.70350,
ESTAT:IRT_ST_A(1.0),06/03/23 11:00:00,A,IRT_M3,DK,2002,3.54380,
ESTAT:IRT_ST_A(1.0),06/03/23 11:00:00,A,IRT_M3,DK,2003,2.42210,
ESTAT:IRT_ST_A(1.0),06/03/23 11:00:00,A,IRT_M3,DK,2004,2.19490,
ESTAT:IRT_ST_A(1.0),06/03/23 11:00:00,A,IRT_M3,DK,2005,2.22470,
ESTAT:IRT_ST_A(1.0),06/03/23 11:00:00,A,IRT_M3,DK,2006,3.18140,
ESTAT:IRT_ST_A(1.0),06/03/23 11:00:00,A,IRT_M3,DK,2007,4.44120,
ESTAT:IRT_ST_A(1.0),06/03/23 11:00:00,A,IRT_M3,DK,2008,5.26110,
ESTAT:IRT_ST_A(1.0),06/03/23 11:00:00,A,IRT_M3,DK,2009,2.48870,
ESTAT:IRT_ST_A(1.0),06/03/23 11:00:00,A,IRT_M3,DK,2010,1.24700,
ESTAT:IRT_ST_A(1.0),06/03/23 11:00:00,A,IRT_M3,DK,2011,1.38510,
ESTAT:IRT_ST_A(1.0),06/03/23 11:00:00,A,IRT_M3,DK,2012,0.61960,
ESTAT:IRT_ST_A(1.0),06/03/23 11:00:00,A,IRT_M3,DK,2013,0.27120,
ESTAT:IRT_ST_A(1.0),06/03/23 11:00:00,A,IRT_M3,DK,2014,0.31470,
ESTAT:IRT_ST_A(1.0),06/03/23 11:00:00,A,IRT_M3,DK,2015,-0.12080,
ESTAT:IRT_ST_A(1.0),06/03/23 11:00:00,A,IRT_M3,DK,2016,-0.14640,
ESTAT:IRT_ST_A(1.0),06/03/23 11:00:00,A,IRT_M3,DK,2017,-0.26400,
ESTAT:IRT_ST_A(1.0),06/03/23 11:00:00,A,IRT_M3,DK,2018,-0.29950,
ESTAT:IRT_ST_A(1.0),06/03/23 11:00:00,A,IRT_M3,DK,2019,-0.37310,
ESTAT:IRT_ST_A(1.0),06/03/23 11:00:00,A,IRT_M3,DK,2020,-0.24310,
ESTAT:IRT_ST_A(1.0),06/03/23 11:00:00,A,IRT_M3,DK,2021,-0.23010,
ESTAT:IRT_ST_A(1.0),06/03/23 11:00:00,A,IRT_M3,DK,2022,0.64120,
ESTAT:IRT_ST_A(1.0),06/03/23 11:00:00,A,IRT_M3,HR,2001,6.17,
ESTAT:IRT_ST_A(1.0),06/03/23 11:00:00,A,IRT_M3,HR,2002,2.66,
ESTAT:IRT_ST_A(1.0),06/03/23 11:00:00,A,IRT_M3,HR,2003,3.42,
ESTAT:IRT_ST_A(1.0),06/03/23 11:00:00,A,IRT_M3,HR,2004,7.31,
ESTAT:IRT_ST_A(1.0),06/03/23 11:00:00,A,IRT_M3,HR,2005,6.22,
ESTAT:IRT_ST_A(1.0),06/03/23 11:00:00,A,IRT_M3,HR,2006,4.49,
ESTAT:IRT_ST_A(1.0),06/03/23 11:00:00,A,IRT_M3,HR,2007,5.67,
ESTAT:IRT_ST_A(1.0),06/03/23 11:00:00,A,IRT_M3,HR,2008,4.66,
ESTAT:IRT_ST_A(1.0),06/03/23 11:00:00,A,IRT_M3,HR,2009,7.86,
ESTAT:IRT_ST_A(1.0),06/03/23 11:00:00,A,IRT_M3,HR,2010,2.25,
ESTAT:IRT_ST_A(1.0),06/03/23 11:00:00,A,IRT_M3,HR,2011,2.88,
ESTAT:IRT_ST_A(1.0),06/03/23 11:00:00,A,IRT_M3,HR,2012,2.74,
ESTAT:IRT_ST_A(1.0),06/03/23 11:00:00,A,IRT_M3,HR,2013,1.29,
ESTAT:IRT_ST_A(1.0),06/03/23 11:00:00,A,IRT_M3,HR,2014,0.96,
ESTAT:IRT_ST_A(1.0),06/03/23 11:00:00,A,IRT_M3,HU,2000,11.39,
ESTAT:IRT_ST_A(1.0),06/03/23 11:00:00,A,IRT_M3,HU,2001,10.87,
ESTAT:IRT_ST_A(1.0),06/03/23 11:00:00,A,IRT_M3,HU,2002,9.21,
ESTAT:IRT_ST_A(1.0),06/03/23 11:00:00,A,IRT_M3,HU,2003,8.51,
ESTAT:IRT_ST_A(1.0),06/03/23 11:00:00,A,IRT_M3,HU,2004,11.53,
ESTAT:IRT_ST_A(1.0),06/03/23 11:00:00,A,IRT_M3,HU,2005,6.70,
ESTAT:IRT_ST_A(1.0),06/03/23 11:00:00,A,IRT_M3,HU,2006,7.23,
ESTAT:IRT_ST_A(1.0),06/03/23 11:00:00,A,IRT_M3,HU,2007,7.86,
ESTAT:IRT_ST_A(1.0),06/03/23 11:00:00,A,IRT_M3,HU,2008,8.79,
ESTAT:IRT_ST_A(1.0),06/03/23 11:00:00,A,IRT_M3,HU,2009,9.14,
ESTAT:IRT_ST_A(1.0),06/03/23 11:00:00,A,IRT_M3,HU,2010,6.18,
ESTAT:IRT_ST_A(1.0),06/03/23 11:00:00,A,IRT_M3,HU,2011,6.57,
ESTAT:IRT_ST_A(1.0),06/03/23 11:00:00,A,IRT_M3,HU,2012,8.05,
ESTAT:IRT_ST_A(1.0),06/03/23 11:00:00,A,IRT_M3,HU,2013,4.18,
ESTAT:IRT_ST_A(1.0),06/03/23 11:00:00,A,IRT_M3,HU,2014,2.51,
ESTAT:IRT_ST_A(1.0),06/03/23 11:00:00,A,IRT_M3,JP,2000,0.28340,
ESTAT:IRT_ST_A(1.0),06/03/23 11:00:00,A,IRT_M3,JP,2001,0.15050,
ESTAT:IRT_ST_A(1.0),06/03/23 11:00:00,A,IRT_M3,JP,2002,0.07650,
ESTAT:IRT_ST_A(1.0),06/03/23 11:00:00,A,IRT_M3,JP,2003,0.05680,
ESTAT:IRT_ST_A(1.0),06/03/23 11:00:00,A,IRT_M3,JP,2004,0.05160,
ESTAT:IRT_ST_A(1.0),06/03/23 11:00:00,A,IRT_M3,JP,2005,0.05700,
ESTAT:IRT_ST_A(1.0),06/03/23 11:00:00,A,IRT_M3,JP,2006,0.29890,
ESTAT:IRT_ST_A(1.0),06/03/23 11:00:00,A,IRT_M3,JP,2007,0.79030,
ESTAT:IRT_ST_A(1.0),06/03/23 11:00:00,A,IRT_M3,JP,2008,0.92520,
ESTAT:IRT_ST_A(1.0),06/03/23 11:00:00,A,IRT_M3,JP,2009,0.47330,
ESTAT:IRT_ST_A(1.0),06/03/23 11:00:00,A,IRT_M3,JP,2010,0.23090,
ESTAT:IRT_ST_A(1.0),06/03/23 11:00:00,A,IRT_M3,JP,2011,0.19440,
ESTAT:IRT_ST_A(1.0),06/03/23 11:00:00,A,IRT_M3,JP,2012,0.19310,
ESTAT:IRT_ST_A(1.0),06/03/23 11:00:00,A,IRT_M3,JP,2013,0.15480,
ESTAT:IRT_ST_A(1.0),06/03/23 11:00:00,A,IRT_M3,JP,2014,0.12800,
ESTAT:IRT_ST_A(1.0),06/03/23 11:00:00,A,IRT_M3,JP,2015,0.09190,
ESTAT:IRT_ST_A(1.0),06/03/23 11:00:00,A,IRT_M3,JP,2016,-0.01610,
ESTAT:IRT_ST_A(1.0),06/03/23 11:00:00,A,IRT_M3,JP,2017,-0.01650,
ESTAT:IRT_ST_A(1.0),06/03/23 11:00:00,A,IRT_M3,JP,2018,-0.05370,
ESTAT:IRT_ST_A(1.0),06/03/23 11:00:00,A,IRT_M3,JP,2019,-0.08170,
ESTAT:IRT_ST_A(1.0),06/03/23 11:00:00,A,IRT_M3,JP,2020,-0.06630,
ESTAT:IRT_ST_A(1.0),06/03/23 11:00:00,A,IRT_M3,JP,2021,-0.08370,
ESTAT:IRT_ST_A(1.0),06/03/23 11:00:00,A,IRT_M3,JP,2022,-0.02240,
ESTAT:IRT_ST_A(1.0),06/03/23 11:00:00,A,IRT_M3,PL,2000,18.77,
ESTAT:IRT_ST_A(1.0),06/03/23 11:00:00,A,IRT_M3,PL,2001,16.07,
ESTAT:IRT_ST_A(1.0),06/03/23 11:00:00,A,IRT_M3,PL,2002,8.98,
ESTAT:IRT_ST_A(1.0),06/03/23 11:00:00,A,IRT_M3,PL,2003,5.68,
ESTAT:IRT_ST_A(1.0),06/03/23 11:00:00,A,IRT_M3,PL,2004,6.20,
ESTAT:IRT_ST_A(1.0),06/03/23 11:00:00,A,IRT_M3,PL,2005,5.28,
ESTAT:IRT_ST_A(1.0),06/03/23 11:00:00,A,IRT_M3,PL,2006,4.21,
ESTAT:IRT_ST_A(1.0),06/03/23 11:00:00,A,IRT_M3,PL,2007,4.74,
ESTAT:IRT_ST_A(1.0),06/03/23 11:00:00,A,IRT_M3,PL,2008,6.36,
ESTAT:IRT_ST_A(1.0),06/03/23 11:00:00,A,IRT_M3,PL,2009,4.42,
ESTAT:IRT_ST_A(1.0),06/03/23 11:00:00,A,IRT_M3,PL,2010,3.92,
ESTAT:IRT_ST_A(1.0),06/03/23 11:00:00,A,IRT_M3,PL,2011,4.54,
ESTAT:IRT_ST_A(1.0),06/03/23 11:00:00,A,IRT_M3,PL,2012,4.91,
ESTAT:IRT_ST_A(1.0),06/03/23 11:00:00,A,IRT_M3,PL,2013,3.01,
ESTAT:IRT_ST_A(1.0),06/03/23 11:00:00,A,IRT_M3,PL,2014,2.56,
ESTAT:IRT_ST_A(1.0),06/03/23 11:00:00,A,IRT_M3,RO,2000,50.71,
ESTAT:IRT_ST_A(1.0),06/03/23 11:00:00,A,IRT_M3,RO,2001,41.28,
ESTAT:IRT_ST_A(1.0),06/03/23 11:00:00,A,IRT_M3,RO,2002,27.31,
ESTAT:IRT_ST_A(1.0),06/03/23 11:00:00,A,IRT_M3,RO,2003,17.73,
ESTAT:IRT_ST_A(1.0),06/03/23 11:00:00,A,IRT_M3,RO,2004,19.14,
ESTAT:IRT_ST_A(1.0),06/03/23 11:00:00,A,IRT_M3,RO,2005,8.35,
ESTAT:IRT_ST_A(1.0),06/03/23 11:00:00,A,IRT_M3,RO,2006,8.09,
ESTAT:IRT_ST_A(1.0),06/03/23 11:00:00,A,IRT_M3,RO,2007,7.24,
ESTAT:IRT_ST_A(1.0),06/03/23 11:00:00,A,IRT_M3,RO,2008,12.26,
ESTAT:IRT_ST_A(1.0),06/03/23 11:00:00,A,IRT_M3,RO,2009,11.34,
ESTAT:IRT_ST_A(1.0),06/03/23 11:00:00,A,IRT_M3,RO,2010,6.51,
ESTAT:IRT_ST_A(1.0),06/03/23 11:00:00,A,IRT_M3,RO,2011,5.57,
ESTAT:IRT_ST_A(1.0),06/03/23 11:00:00,A,IRT_M3,RO,2012,5.10,
ESTAT:IRT_ST_A(1.0),06/03/23 11:00:00,A,IRT_M3,RO,2013,3.97,
ESTAT:IRT_ST_A(1.0),06/03/23 11:00:00,A,IRT_M3,RO,2014,2.27,
ESTAT:IRT_ST_A(1.0),06/03/23 11:00:00,A,IRT_M3,SE,2000,4.06290,
ESTAT:IRT_ST_A(1.0),06/03/23 11:00:00,A,IRT_M3,SE,2001,4.12480,
ESTAT:IRT_ST_A(1.0),06/03/23 11:00:00,A,IRT_M3,SE,2002,4.26760,
ESTAT:IRT_ST_A(1.0),06/03/23 11:00:00,A,IRT_M3,SE,2003,3.24360,
ESTAT:IRT_ST_A(1.0),06/03/23 11:00:00,A,IRT_M3,SE,2004,2.30540,
ESTAT:IRT_ST_A(1.0),06/03/23 11:00:00,A,IRT_M3,SE,2005,1.88770,
ESTAT:IRT_ST_A(1.0),06/03/23 11:00:00,A,IRT_M3,SE,2006,2.56370,
ESTAT:IRT_ST_A(1.0),06/03/23 11:00:00,A,IRT_M3,SE,2007,3.87580,
ESTAT:IRT_ST_A(1.0),06/03/23 11:00:00,A,IRT_M3,SE,2008,4.76910,
ESTAT:IRT_ST_A(1.0),06/03/23 11:00:00,A,IRT_M3,SE,2009,0.91690,
ESTAT:IRT_ST_A(1.0),06/03/23 11:00:00,A,IRT_M3,SE,2010,0.93410,
ESTAT:IRT_ST_A(1.0),06/03/23 11:00:00,A,IRT_M3,SE,2011,2.45520,
ESTAT:IRT_ST_A(1.0),06/03/23 11:00:00,A,IRT_M3,SE,2012,2.00230,
ESTAT:IRT_ST_A(1.0),06/03/23 11:00:00,A,IRT_M3,SE,2013,1.19400,
ESTAT:IRT_ST_A(1.0),06/03/23 11:00:00,A,IRT_M3,SE,2014,0.65790,
ESTAT:IRT_ST_A(1.0),06/03/23 11:00:00,A,IRT_M3,SE,2015,-0.20160,
ESTAT:IRT_ST_A(1.0),06/03/23 11:00:00,A,IRT_M3,SE,2016,-0.49240,
ESTAT:IRT_ST_A(1.0),06/03/23 11:00:00,A,IRT_M3,SE,2017,-0.50210,
ESTAT:IRT_ST_A(1.0),06/03/23 11:00:00,A,IRT_M3,SE,2018,-0.39510,
ESTAT:IRT_ST_A(1.0),06/03/23 11:00:00,A,IRT_M3,SE,2019,-0.02930,
ESTAT:IRT_ST_A(1.0),06/03/23 11:00:00,A,IRT_M3,SE,2020,0.07760,
ESTAT:IRT_ST_A(1.0),06/03/23 11:00:00,A,IRT_M3,SE,2021,-0.04310,
ESTAT:IRT_ST_A(1.0),06/03/23 11:00:00,A,IRT_M3,SE,2022,1.03480,
ESTAT:IRT_ST_A(1.0),06/03/23 11:00:00,A,IRT_M3,TR,2000,36.83,
ESTAT:IRT_ST_A(1.0),06/03/23 11:00:00,A,IRT_M3,TR,2001,83.35,
ESTAT:IRT_ST_A(1.0),06/03/23 11:00:00,A,IRT_M3,TR,2002,60.47,
ESTAT:IRT_ST_A(1.0),06/03/23 11:00:00,A,IRT_M3,TR,2003,37.78,
ESTAT:IRT_ST_A(1.0),06/03/23 11:00:00,A,IRT_M3,TR,2004,23.84,
ESTAT:IRT_ST_A(1.0),06/03/23 11:00:00,A,IRT_M3,TR,2005,15.68,
ESTAT:IRT_ST_A(1.0),06/03/23 11:00:00,A,IRT_M3,TR,2006,18.69,
ESTAT:IRT_ST_A(1.0),06/03/23 11:00:00,A,IRT_M3,TR,2007,17.77,
ESTAT:IRT_ST_A(1.0),06/03/23 11:00:00,A,IRT_M3,TR,2008,16.99,
ESTAT:IRT_ST_A(1.0),06/03/23 11:00:00,A,IRT_M3,UK,2000,6.18810,
ESTAT:IRT_ST_A(1.0),06/03/23 11:00:00,A,IRT_M3,UK,2001,5.04330,
ESTAT:IRT_ST_A(1.0),06/03/23 11:00:00,A,IRT_M3,UK,2002,4.05970,
ESTAT:IRT_ST_A(1.0),06/03/23 11:00:00,A,IRT_M3,UK,2003,3.73600,
ESTAT:IRT_ST_A(1.0),06/03/23 11:00:00,A,IRT_M3,UK,2004,4.64040,
ESTAT:IRT_ST_A(1.0),06/03/23 11:00:00,A,IRT_M3,UK,2005,4.75930,
ESTAT:IRT_ST_A(1.0),06/03/23 11:00:00,A,IRT_M3,UK,2006,4.84980,
ESTAT:IRT_ST_A(1.0),06/03/23 11:00:00,A,IRT_M3,UK,2007,6.00080,
ESTAT:IRT_ST_A(1.0),06/03/23 11:00:00,A,IRT_M3,UK,2008,5.51020,
ESTAT:IRT_ST_A(1.0),06/03/23 11:00:00,A,IRT_M3,UK,2009,1.20720,
ESTAT:IRT_ST_A(1.0),06/03/23 11:00:00,A,IRT_M3,UK,2010,0.70040,
ESTAT:IRT_ST_A(1.0),06/03/23 11:00:00,A,IRT_M3,UK,2011,0.87590,
ESTAT:IRT_ST_A(1.0),06/03/23 11:00:00,A,IRT_M3,UK,2012,0.82680,
ESTAT:IRT_ST_A(1.0),06/03/23 11:00:00,A,IRT_M3,UK,2013,0.51260,
ESTAT:IRT_ST_A(1.0),06/03/23 11:00:00,A,IRT_M3,UK,2014,0.54320,
ESTAT:IRT_ST_A(1.0),06/03/23 11:00:00,A,IRT_M3,UK,2015,0.57420,
ESTAT:IRT_ST_A(1.0),06/03/23 11:00:00,A,IRT_M3,UK,2016,0.49800,
ESTAT:IRT_ST_A(1.0),06/03/23 11:00:00,A,IRT_M3,UK,2017,0.35800,
ESTAT:IRT_ST_A(1.0),06/03/23 11:00:00,A,IRT_M3,UK,2018,0.72240,
ESTAT:IRT_ST_A(1.0),06/03/23 11:00:00,A,IRT_M3,UK,2019,0.81000,
ESTAT:IRT_ST_A(1.0),06/03/23 11:00:00,A,IRT_M3,UK,2020,0.29030,
ESTAT:IRT_ST_A(1.0),06/03/23 11:00:00,A,IRT_M3,UK,2021,0.09010,
ESTAT:IRT_ST_A(1.0),06/03/23 11:00:00,A,IRT_M3,UK,2022,2.01920,
ESTAT:IRT_ST_A(1.0),06/03/23 11:00:00,A,IRT_M3,US,2000,6.53590,
ESTAT:IRT_ST_A(1.0),06/03/23 11:00:00,A,IRT_M3,US,2001,3.77700,
ESTAT:IRT_ST_A(1.0),06/03/23 11:00:00,A,IRT_M3,US,2002,1.79230,
ESTAT:IRT_ST_A(1.0),06/03/23 11:00:00,A,IRT_M3,US,2003,1.21490,
ESTAT:IRT_ST_A(1.0),06/03/23 11:00:00,A,IRT_M3,US,2004,1.62430,
ESTAT:IRT_ST_A(1.0),06/03/23 11:00:00,A,IRT_M3,US,2005,3.56650,
ESTAT:IRT_ST_A(1.0),06/03/23 11:00:00,A,IRT_M3,US,2006,5.19680,
ESTAT:IRT_ST_A(1.0),06/03/23 11:00:00,A,IRT_M3,US,2007,5.29700,
ESTAT:IRT_ST_A(1.0),06/03/23 11:00:00,A,IRT_M3,US,2008,2.92780,
ESTAT:IRT_ST_A(1.0),06/03/23 11:00:00,A,IRT_M3,US,2009,0.68570,
ESTAT:IRT_ST_A(1.0),06/03/23 11:00:00,A,IRT_M3,US,2010,0.34360,
ESTAT:IRT_ST_A(1.0),06/03/23 11:00:00,A,IRT_M3,US,2011,0.33720,
ESTAT:IRT_ST_A(1.0),06/03/23 11:00:00,A,IRT_M3,US,2012,0.43010,
ESTAT:IRT_ST_A(1.0),06/03/23 11:00:00,A,IRT_M3,US,2013,0.26720,
ESTAT:IRT_ST_A(1.0),06/03/23 11:00:00,A,IRT_M3,US,2014,0.23370,
ESTAT:IRT_ST_A(1.0),06/03/23 11:00:00,A,IRT_M3,US,2015,0.31580,
ESTAT:IRT_ST_A(1.0),06/03/23 11:00:00,A,IRT_M3,US,2016,0.74440,
ESTAT:IRT_ST_A(1.0),06/03/23 11:00:00,A,IRT_M3,US,2017,1.26250,
ESTAT:IRT_ST_A(1.0),06/03/23 11:00:00,A,IRT_M3,US,2018,2.30700,
ESTAT:IRT_ST_A(1.0),06/03/23 11:00:00,A,IRT_M3,US,2019,2.32670,
ESTAT:IRT_ST_A(1.0),06/03/23 11:00:00,A,IRT_M3,US,2020,0.64390,
ESTAT:IRT_ST_A(1.0),06/03/23 11:00:00,A,IRT_M3,US,2021,0.16200,
ESTAT:IRT_ST_A(1.0),06/03/23 11:00:00,A,IRT_M3,US,2022,2.40020,
ESTAT:IRT_ST_A(1.0),06/03/23 11:00:00,A,IRT_M6,BG,2000,5.85,
ESTAT:IRT_ST_A(1.0),06/03/23 11:00:00,A,IRT_M6,BG,2001,5.70,
ESTAT:IRT_ST_A(1.0),06/03/23 11:00:00,A,IRT_M6,BG,2002,5.28,
ESTAT:IRT_ST_A(1.0),06/03/23 11:00:00,A,IRT_M6,BG,2003,4.34,
ESTAT:IRT_ST_A(1.0),06/03/23 11:00:00,A,IRT_M6,BG,2004,3.92,
ESTAT:IRT_ST_A(1.0),06/03/23 11:00:00,A,IRT_M6,BG,2005,2.85,
ESTAT:IRT_ST_A(1.0),06/03/23 11:00:00,A,IRT_M6,BG,2006,3.70,
ESTAT:IRT_ST_A(1.0),06/03/23 11:00:00,A,IRT_M6,BG,2007,6.70,
ESTAT:IRT_ST_A(1.0),06/03/23 11:00:00,A,IRT_M6,BG,2008,7.45,
ESTAT:IRT_ST_A(1.0),06/03/23 11:00:00,A,IRT_M6,BG,2009,7.02,
ESTAT:IRT_ST_A(1.0),06/03/23 11:00:00,A,IRT_M6,BG,2010,5.54,
ESTAT:IRT_ST_A(1.0),06/03/23 11:00:00,A,IRT_M6,BG,2011,5.03,
ESTAT:IRT_ST_A(1.0),06/03/23 11:00:00,A,IRT_M6,BG,2012,3.27,
ESTAT:IRT_ST_A(1.0),06/03/23 11:00:00,A,IRT_M6,BG,2013,1.81,
ESTAT:IRT_ST_A(1.0),06/03/23 11:00:00,A,IRT_M6,BG,2014,1.38,
ESTAT:IRT_ST_A(1.0),06/03/23 11:00:00,A,IRT_M6,CZ,2000,5.48,
ESTAT:IRT_ST_A(1.0),06/03/23 11:00:00,A,IRT_M6,CZ,2001,5.20,
ESTAT:IRT_ST_A(1.0),06/03/23 11:00:00,A,IRT_M6,CZ,2002,3.55,
ESTAT:IRT_ST_A(1.0),06/03/23 11:00:00,A,IRT_M6,CZ,2003,2.28,
ESTAT:IRT_ST_A(1.0),06/03/23 11:00:00,A,IRT_M6,CZ,2004,2.48,
ESTAT:IRT_ST_A(1.0),06/03/23 11:00:00,A,IRT_M6,CZ,2005,2.05,
ESTAT:IRT_ST_A(1.0),06/03/23 11:00:00,A,IRT_M6,CZ,2006,2.42,
ESTAT:IRT_ST_A(1.0),06/03/23 11:00:00,A,IRT_M6,CZ,2007,3.22,
ESTAT:IRT_ST_A(1.0),06/03/23 11:00:00,A,IRT_M6,CZ,2008,4.12,
ESTAT:IRT_ST_A(1.0),06/03/23 11:00:00,A,IRT_M6,CZ,2009,2.39,
ESTAT:IRT_ST_A(1.0),06/03/23 11:00:00,A,IRT_M6,CZ,2010,1.60,
ESTAT:IRT_ST_A(1.0),06/03/23 11:00:00,A,IRT_M6,CZ,2011,1.53,
ESTAT:IRT_ST_A(1.0),06/03/23 11:00:00,A,IRT_M6,CZ,2012,1.24,
ESTAT:IRT_ST_A(1.0),06/03/23 11:00:00,A,IRT_M6,CZ,2013,0.58,
ESTAT:IRT_ST_A(1.0),06/03/23 11:00:00,A,IRT_M6,CZ,2014,0.43,
ESTAT:IRT_ST_A(1.0),06/03/23 11:00:00,A,IRT_M6,DK,2000,5.28140,
ESTAT:IRT_ST_A(1.0),06/03/23 11:00:00,A,IRT_M6,DK,2001,4.61110,
ESTAT:IRT_ST_A(1.0),06/03/23 11:00:00,A,IRT_M6,DK,2002,3.60000,
ESTAT:IRT_ST_A(1.0),06/03/23 11:00:00,A,IRT_M6,DK,2003,2.39930,
ESTAT:IRT_ST_A(1.0),06/03/23 11:00:00,A,IRT_M6,DK,2004,2.24310,
ESTAT:IRT_ST_A(1.0),06/03/23 11:00:00,A,IRT_M6,DK,2005,2.27670,
ESTAT:IRT_ST_A(1.0),06/03/23 11:00:00,A,IRT_M6,DK,2006,3.35080,
ESTAT:IRT_ST_A(1.0),06/03/23 11:00:00,A,IRT_M6,DK,2007,4.51470,
ESTAT:IRT_ST_A(1.0),06/03/23 11:00:00,A,IRT_M6,DK,2008,5.32100,
ESTAT:IRT_ST_A(1.0),06/03/23 11:00:00,A,IRT_M6,DK,2009,2.61160,
ESTAT:IRT_ST_A(1.0),06/03/23 11:00:00,A,IRT_M6,DK,2010,1.54380,
ESTAT:IRT_ST_A(1.0),06/03/23 11:00:00,A,IRT_M6,DK,2011,1.63030,
ESTAT:IRT_ST_A(1.0),06/03/23 11:00:00,A,IRT_M6,DK,2012,0.86380,
ESTAT:IRT_ST_A(1.0),06/03/23 11:00:00,A,IRT_M6,DK,2013,0.50640,
ESTAT:IRT_ST_A(1.0),06/03/23 11:00:00,A,IRT_M6,DK,2014,0.49440,
ESTAT:IRT_ST_A(1.0),06/03/23 11:00:00,A,IRT_M6,DK,2015,0.06840,
ESTAT:IRT_ST_A(1.0),06/03/23 11:00:00,A,IRT_M6,DK,2016,0.01180,
ESTAT:IRT_ST_A(1.0),06/03/23 11:00:00,A,IRT_M6,DK,2017,-0.11380,
ESTAT:IRT_ST_A(1.0),06/03/23 11:00:00,A,IRT_M6,DK,2018,-0.14510,
ESTAT:IRT_ST_A(1.0),06/03/23 11:00:00,A,IRT_M6,DK,2019,-0.22390,
ESTAT:IRT_ST_A(1.0),06/03/23 11:00:00,A,IRT_M6,DK,2020,-0.10950,
ESTAT:IRT_ST_A(1.0),06/03/23 11:00:00,A,IRT_M6,DK,2021,-0.13410,
ESTAT:IRT_ST_A(1.0),06/03/23 11:00:00,A,IRT_M6,DK,2022,1.01130,
ESTAT:IRT_ST_A(1.0),06/03/23 11:00:00,A,IRT_M6,HR,2014,1.32,
ESTAT:IRT_ST_A(1.0),06/03/23 11:00:00,A,IRT_M6,HU,2000,11.15,
ESTAT:IRT_ST_A(1.0),06/03/23 11:00:00,A,IRT_M6,HU,2001,10.63,
ESTAT:IRT_ST_A(1.0),06/03/23 11:00:00,A,IRT_M6,HU,2002,9.28,
ESTAT:IRT_ST_A(1.0),06/03/23 11:00:00,A,IRT_M6,HU,2003,8.24,
ESTAT:IRT_ST_A(1.0),06/03/23 11:00:00,A,IRT_M6,HU,2004,12.01,
ESTAT:IRT_ST_A(1.0),06/03/23 11:00:00,A,IRT_M6,HU,2005,7.68,
ESTAT:IRT_ST_A(1.0),06/03/23 11:00:00,A,IRT_M6,HU,2006,6.63,
ESTAT:IRT_ST_A(1.0),06/03/23 11:00:00,A,IRT_M6,HU,2007,,z
ESTAT:IRT_ST_A(1.0),06/03/23 11:00:00,A,IRT_M6,HU,2008,9.05,
ESTAT:IRT_ST_A(1.0),06/03/23 11:00:00,A,IRT_M6,HU,2009,,z
ESTAT:IRT_ST_A(1.0),06/03/23 11:00:00,A,IRT_M6,HU,2010,,z
ESTAT:IRT_ST_A(1.0),06/03/23 11:00:00,A,IRT_M6,HU,2011,6.38,
ESTAT:IRT_ST_A(1.0),06/03/23 11:00:00,A,IRT_M6,HU,2012,7.84,
ESTAT:IRT_ST_A(1.0),06/03/23 11:00:00,A,IRT_M6,HU,2013,4.61,
ESTAT:IRT_ST_A(1.0),06/03/23 11:00:00,A,IRT_M6,HU,2014,3.04,
ESTAT:IRT_ST_A(1.0),06/03/23 11:00:00,A,IRT_M6,LT,2000,9.71,
ESTAT:IRT_ST_A(1.0),06/03/23 11:00:00,A,IRT_M6,LT,2001,6.33,
ESTAT:IRT_ST_A(1.0),06/03/23 11:00:00,A,IRT_M6,LT,2002,4.04,
ESTAT:IRT_ST_A(1.0),06/03/23 11:00:00,A,IRT_M6,LT,2003,3.02,
ESTAT:IRT_ST_A(1.0),06/03/23 11:00:00,A,IRT_M6,LT,2004,2.79,
ESTAT:IRT_ST_A(1.0),06/03/23 11:00:00,A,IRT_M6,LT,2005,2.52,
ESTAT:IRT_ST_A(1.0),06/03/23 11:00:00,A,IRT_M6,LT,2006,3.27,
ESTAT:IRT_ST_A(1.0),06/03/23 11:00:00,A,IRT_M6,LT,2007,5.22,
ESTAT:IRT_ST_A(1.0),06/03/23 11:00:00,A,IRT_M6,LT,2008,6.53,
ESTAT:IRT_ST_A(1.0),06/03/23 11:00:00,A,IRT_M6,LT,2009,8.24,
ESTAT:IRT_ST_A(1.0),06/03/23 11:00:00,A,IRT_M6,LT,2010,2.42,
ESTAT:IRT_ST_A(1.0),06/03/23 11:00:00,A,IRT_M6,LT,2011,1.97,
ESTAT:IRT_ST_A(1.0),06/03/23 11:00:00,A,IRT_M6,LT,2012,1.44,
ESTAT:IRT_ST_A(1.0),06/03/23 11:00:00,A,IRT_M6,LT,2013,0.66,
ESTAT:IRT_ST_A(1.0),06/03/23 11:00:00,A,IRT_M6,LT,2014,0.41,
ESTAT:IRT_ST_A(1.0),06/03/23 11:00:00,A,IRT_M6,LV,2000,6.20,
ESTAT:IRT_ST_A(1.0),06/03/23 11:00:00,A,IRT_M6,LV,2001,7.01,
ESTAT:IRT_ST_A(1.0),06/03/23 11:00:00,A,IRT_M6,LV,2002,4.60,
ESTAT:IRT_ST_A(1.0),06/03/23 11:00:00,A,IRT_M6,LV,2003,4.09,
ESTAT:IRT_ST_A(1.0),06/03/23 11:00:00,A,IRT_M6,LV,2004,4.34,
ESTAT:IRT_ST_A(1.0),06/03/23 11:00:00,A,IRT_M6,LV,2005,3.13,
ESTAT:IRT_ST_A(1.0),06/03/23 11:00:00,A,IRT_M6,LV,2006,4.49,
ESTAT:IRT_ST_A(1.0),06/03/23 11:00:00,A,IRT_M6,LV,2007,9.04,
ESTAT:IRT_ST_A(1.0),06/03/23 11:00:00,A,IRT_M6,LV,2008,8.91,
ESTAT:IRT_ST_A(1.0),06/03/23 11:00:00,A,IRT_M6,LV,2009,14.38,
ESTAT:IRT_ST_A(1.0),06/03/23 11:00:00,A,IRT_M6,LV,2010,2.84,
ESTAT:IRT_ST_A(1.0),06/03/23 11:00:00,A,IRT_M6,LV,2011,1.51,
ESTAT:IRT_ST_A(1.0),06/03/23 11:00:00,A,IRT_M6,LV,2012,1.41,
ESTAT:IRT_ST_A(1.0),06/03/23 11:00:00,A,IRT_M6,LV,2013,0.61,
ESTAT:IRT_ST_A(1.0),06/03/23 11:00:00,A,IRT_M6,PL,2000,18.83,
ESTAT:IRT_ST_A(1.0),06/03/23 11:00:00,A,IRT_M6,PL,2001,15.52,
ESTAT:IRT_ST_A(1.0),06/03/23 11:00:00,A,IRT_M6,PL,2002,8.76,
ESTAT:IRT_ST_A(1.0),06/03/23 11:00:00,A,IRT_M6,PL,2003,5.57,
ESTAT:IRT_ST_A(1.0),06/03/23 11:00:00,A,IRT_M6,PL,2004,6.39,
ESTAT:IRT_ST_A(1.0),06/03/23 11:00:00,A,IRT_M6,PL,2005,5.21,
ESTAT:IRT_ST_A(1.0),06/03/23 11:00:00,A,IRT_M6,PL,2006,4.29,
ESTAT:IRT_ST_A(1.0),06/03/23 11:00:00,A,IRT_M6,PL,2007,4.90,
ESTAT:IRT_ST_A(1.0),06/03/23 11:00:00,A,IRT_M6,PL,2008,6.50,
ESTAT:IRT_ST_A(1.0),06/03/23 11:00:00,A,IRT_M6,PL,2009,4.54,
ESTAT:IRT_ST_A(1.0),06/03/23 11:00:00,A,IRT_M6,PL,2010,4.06,
ESTAT:IRT_ST_A(1.0),06/03/23 11:00:00,A,IRT_M6,PL,2011,4.67,
ESTAT:IRT_ST_A(1.0),06/03/23 11:00:00,A,IRT_M6,PL,2012,4.92,
ESTAT:IRT_ST_A(1.0),06/03/23 11:00:00,A,IRT_M6,PL,2013,3.03,
ESTAT:IRT_ST_A(1.0),06/03/23 11:00:00,A,IRT_M6,PL,2014,2.57,
ESTAT:IRT_ST_A(1.0),06/03/23 11:00:00,A,IRT_M6,RO,2000,50.91,
ESTAT:IRT_ST_A(1.0),06/03/23 11:00:00,A,IRT_M6,RO,2001,41.29,
ESTAT:IRT_ST_A(1.0),06/03/23 11:00:00,A,IRT_M6,RO,2002,27.48,
ESTAT:IRT_ST_A(1.0),06/03/23 11:00:00,A,IRT_M6,RO,2003,16.89,
ESTAT:IRT_ST_A(1.0),06/03/23 11:00:00,A,IRT_M6,RO,2004,18.15,
ESTAT:IRT_ST_A(1.0),06/03/23 11:00:00,A,IRT_M6,RO,2005,8.31,
ESTAT:IRT_ST_A(1.0),06/03/23 11:00:00,A,IRT_M6,RO,2006,7.98,
ESTAT:IRT_ST_A(1.0),06/03/23 11:00:00,A,IRT_M6,RO,2007,7.23,
ESTAT:IRT_ST_A(1.0),06/03/23 11:00:00,A,IRT_M6,RO,2008,12.25,
ESTAT:IRT_ST_A(1.0),06/03/23 11:00:00,A,IRT_M6,RO,2009,11.31,
ESTAT:IRT_ST_A(1.0),06/03/23 11:00:00,A,IRT_M6,RO,2010,6.86,
ESTAT:IRT_ST_A(1.0),06/03/23 11:00:00,A,IRT_M6,RO,2011,6.17,
ESTAT:IRT_ST_A(1.0),06/03/23 11:00:00,A,IRT_M6,RO,2012,5.40,
ESTAT:IRT_ST_A(1.0),06/03/23 11:00:00,A,IRT_M6,RO,2013,4.21,
ESTAT:IRT_ST_A(1.0),06/03/23 11:00:00,A,IRT_M6,RO,2014,2.46,
ESTAT:IRT_ST_A(1.0),06/03/23 11:00:00,A,IRT_M6,SE,2000,4.29900,
ESTAT:IRT_ST_A(1.0),06/03/23 11:00:00,A,IRT_M6,SE,2001,4.14390,
ESTAT:IRT_ST_A(1.0),06/03/23 11:00:00,A,IRT_M6,SE,2002,4.33020,
ESTAT:IRT_ST_A(1.0),06/03/23 11:00:00,A,IRT_M6,SE,2003,3.21270,
ESTAT:IRT_ST_A(1.0),06/03/23 11:00:00,A,IRT_M6,SE,2004,2.36210,
ESTAT:IRT_ST_A(1.0),06/03/23 11:00:00,A,IRT_M6,SE,2005,1.93910,
ESTAT:IRT_ST_A(1.0),06/03/23 11:00:00,A,IRT_M6,SE,2006,2.73870,
ESTAT:IRT_ST_A(1.0),06/03/23 11:00:00,A,IRT_M6,SE,2007,4.02700,
ESTAT:IRT_ST_A(1.0),06/03/23 11:00:00,A,IRT_M6,SE,2008,4.86620,
ESTAT:IRT_ST_A(1.0),06/03/23 11:00:00,A,IRT_M6,SE,2009,1.15630,
ESTAT:IRT_ST_A(1.0),06/03/23 11:00:00,A,IRT_M6,SE,2010,1.10980,
ESTAT:IRT_ST_A(1.0),06/03/23 11:00:00,A,IRT_M6,SE,2011,2.54530,
ESTAT:IRT_ST_A(1.0),06/03/23 11:00:00,A,IRT_M6,SE,2012,2.18650,
ESTAT:IRT_ST_A(1.0),06/03/23 11:00:00,A,IRT_M6,SE,2013,1.27810,
ESTAT:IRT_ST_A(1.0),06/03/23 11:00:00,A,IRT_M6,SE,2014,0.72950,
ESTAT:IRT_ST_A(1.0),06/03/23 11:00:00,A,IRT_M6,SE,2015,-0.12580,
ESTAT:IRT_ST_A(1.0),06/03/23 11:00:00,A,IRT_M6,SE,2016,-0.33270,
ESTAT:IRT_ST_A(1.0),06/03/23 11:00:00,A,IRT_M6,SE,2017,-0.38880,
ESTAT:IRT_ST_A(1.0),06/03/23 11:00:00,A,IRT_M6,SE,2018,-0.30040,
ESTAT:IRT_ST_A(1.0),06/03/23 11:00:00,A,IRT_M6,SE,2019,0.07720,
ESTAT:IRT_ST_A(1.0),06/03/23 11:00:00,A,IRT_M6,SE,2020,0.15650,
ESTAT:IRT_ST_A(1.0),06/03/23 11:00:00,A,IRT_M6,SE,2021,-0.01550,
ESTAT:IRT_ST_A(1.0),06/03/23 11:00:00,A,IRT_M6,SE,2022,1.41040,
ESTAT:IRT_ST_A(1.0),06/03/23 11:00:00,A,IRT_M6,UK,2000,6.31300,
ESTAT:IRT_ST_A(1.0),06/03/23 11:00:00,A,IRT_M6,UK,2001,5.01660,
ESTAT:IRT_ST_A(1.0),06/03/23 11:00:00,A,IRT_M6,UK,2002,4.16340,
ESTAT:IRT_ST_A(1.0),06/03/23 11:00:00,A,IRT_M6,UK,2003,3.76450,
ESTAT:IRT_ST_A(1.0),06/03/23 11:00:00,A,IRT_M6,UK,2004,4.76920,
ESTAT:IRT_ST_A(1.0),06/03/23 11:00:00,A,IRT_M6,UK,2005,4.76110,
ESTAT:IRT_ST_A(1.0),06/03/23 11:00:00,A,IRT_M6,UK,2006,4.92100,
ESTAT:IRT_ST_A(1.0),06/03/23 11:00:00,A,IRT_M6,UK,2007,6.03570,
ESTAT:IRT_ST_A(1.0),06/03/23 11:00:00,A,IRT_M6,UK,2008,5.59290,
ESTAT:IRT_ST_A(1.0),06/03/23 11:00:00,A,IRT_M6,UK,2009,1.42230,
ESTAT:IRT_ST_A(1.0),06/03/23 11:00:00,A,IRT_M6,UK,2010,0.96970,
ESTAT:IRT_ST_A(1.0),06/03/23 11:00:00,A,IRT_M6,UK,2011,1.16530,
ESTAT:IRT_ST_A(1.0),06/03/23 11:00:00,A,IRT_M6,UK,2012,1.08970,
ESTAT:IRT_ST_A(1.0),06/03/23 11:00:00,A,IRT_M6,UK,2013,0.60390,
ESTAT:IRT_ST_A(1.0),06/03/23 11:00:00,A,IRT_M6,UK,2014,0.66490,
ESTAT:IRT_ST_A(1.0),06/03/23 11:00:00,A,IRT_M6,UK,2015,0.71990,
ESTAT:IRT_ST_A(1.0),06/03/23 11:00:00,A,IRT_M6,UK,2016,0.64210,
ESTAT:IRT_ST_A(1.0),06/03/23 11:00:00,A,IRT_M6,UK,2017,0.49130,
ESTAT:IRT_ST_A(1.0),06/03/23 11:00:00,A,IRT_M6,UK,2018,0.82630,
ESTAT:IRT_ST_A(1.0),06/03/23 11:00:00,A,IRT_M6,UK,2019,0.89510,
ESTAT:IRT_ST_A(1.0),06/03/23 11:00:00,A,IRT_M6,UK,2020,0.35990,
ESTAT:IRT_ST_A(1.0),06/03/23 11:00:00,A,IRT_M6,UK,2021,0.15410,
ESTAT:IRT_ST_A(1.0),06/03/23 11:00:00,A,IRT_M6,UK,2022,2.57770,
