DATAFLOW,LAST UPDATE,freq,unit,co_nco,sector,finpos,na_item,geo,TIME_PERIOD,OBS_VALUE,OBS_FLAG
ESTAT:NASA_10_F_BS(1.0),14/03/23 11:00:00,A,PC_GDP,NCO,S11,LIAB,F4,AL,2013,56.6,
ESTAT:NASA_10_F_BS(1.0),14/03/23 11:00:00,A,PC_GDP,NCO,S11,LIAB,F4,AL,2014,53.1,
ESTAT:NASA_10_F_BS(1.0),14/03/23 11:00:00,A,PC_GDP,NCO,S11,LIAB,F4,AL,2015,49.1,
ESTAT:NASA_10_F_BS(1.0),14/03/23 11:00:00,A,PC_GDP,NCO,S11,LIAB,F4,AL,2016,47.8,
ESTAT:NASA_10_F_BS(1.0),14/03/23 11:00:00,A,PC_GDP,NCO,S11,LIAB,F4,AL,2017,44.3,
ESTAT:NASA_10_F_BS(1.0),14/03/23 11:00:00,A,PC_GDP,NCO,S11,LIAB,F4,AL,2018,40.3,
ESTAT:NASA_10_F_BS(1.0),14/03/23 11:00:00,A,PC_GDP,NCO,S11,LIAB,F4,AL,2019,40.5,
ESTAT:NASA_10_F_BS(1.0),14/03/23 11:00:00,A,PC_GDP,NCO,S11,LIAB,F4,AL,2020,44.3,p
ESTAT:NASA_10_F_BS(1.0),14/03/23 11:00:00,A,PC_GDP,NCO,S11,LIAB,F4,AT,2000,79.2,
ESTAT:NASA_10_F_BS(1.0),14/03/23 11:00:00,A,PC_GDP,NCO,S11,LIAB,F4,AT,2001,81.8,
ESTAT:NASA_10_F_BS(1.0),14/03/23 11:00:00,A,PC_GDP,NCO,S11,LIAB,F4,AT,2002,81.1,
ESTAT:NASA_10_F_BS(1.0),14/03/23 11:00:00,A,PC_GDP,NCO,S11,LIAB,F4,AT,2003,81.8,
ESTAT:NASA_10_F_BS(1.0),14/03/23 11:00:00,A,PC_GDP,NCO,S11,LIAB,F4,AT,2004,77.7,
ESTAT:NASA_10_F_BS(1.0),14/03/23 11:00:00,A,PC_GDP,NCO,S11,LIAB,F4,AT,2005,78.2,
ESTAT:NASA_10_F_BS(1.0),14/03/23 11:00:00,A,PC_GDP,NCO,S11,LIAB,F4,AT,2006,76.3,
ESTAT:NASA_10_F_BS(1.0),14/03/23 11:00:00,A,PC_GDP,NCO,S11,LIAB,F4,AT,2007,80.8,
ESTAT:NASA_10_F_BS(1.0),14/03/23 11:00:00,A,PC_GDP,NCO,S11,LIAB,F4,AT,2008,82.8,
ESTAT:NASA_10_F_BS(1.0),14/03/23 11:00:00,A,PC_GDP,NCO,S11,LIAB,F4,AT,2009,81.8,
ESTAT:NASA_10_F_BS(1.0),14/03/23 11:00:00,A,PC_GDP,NCO,S11,LIAB,F4,AT,2010,82.8,
ESTAT:NASA_10_F_BS(1.0),14/03/23 11:00:00,A,PC_GDP,NCO,S11,LIAB,F4,AT,2011,81.1,
ESTAT:NASA_10_F_BS(1.0),14/03/23 11:00:00,A,PC_GDP,NCO,S11,LIAB,F4,AT,2012,79.5,
ESTAT:NASA_10_F_BS(1.0),14/03/23 11:00:00,A,PC_GDP,NCO,S11,LIAB,F4,AT,2013,82.7,
ESTAT:NASA_10_F_BS(1.0),14/03/23 11:00:00,A,PC_GDP,NCO,S11,LIAB,F4,AT,2014,79.0,
ESTAT:NASA_10_F_BS(1.0),14/03/23 11:00:00,A,PC_GDP,NCO,S11,LIAB,F4,AT,2015,79.1,
ESTAT:NASA_10_F_BS(1.0),14/03/23 11:00:00,A,PC_GDP,NCO,S11,LIAB,F4,AT,2016,79.2,
ESTAT:NASA_10_F_BS(1.0),14/03/23 11:00:00,A,PC_GDP,NCO,S11,LIAB,F4,AT,2017,80.8,
ESTAT:NASA_10_F_BS(1.0),14/03/23 11:00:00,A,PC_GDP,NCO,S11,LIAB,F4,AT,2018,82.5,
ESTAT:NASA_10_F_BS(1.0),14/03/23 11:00:00,A,PC_GDP,NCO,S11,LIAB,F4,AT,2019,82.9,
ESTAT:NASA_10_F_BS(1.0),14/03/23 11:00:00,A,PC_GDP,NCO,S11,LIAB,F4,AT,2020,87.6,
ESTAT:NASA_10_F_BS(1.0),14/03/23 11:00:00,A,PC_GDP,NCO,S11,LIAB,F4,AT,2021,89.3,
ESTAT:NASA_10_F_BS(1.0),14/03/23 11:00:00,A,PC_GDP,NCO,S11,LIAB,F4,BE,2000,101.5,
ESTAT:NASA_10_F_BS(1.0),14/03/23 11:00:00,A,PC_GDP,NCO,S11,LIAB,F4,BE,2001,109.2,
ESTAT:NASA_10_F_BS(1.0),14/03/23 11:00:00,A,PC_GDP,NCO,S11,LIAB,F4,BE,2002,106.2,
ESTAT:NASA_10_F_BS(1.0),14/03/23 11:00:00,A,PC_GDP,NCO,S11,LIAB,F4,BE,2003,112.1,
ESTAT:NASA_10_F_BS(1.0),14/03/23 11:00:00,A,PC_GDP,NCO,S11,LIAB,F4,BE,2004,113.4,
ESTAT:NASA_10_F_BS(1.0),14/03/23 11:00:00,A,PC_GDP,NCO,S11,LIAB,F4,BE,2005,110.1,
ESTAT:NASA_10_F_BS(1.0),14/03/23 11:00:00,A,PC_GDP,NCO,S11,LIAB,F4,BE,2006,109.8,
ESTAT:NASA_10_F_BS(1.0),14/03/23 11:00:00,A,PC_GDP,NCO,S11,LIAB,F4,BE,2007,118.7,
ESTAT:NASA_10_F_BS(1.0),14/03/23 11:00:00,A,PC_GDP,NCO,S11,LIAB,F4,BE,2008,137.8,
ESTAT:NASA_10_F_BS(1.0),14/03/23 11:00:00,A,PC_GDP,NCO,S11,LIAB,F4,BE,2009,142.1,
ESTAT:NASA_10_F_BS(1.0),14/03/23 11:00:00,A,PC_GDP,NCO,S11,LIAB,F4,BE,2010,130.1,
ESTAT:NASA_10_F_BS(1.0),14/03/23 11:00:00,A,PC_GDP,NCO,S11,LIAB,F4,BE,2011,137.3,
ESTAT:NASA_10_F_BS(1.0),14/03/23 11:00:00,A,PC_GDP,NCO,S11,LIAB,F4,BE,2012,139.3,
ESTAT:NASA_10_F_BS(1.0),14/03/23 11:00:00,A,PC_GDP,NCO,S11,LIAB,F4,BE,2013,138.6,
ESTAT:NASA_10_F_BS(1.0),14/03/23 11:00:00,A,PC_GDP,NCO,S11,LIAB,F4,BE,2014,136.6,
ESTAT:NASA_10_F_BS(1.0),14/03/23 11:00:00,A,PC_GDP,NCO,S11,LIAB,F4,BE,2015,137.4,
ESTAT:NASA_10_F_BS(1.0),14/03/23 11:00:00,A,PC_GDP,NCO,S11,LIAB,F4,BE,2016,155.5,
ESTAT:NASA_10_F_BS(1.0),14/03/23 11:00:00,A,PC_GDP,NCO,S11,LIAB,F4,BE,2017,143.2,
ESTAT:NASA_10_F_BS(1.0),14/03/23 11:00:00,A,PC_GDP,NCO,S11,LIAB,F4,BE,2018,137.5,
ESTAT:NASA_10_F_BS(1.0),14/03/23 11:00:00,A,PC_GDP,NCO,S11,LIAB,F4,BE,2019,137.9,
ESTAT:NASA_10_F_BS(1.0),14/03/23 11:00:00,A,PC_GDP,NCO,S11,LIAB,F4,BE,2020,143.5,p
ESTAT:NASA_10_F_BS(1.0),14/03/23 11:00:00,A,PC_GDP,NCO,S11,LIAB,F4,BE,2021,134.8,p
ESTAT:NASA_10_F_BS(1.0),14/03/23 11:00:00,A,PC_GDP,NCO,S11,LIAB,F4,BG,2000,24.3,
ESTAT:NASA_10_F_BS(1.0),14/03/23 11:00:00,A,PC_GDP,NCO,S11,LIAB,F4,BG,2001,27.2,
ESTAT:NASA_10_F_BS(1.0),14/03/23 11:00:00,A,PC_GDP,NCO,S11,LIAB,F4,BG,2002,31.6,
ESTAT:NASA_10_F_BS(1.0),14/03/23 11:00:00,A,PC_GDP,NCO,S11,LIAB,F4,BG,2003,40.0,
ESTAT:NASA_10_F_BS(1.0),14/03/23 11:00:00,A,PC_GDP,NCO,S11,LIAB,F4,BG,2004,52.3,
ESTAT:NASA_10_F_BS(1.0),14/03/23 11:00:00,A,PC_GDP,NCO,S11,LIAB,F4,BG,2005,64.8,
ESTAT:NASA_10_F_BS(1.0),14/03/23 11:00:00,A,PC_GDP,NCO,S11,LIAB,F4,BG,2006,82.3,
ESTAT:NASA_10_F_BS(1.0),14/03/23 11:00:00,A,PC_GDP,NCO,S11,LIAB,F4,BG,2007,107.1,
ESTAT:NASA_10_F_BS(1.0),14/03/23 11:00:00,A,PC_GDP,NCO,S11,LIAB,F4,BG,2008,118.9,
ESTAT:NASA_10_F_BS(1.0),14/03/23 11:00:00,A,PC_GDP,NCO,S11,LIAB,F4,BG,2009,118.7,
ESTAT:NASA_10_F_BS(1.0),14/03/23 11:00:00,A,PC_GDP,NCO,S11,LIAB,F4,BG,2010,114.7,
ESTAT:NASA_10_F_BS(1.0),14/03/23 11:00:00,A,PC_GDP,NCO,S11,LIAB,F4,BG,2011,107.9,
ESTAT:NASA_10_F_BS(1.0),14/03/23 11:00:00,A,PC_GDP,NCO,S11,LIAB,F4,BG,2012,108.0,
ESTAT:NASA_10_F_BS(1.0),14/03/23 11:00:00,A,PC_GDP,NCO,S11,LIAB,F4,BG,2013,108.6,
ESTAT:NASA_10_F_BS(1.0),14/03/23 11:00:00,A,PC_GDP,NCO,S11,LIAB,F4,BG,2014,109.7,
ESTAT:NASA_10_F_BS(1.0),14/03/23 11:00:00,A,PC_GDP,NCO,S11,LIAB,F4,BG,2015,92.4,
ESTAT:NASA_10_F_BS(1.0),14/03/23 11:00:00,A,PC_GDP,NCO,S11,LIAB,F4,BG,2016,86.3,
ESTAT:NASA_10_F_BS(1.0),14/03/23 11:00:00,A,PC_GDP,NCO,S11,LIAB,F4,BG,2017,81.4,
ESTAT:NASA_10_F_BS(1.0),14/03/23 11:00:00,A,PC_GDP,NCO,S11,LIAB,F4,BG,2018,80.5,
ESTAT:NASA_10_F_BS(1.0),14/03/23 11:00:00,A,PC_GDP,NCO,S11,LIAB,F4,BG,2019,75.7,
ESTAT:NASA_10_F_BS(1.0),14/03/23 11:00:00,A,PC_GDP,NCO,S11,LIAB,F4,BG,2020,74.5,
ESTAT:NASA_10_F_BS(1.0),14/03/23 11:00:00,A,PC_GDP,NCO,S11,LIAB,F4,BG,2021,66.9,
ESTAT:NASA_10_F_BS(1.0),14/03/23 11:00:00,A,PC_GDP,NCO,S11,LIAB,F4,CH,2000,55.5,
ESTAT:NASA_10_F_BS(1.0),14/03/23 11:00:00,A,PC_GDP,NCO,S11,LIAB,F4,CH,2001,56.0,
ESTAT:NASA_10_F_BS(1.0),14/03/23 11:00:00,A,PC_GDP,NCO,S11,LIAB,F4,CH,2002,54.1,
ESTAT:NASA_10_F_BS(1.0),14/03/23 11:00:00,A,PC_GDP,NCO,S11,LIAB,F4,CH,2003,55.8,
ESTAT:NASA_10_F_BS(1.0),14/03/23 11:00:00,A,PC_GDP,NCO,S11,LIAB,F4,CH,2004,54.5,
ESTAT:NASA_10_F_BS(1.0),14/03/23 11:00:00,A,PC_GDP,NCO,S11,LIAB,F4,CH,2005,55.5,
ESTAT:NASA_10_F_BS(1.0),14/03/23 11:00:00,A,PC_GDP,NCO,S11,LIAB,F4,CH,2006,55.7,
ESTAT:NASA_10_F_BS(1.0),14/03/23 11:00:00,A,PC_GDP,NCO,S11,LIAB,F4,CH,2007,65.7,
ESTAT:NASA_10_F_BS(1.0),14/03/23 11:00:00,A,PC_GDP,NCO,S11,LIAB,F4,CH,2008,64.7,
ESTAT:NASA_10_F_BS(1.0),14/03/23 11:00:00,A,PC_GDP,NCO,S11,LIAB,F4,CH,2009,71.2,
ESTAT:NASA_10_F_BS(1.0),14/03/23 11:00:00,A,PC_GDP,NCO,S11,LIAB,F4,CH,2010,70.7,
ESTAT:NASA_10_F_BS(1.0),14/03/23 11:00:00,A,PC_GDP,NCO,S11,LIAB,F4,CH,2011,74.4,
ESTAT:NASA_10_F_BS(1.0),14/03/23 11:00:00,A,PC_GDP,NCO,S11,LIAB,F4,CH,2012,77.6,
ESTAT:NASA_10_F_BS(1.0),14/03/23 11:00:00,A,PC_GDP,NCO,S11,LIAB,F4,CH,2013,75.3,
ESTAT:NASA_10_F_BS(1.0),14/03/23 11:00:00,A,PC_GDP,NCO,S11,LIAB,F4,CH,2014,94.5,b
ESTAT:NASA_10_F_BS(1.0),14/03/23 11:00:00,A,PC_GDP,NCO,S11,LIAB,F4,CH,2015,95.3,
ESTAT:NASA_10_F_BS(1.0),14/03/23 11:00:00,A,PC_GDP,NCO,S11,LIAB,F4,CH,2016,99.4,
ESTAT:NASA_10_F_BS(1.0),14/03/23 11:00:00,A,PC_GDP,NCO,S11,LIAB,F4,CH,2017,107.9,
ESTAT:NASA_10_F_BS(1.0),14/03/23 11:00:00,A,PC_GDP,NCO,S11,LIAB,F4,CH,2018,98.7,
ESTAT:NASA_10_F_BS(1.0),14/03/23 11:00:00,A,PC_GDP,NCO,S11,LIAB,F4,CH,2019,112.5,
ESTAT:NASA_10_F_BS(1.0),14/03/23 11:00:00,A,PC_GDP,NCO,S11,LIAB,F4,CH,2020,112.7,
ESTAT:NASA_10_F_BS(1.0),14/03/23 11:00:00,A,PC_GDP,NCO,S11,LIAB,F4,CH,2021,118.1,
ESTAT:NASA_10_F_BS(1.0),14/03/23 11:00:00,A,PC_GDP,NCO,S11,LIAB,F4,CY,2000,226.2,
ESTAT:NASA_10_F_BS(1.0),14/03/23 11:00:00,A,PC_GDP,NCO,S11,LIAB,F4,CY,2001,198.4,
ESTAT:NASA_10_F_BS(1.0),14/03/23 11:00:00,A,PC_GDP,NCO,S11,LIAB,F4,CY,2002,202.7,
ESTAT:NASA_10_F_BS(1.0),14/03/23 11:00:00,A,PC_GDP,NCO,S11,LIAB,F4,CY,2003,188.4,
ESTAT:NASA_10_F_BS(1.0),14/03/23 11:00:00,A,PC_GDP,NCO,S11,LIAB,F4,CY,2004,148.9,
ESTAT:NASA_10_F_BS(1.0),14/03/23 11:00:00,A,PC_GDP,NCO,S11,LIAB,F4,CY,2005,158.1,
ESTAT:NASA_10_F_BS(1.0),14/03/23 11:00:00,A,PC_GDP,NCO,S11,LIAB,F4,CY,2006,160.7,
ESTAT:NASA_10_F_BS(1.0),14/03/23 11:00:00,A,PC_GDP,NCO,S11,LIAB,F4,CY,2007,169.6,
ESTAT:NASA_10_F_BS(1.0),14/03/23 11:00:00,A,PC_GDP,NCO,S11,LIAB,F4,CY,2008,186.9,
ESTAT:NASA_10_F_BS(1.0),14/03/23 11:00:00,A,PC_GDP,NCO,S11,LIAB,F4,CY,2009,192.7,
ESTAT:NASA_10_F_BS(1.0),14/03/23 11:00:00,A,PC_GDP,NCO,S11,LIAB,F4,CY,2010,195.5,
ESTAT:NASA_10_F_BS(1.0),14/03/23 11:00:00,A,PC_GDP,NCO,S11,LIAB,F4,CY,2011,202.2,
ESTAT:NASA_10_F_BS(1.0),14/03/23 11:00:00,A,PC_GDP,NCO,S11,LIAB,F4,CY,2012,199.7,
ESTAT:NASA_10_F_BS(1.0),14/03/23 11:00:00,A,PC_GDP,NCO,S11,LIAB,F4,CY,2013,211.6,
ESTAT:NASA_10_F_BS(1.0),14/03/23 11:00:00,A,PC_GDP,NCO,S11,LIAB,F4,CY,2014,220.8,
ESTAT:NASA_10_F_BS(1.0),14/03/23 11:00:00,A,PC_GDP,NCO,S11,LIAB,F4,CY,2015,220.9,
ESTAT:NASA_10_F_BS(1.0),14/03/23 11:00:00,A,PC_GDP,NCO,S11,LIAB,F4,CY,2016,213.1,
ESTAT:NASA_10_F_BS(1.0),14/03/23 11:00:00,A,PC_GDP,NCO,S11,LIAB,F4,CY,2017,200.5,
ESTAT:NASA_10_F_BS(1.0),14/03/23 11:00:00,A,PC_GDP,NCO,S11,LIAB,F4,CY,2018,187.8,
ESTAT:NASA_10_F_BS(1.0),14/03/23 11:00:00,A,PC_GDP,NCO,S11,LIAB,F4,CY,2019,180.3,
ESTAT:NASA_10_F_BS(1.0),14/03/23 11:00:00,A,PC_GDP,NCO,S11,LIAB,F4,CY,2020,181.3,
ESTAT:NASA_10_F_BS(1.0),14/03/23 11:00:00,A,PC_GDP,NCO,S11,LIAB,F4,CY,2021,166.2,p
ESTAT:NASA_10_F_BS(1.0),14/03/23 11:00:00,A,PC_GDP,NCO,S11,LIAB,F4,CZ,2000,49.3,
ESTAT:NASA_10_F_BS(1.0),14/03/23 11:00:00,A,PC_GDP,NCO,S11,LIAB,F4,CZ,2001,43.1,
ESTAT:NASA_10_F_BS(1.0),14/03/23 11:00:00,A,PC_GDP,NCO,S11,LIAB,F4,CZ,2002,42.1,
ESTAT:NASA_10_F_BS(1.0),14/03/23 11:00:00,A,PC_GDP,NCO,S11,LIAB,F4,CZ,2003,36.0,
ESTAT:NASA_10_F_BS(1.0),14/03/23 11:00:00,A,PC_GDP,NCO,S11,LIAB,F4,CZ,2004,41.9,
ESTAT:NASA_10_F_BS(1.0),14/03/23 11:00:00,A,PC_GDP,NCO,S11,LIAB,F4,CZ,2005,40.0,
ESTAT:NASA_10_F_BS(1.0),14/03/23 11:00:00,A,PC_GDP,NCO,S11,LIAB,F4,CZ,2006,41.8,
ESTAT:NASA_10_F_BS(1.0),14/03/23 11:00:00,A,PC_GDP,NCO,S11,LIAB,F4,CZ,2007,42.9,
ESTAT:NASA_10_F_BS(1.0),14/03/23 11:00:00,A,PC_GDP,NCO,S11,LIAB,F4,CZ,2008,47.0,
ESTAT:NASA_10_F_BS(1.0),14/03/23 11:00:00,A,PC_GDP,NCO,S11,LIAB,F4,CZ,2009,47.2,
ESTAT:NASA_10_F_BS(1.0),14/03/23 11:00:00,A,PC_GDP,NCO,S11,LIAB,F4,CZ,2010,47.9,
ESTAT:NASA_10_F_BS(1.0),14/03/23 11:00:00,A,PC_GDP,NCO,S11,LIAB,F4,CZ,2011,49.9,
ESTAT:NASA_10_F_BS(1.0),14/03/23 11:00:00,A,PC_GDP,NCO,S11,LIAB,F4,CZ,2012,52.2,
ESTAT:NASA_10_F_BS(1.0),14/03/23 11:00:00,A,PC_GDP,NCO,S11,LIAB,F4,CZ,2013,52.7,
ESTAT:NASA_10_F_BS(1.0),14/03/23 11:00:00,A,PC_GDP,NCO,S11,LIAB,F4,CZ,2014,51.7,
ESTAT:NASA_10_F_BS(1.0),14/03/23 11:00:00,A,PC_GDP,NCO,S11,LIAB,F4,CZ,2015,48.8,
ESTAT:NASA_10_F_BS(1.0),14/03/23 11:00:00,A,PC_GDP,NCO,S11,LIAB,F4,CZ,2016,50.0,
ESTAT:NASA_10_F_BS(1.0),14/03/23 11:00:00,A,PC_GDP,NCO,S11,LIAB,F4,CZ,2017,50.3,
ESTAT:NASA_10_F_BS(1.0),14/03/23 11:00:00,A,PC_GDP,NCO,S11,LIAB,F4,CZ,2018,53.1,
ESTAT:NASA_10_F_BS(1.0),14/03/23 11:00:00,A,PC_GDP,NCO,S11,LIAB,F4,CZ,2019,48.1,
ESTAT:NASA_10_F_BS(1.0),14/03/23 11:00:00,A,PC_GDP,NCO,S11,LIAB,F4,CZ,2020,49.7,
ESTAT:NASA_10_F_BS(1.0),14/03/23 11:00:00,A,PC_GDP,NCO,S11,LIAB,F4,CZ,2021,47.2,
ESTAT:NASA_10_F_BS(1.0),14/03/23 11:00:00,A,PC_GDP,NCO,S11,LIAB,F4,DE,2000,66.9,
ESTAT:NASA_10_F_BS(1.0),14/03/23 11:00:00,A,PC_GDP,NCO,S11,LIAB,F4,DE,2001,69.0,
ESTAT:NASA_10_F_BS(1.0),14/03/23 11:00:00,A,PC_GDP,NCO,S11,LIAB,F4,DE,2002,71.1,
ESTAT:NASA_10_F_BS(1.0),14/03/23 11:00:00,A,PC_GDP,NCO,S11,LIAB,F4,DE,2003,69.8,
ESTAT:NASA_10_F_BS(1.0),14/03/23 11:00:00,A,PC_GDP,NCO,S11,LIAB,F4,DE,2004,64.0,
ESTAT:NASA_10_F_BS(1.0),14/03/23 11:00:00,A,PC_GDP,NCO,S11,LIAB,F4,DE,2005,63.6,
ESTAT:NASA_10_F_BS(1.0),14/03/23 11:00:00,A,PC_GDP,NCO,S11,LIAB,F4,DE,2006,64.8,
ESTAT:NASA_10_F_BS(1.0),14/03/23 11:00:00,A,PC_GDP,NCO,S11,LIAB,F4,DE,2007,63.3,
ESTAT:NASA_10_F_BS(1.0),14/03/23 11:00:00,A,PC_GDP,NCO,S11,LIAB,F4,DE,2008,64.9,
ESTAT:NASA_10_F_BS(1.0),14/03/23 11:00:00,A,PC_GDP,NCO,S11,LIAB,F4,DE,2009,66.6,
ESTAT:NASA_10_F_BS(1.0),14/03/23 11:00:00,A,PC_GDP,NCO,S11,LIAB,F4,DE,2010,64.7,
ESTAT:NASA_10_F_BS(1.0),14/03/23 11:00:00,A,PC_GDP,NCO,S11,LIAB,F4,DE,2011,63.2,
ESTAT:NASA_10_F_BS(1.0),14/03/23 11:00:00,A,PC_GDP,NCO,S11,LIAB,F4,DE,2012,62.5,
ESTAT:NASA_10_F_BS(1.0),14/03/23 11:00:00,A,PC_GDP,NCO,S11,LIAB,F4,DE,2013,63.9,
ESTAT:NASA_10_F_BS(1.0),14/03/23 11:00:00,A,PC_GDP,NCO,S11,LIAB,F4,DE,2014,59.0,
ESTAT:NASA_10_F_BS(1.0),14/03/23 11:00:00,A,PC_GDP,NCO,S11,LIAB,F4,DE,2015,58.9,
ESTAT:NASA_10_F_BS(1.0),14/03/23 11:00:00,A,PC_GDP,NCO,S11,LIAB,F4,DE,2016,58.3,
ESTAT:NASA_10_F_BS(1.0),14/03/23 11:00:00,A,PC_GDP,NCO,S11,LIAB,F4,DE,2017,58.9,
ESTAT:NASA_10_F_BS(1.0),14/03/23 11:00:00,A,PC_GDP,NCO,S11,LIAB,F4,DE,2018,62.6,
ESTAT:NASA_10_F_BS(1.0),14/03/23 11:00:00,A,PC_GDP,NCO,S11,LIAB,F4,DE,2019,63.3,p
ESTAT:NASA_10_F_BS(1.0),14/03/23 11:00:00,A,PC_GDP,NCO,S11,LIAB,F4,DE,2020,66.9,p
ESTAT:NASA_10_F_BS(1.0),14/03/23 11:00:00,A,PC_GDP,NCO,S11,LIAB,F4,DE,2021,66.2,p
ESTAT:NASA_10_F_BS(1.0),14/03/23 11:00:00,A,PC_GDP,NCO,S11,LIAB,F4,DK,2000,66.3,
ESTAT:NASA_10_F_BS(1.0),14/03/23 11:00:00,A,PC_GDP,NCO,S11,LIAB,F4,DK,2001,72.5,
ESTAT:NASA_10_F_BS(1.0),14/03/23 11:00:00,A,PC_GDP,NCO,S11,LIAB,F4,DK,2002,67.5,
ESTAT:NASA_10_F_BS(1.0),14/03/23 11:00:00,A,PC_GDP,NCO,S11,LIAB,F4,DK,2003,68.1,
ESTAT:NASA_10_F_BS(1.0),14/03/23 11:00:00,A,PC_GDP,NCO,S11,LIAB,F4,DK,2004,67.5,
ESTAT:NASA_10_F_BS(1.0),14/03/23 11:00:00,A,PC_GDP,NCO,S11,LIAB,F4,DK,2005,68.3,
ESTAT:NASA_10_F_BS(1.0),14/03/23 11:00:00,A,PC_GDP,NCO,S11,LIAB,F4,DK,2006,83.3,
ESTAT:NASA_10_F_BS(1.0),14/03/23 11:00:00,A,PC_GDP,NCO,S11,LIAB,F4,DK,2007,87.6,
ESTAT:NASA_10_F_BS(1.0),14/03/23 11:00:00,A,PC_GDP,NCO,S11,LIAB,F4,DK,2008,95.8,
ESTAT:NASA_10_F_BS(1.0),14/03/23 11:00:00,A,PC_GDP,NCO,S11,LIAB,F4,DK,2009,91.6,
ESTAT:NASA_10_F_BS(1.0),14/03/23 11:00:00,A,PC_GDP,NCO,S11,LIAB,F4,DK,2010,87.7,
ESTAT:NASA_10_F_BS(1.0),14/03/23 11:00:00,A,PC_GDP,NCO,S11,LIAB,F4,DK,2011,86.9,
ESTAT:NASA_10_F_BS(1.0),14/03/23 11:00:00,A,PC_GDP,NCO,S11,LIAB,F4,DK,2012,88.6,
ESTAT:NASA_10_F_BS(1.0),14/03/23 11:00:00,A,PC_GDP,NCO,S11,LIAB,F4,DK,2013,85.1,
ESTAT:NASA_10_F_BS(1.0),14/03/23 11:00:00,A,PC_GDP,NCO,S11,LIAB,F4,DK,2014,81.4,
ESTAT:NASA_10_F_BS(1.0),14/03/23 11:00:00,A,PC_GDP,NCO,S11,LIAB,F4,DK,2015,85.7,
ESTAT:NASA_10_F_BS(1.0),14/03/23 11:00:00,A,PC_GDP,NCO,S11,LIAB,F4,DK,2016,116.4,b
ESTAT:NASA_10_F_BS(1.0),14/03/23 11:00:00,A,PC_GDP,NCO,S11,LIAB,F4,DK,2017,111.5,
ESTAT:NASA_10_F_BS(1.0),14/03/23 11:00:00,A,PC_GDP,NCO,S11,LIAB,F4,DK,2018,116.1,
ESTAT:NASA_10_F_BS(1.0),14/03/23 11:00:00,A,PC_GDP,NCO,S11,LIAB,F4,DK,2019,129.7,
ESTAT:NASA_10_F_BS(1.0),14/03/23 11:00:00,A,PC_GDP,NCO,S11,LIAB,F4,DK,2020,125.6,
ESTAT:NASA_10_F_BS(1.0),14/03/23 11:00:00,A,PC_GDP,NCO,S11,LIAB,F4,DK,2021,129.7,
ESTAT:NASA_10_F_BS(1.0),14/03/23 11:00:00,A,PC_GDP,NCO,S11,LIAB,F4,EE,2000,61.6,
ESTAT:NASA_10_F_BS(1.0),14/03/23 11:00:00,A,PC_GDP,NCO,S11,LIAB,F4,EE,2001,67.5,
ESTAT:NASA_10_F_BS(1.0),14/03/23 11:00:00,A,PC_GDP,NCO,S11,LIAB,F4,EE,2002,69.7,
ESTAT:NASA_10_F_BS(1.0),14/03/23 11:00:00,A,PC_GDP,NCO,S11,LIAB,F4,EE,2003,75.1,
ESTAT:NASA_10_F_BS(1.0),14/03/23 11:00:00,A,PC_GDP,NCO,S11,LIAB,F4,EE,2004,78.3,
ESTAT:NASA_10_F_BS(1.0),14/03/23 11:00:00,A,PC_GDP,NCO,S11,LIAB,F4,EE,2005,74.0,
ESTAT:NASA_10_F_BS(1.0),14/03/23 11:00:00,A,PC_GDP,NCO,S11,LIAB,F4,EE,2006,84.4,
ESTAT:NASA_10_F_BS(1.0),14/03/23 11:00:00,A,PC_GDP,NCO,S11,LIAB,F4,EE,2007,85.9,
ESTAT:NASA_10_F_BS(1.0),14/03/23 11:00:00,A,PC_GDP,NCO,S11,LIAB,F4,EE,2008,92.9,
ESTAT:NASA_10_F_BS(1.0),14/03/23 11:00:00,A,PC_GDP,NCO,S11,LIAB,F4,EE,2009,97.6,
ESTAT:NASA_10_F_BS(1.0),14/03/23 11:00:00,A,PC_GDP,NCO,S11,LIAB,F4,EE,2010,90.9,
ESTAT:NASA_10_F_BS(1.0),14/03/23 11:00:00,A,PC_GDP,NCO,S11,LIAB,F4,EE,2011,82.4,
ESTAT:NASA_10_F_BS(1.0),14/03/23 11:00:00,A,PC_GDP,NCO,S11,LIAB,F4,EE,2012,80.0,
ESTAT:NASA_10_F_BS(1.0),14/03/23 11:00:00,A,PC_GDP,NCO,S11,LIAB,F4,EE,2013,80.2,
ESTAT:NASA_10_F_BS(1.0),14/03/23 11:00:00,A,PC_GDP,NCO,S11,LIAB,F4,EE,2014,82.1,
ESTAT:NASA_10_F_BS(1.0),14/03/23 11:00:00,A,PC_GDP,NCO,S11,LIAB,F4,EE,2015,78.5,
ESTAT:NASA_10_F_BS(1.0),14/03/23 11:00:00,A,PC_GDP,NCO,S11,LIAB,F4,EE,2016,76.4,
ESTAT:NASA_10_F_BS(1.0),14/03/23 11:00:00,A,PC_GDP,NCO,S11,LIAB,F4,EE,2017,72.4,
ESTAT:NASA_10_F_BS(1.0),14/03/23 11:00:00,A,PC_GDP,NCO,S11,LIAB,F4,EE,2018,72.0,
ESTAT:NASA_10_F_BS(1.0),14/03/23 11:00:00,A,PC_GDP,NCO,S11,LIAB,F4,EE,2019,72.8,
ESTAT:NASA_10_F_BS(1.0),14/03/23 11:00:00,A,PC_GDP,NCO,S11,LIAB,F4,EE,2020,77.6,
ESTAT:NASA_10_F_BS(1.0),14/03/23 11:00:00,A,PC_GDP,NCO,S11,LIAB,F4,EE,2021,71.9,
ESTAT:NASA_10_F_BS(1.0),14/03/23 11:00:00,A,PC_GDP,NCO,S11,LIAB,F4,EL,2000,37.5,
ESTAT:NASA_10_F_BS(1.0),14/03/23 11:00:00,A,PC_GDP,NCO,S11,LIAB,F4,EL,2001,41.1,
ESTAT:NASA_10_F_BS(1.0),14/03/23 11:00:00,A,PC_GDP,NCO,S11,LIAB,F4,EL,2002,41.2,
ESTAT:NASA_10_F_BS(1.0),14/03/23 11:00:00,A,PC_GDP,NCO,S11,LIAB,F4,EL,2003,41.8,
ESTAT:NASA_10_F_BS(1.0),14/03/23 11:00:00,A,PC_GDP,NCO,S11,LIAB,F4,EL,2004,40.9,
ESTAT:NASA_10_F_BS(1.0),14/03/23 11:00:00,A,PC_GDP,NCO,S11,LIAB,F4,EL,2005,44.5,
ESTAT:NASA_10_F_BS(1.0),14/03/23 11:00:00,A,PC_GDP,NCO,S11,LIAB,F4,EL,2006,45.2,
ESTAT:NASA_10_F_BS(1.0),14/03/23 11:00:00,A,PC_GDP,NCO,S11,LIAB,F4,EL,2007,47.0,
ESTAT:NASA_10_F_BS(1.0),14/03/23 11:00:00,A,PC_GDP,NCO,S11,LIAB,F4,EL,2008,51.5,
ESTAT:NASA_10_F_BS(1.0),14/03/23 11:00:00,A,PC_GDP,NCO,S11,LIAB,F4,EL,2009,53.3,
ESTAT:NASA_10_F_BS(1.0),14/03/23 11:00:00,A,PC_GDP,NCO,S11,LIAB,F4,EL,2010,64.8,b
ESTAT:NASA_10_F_BS(1.0),14/03/23 11:00:00,A,PC_GDP,NCO,S11,LIAB,F4,EL,2011,66.4,
ESTAT:NASA_10_F_BS(1.0),14/03/23 11:00:00,A,PC_GDP,NCO,S11,LIAB,F4,EL,2012,68.1,
ESTAT:NASA_10_F_BS(1.0),14/03/23 11:00:00,A,PC_GDP,NCO,S11,LIAB,F4,EL,2013,67.1,
ESTAT:NASA_10_F_BS(1.0),14/03/23 11:00:00,A,PC_GDP,NCO,S11,LIAB,F4,EL,2014,67.9,
ESTAT:NASA_10_F_BS(1.0),14/03/23 11:00:00,A,PC_GDP,NCO,S11,LIAB,F4,EL,2015,66.3,
ESTAT:NASA_10_F_BS(1.0),14/03/23 11:00:00,A,PC_GDP,NCO,S11,LIAB,F4,EL,2016,65.6,
ESTAT:NASA_10_F_BS(1.0),14/03/23 11:00:00,A,PC_GDP,NCO,S11,LIAB,F4,EL,2017,62.0,
ESTAT:NASA_10_F_BS(1.0),14/03/23 11:00:00,A,PC_GDP,NCO,S11,LIAB,F4,EL,2018,59.9,
ESTAT:NASA_10_F_BS(1.0),14/03/23 11:00:00,A,PC_GDP,NCO,S11,LIAB,F4,EL,2019,53.9,
ESTAT:NASA_10_F_BS(1.0),14/03/23 11:00:00,A,PC_GDP,NCO,S11,LIAB,F4,EL,2020,64.5,p
ESTAT:NASA_10_F_BS(1.0),14/03/23 11:00:00,A,PC_GDP,NCO,S11,LIAB,F4,EL,2021,62.8,p
ESTAT:NASA_10_F_BS(1.0),14/03/23 11:00:00,A,PC_GDP,NCO,S11,LIAB,F4,ES,2000,70.0,
ESTAT:NASA_10_F_BS(1.0),14/03/23 11:00:00,A,PC_GDP,NCO,S11,LIAB,F4,ES,2001,77.5,
ESTAT:NASA_10_F_BS(1.0),14/03/23 11:00:00,A,PC_GDP,NCO,S11,LIAB,F4,ES,2002,80.6,
ESTAT:NASA_10_F_BS(1.0),14/03/23 11:00:00,A,PC_GDP,NCO,S11,LIAB,F4,ES,2003,85.3,
ESTAT:NASA_10_F_BS(1.0),14/03/23 11:00:00,A,PC_GDP,NCO,S11,LIAB,F4,ES,2004,91.9,
ESTAT:NASA_10_F_BS(1.0),14/03/23 11:00:00,A,PC_GDP,NCO,S11,LIAB,F4,ES,2005,101.5,
ESTAT:NASA_10_F_BS(1.0),14/03/23 11:00:00,A,PC_GDP,NCO,S11,LIAB,F4,ES,2006,114.4,
ESTAT:NASA_10_F_BS(1.0),14/03/23 11:00:00,A,PC_GDP,NCO,S11,LIAB,F4,ES,2007,124.3,
ESTAT:NASA_10_F_BS(1.0),14/03/23 11:00:00,A,PC_GDP,NCO,S11,LIAB,F4,ES,2008,128.3,
ESTAT:NASA_10_F_BS(1.0),14/03/23 11:00:00,A,PC_GDP,NCO,S11,LIAB,F4,ES,2009,132.8,
ESTAT:NASA_10_F_BS(1.0),14/03/23 11:00:00,A,PC_GDP,NCO,S11,LIAB,F4,ES,2010,134.0,
ESTAT:NASA_10_F_BS(1.0),14/03/23 11:00:00,A,PC_GDP,NCO,S11,LIAB,F4,ES,2011,130.9,
ESTAT:NASA_10_F_BS(1.0),14/03/23 11:00:00,A,PC_GDP,NCO,S11,LIAB,F4,ES,2012,122.5,
ESTAT:NASA_10_F_BS(1.0),14/03/23 11:00:00,A,PC_GDP,NCO,S11,LIAB,F4,ES,2013,116.1,
ESTAT:NASA_10_F_BS(1.0),14/03/23 11:00:00,A,PC_GDP,NCO,S11,LIAB,F4,ES,2014,107.7,
ESTAT:NASA_10_F_BS(1.0),14/03/23 11:00:00,A,PC_GDP,NCO,S11,LIAB,F4,ES,2015,101.6,
ESTAT:NASA_10_F_BS(1.0),14/03/23 11:00:00,A,PC_GDP,NCO,S11,LIAB,F4,ES,2016,96.5,
ESTAT:NASA_10_F_BS(1.0),14/03/23 11:00:00,A,PC_GDP,NCO,S11,LIAB,F4,ES,2017,90.4,
ESTAT:NASA_10_F_BS(1.0),14/03/23 11:00:00,A,PC_GDP,NCO,S11,LIAB,F4,ES,2018,86.6,
ESTAT:NASA_10_F_BS(1.0),14/03/23 11:00:00,A,PC_GDP,NCO,S11,LIAB,F4,ES,2019,83.7,
ESTAT:NASA_10_F_BS(1.0),14/03/23 11:00:00,A,PC_GDP,NCO,S11,LIAB,F4,ES,2020,96.7,p
ESTAT:NASA_10_F_BS(1.0),14/03/23 11:00:00,A,PC_GDP,NCO,S11,LIAB,F4,ES,2021,92.1,p
ESTAT:NASA_10_F_BS(1.0),14/03/23 11:00:00,A,PC_GDP,NCO,S11,LIAB,F4,FI,2000,80.5,
ESTAT:NASA_10_F_BS(1.0),14/03/23 11:00:00,A,PC_GDP,NCO,S11,LIAB,F4,FI,2001,74.5,
ESTAT:NASA_10_F_BS(1.0),14/03/23 11:00:00,A,PC_GDP,NCO,S11,LIAB,F4,FI,2002,74.4,
ESTAT:NASA_10_F_BS(1.0),14/03/23 11:00:00,A,PC_GDP,NCO,S11,LIAB,F4,FI,2003,76.5,
ESTAT:NASA_10_F_BS(1.0),14/03/23 11:00:00,A,PC_GDP,NCO,S11,LIAB,F4,FI,2004,76.5,
ESTAT:NASA_10_F_BS(1.0),14/03/23 11:00:00,A,PC_GDP,NCO,S11,LIAB,F4,FI,2005,74.9,
ESTAT:NASA_10_F_BS(1.0),14/03/23 11:00:00,A,PC_GDP,NCO,S11,LIAB,F4,FI,2006,77.3,
ESTAT:NASA_10_F_BS(1.0),14/03/23 11:00:00,A,PC_GDP,NCO,S11,LIAB,F4,FI,2007,81.0,
ESTAT:NASA_10_F_BS(1.0),14/03/23 11:00:00,A,PC_GDP,NCO,S11,LIAB,F4,FI,2008,95.3,
ESTAT:NASA_10_F_BS(1.0),14/03/23 11:00:00,A,PC_GDP,NCO,S11,LIAB,F4,FI,2009,93.8,
ESTAT:NASA_10_F_BS(1.0),14/03/23 11:00:00,A,PC_GDP,NCO,S11,LIAB,F4,FI,2010,93.5,
ESTAT:NASA_10_F_BS(1.0),14/03/23 11:00:00,A,PC_GDP,NCO,S11,LIAB,F4,FI,2011,94.8,
ESTAT:NASA_10_F_BS(1.0),14/03/23 11:00:00,A,PC_GDP,NCO,S11,LIAB,F4,FI,2012,94.1,
ESTAT:NASA_10_F_BS(1.0),14/03/23 11:00:00,A,PC_GDP,NCO,S11,LIAB,F4,FI,2013,96.7,
ESTAT:NASA_10_F_BS(1.0),14/03/23 11:00:00,A,PC_GDP,NCO,S11,LIAB,F4,FI,2014,101.9,
ESTAT:NASA_10_F_BS(1.0),14/03/23 11:00:00,A,PC_GDP,NCO,S11,LIAB,F4,FI,2015,110.3,
ESTAT:NASA_10_F_BS(1.0),14/03/23 11:00:00,A,PC_GDP,NCO,S11,LIAB,F4,FI,2016,100.2,
ESTAT:NASA_10_F_BS(1.0),14/03/23 11:00:00,A,PC_GDP,NCO,S11,LIAB,F4,FI,2017,108.2,
ESTAT:NASA_10_F_BS(1.0),14/03/23 11:00:00,A,PC_GDP,NCO,S11,LIAB,F4,FI,2018,107.5,
ESTAT:NASA_10_F_BS(1.0),14/03/23 11:00:00,A,PC_GDP,NCO,S11,LIAB,F4,FI,2019,104.8,
ESTAT:NASA_10_F_BS(1.0),14/03/23 11:00:00,A,PC_GDP,NCO,S11,LIAB,F4,FI,2020,108.0,
ESTAT:NASA_10_F_BS(1.0),14/03/23 11:00:00,A,PC_GDP,NCO,S11,LIAB,F4,FI,2021,106.5,
ESTAT:NASA_10_F_BS(1.0),14/03/23 11:00:00,A,PC_GDP,NCO,S11,LIAB,F4,FR,2000,81.9,
ESTAT:NASA_10_F_BS(1.0),14/03/23 11:00:00,A,PC_GDP,NCO,S11,LIAB,F4,FR,2001,83.5,
ESTAT:NASA_10_F_BS(1.0),14/03/23 11:00:00,A,PC_GDP,NCO,S11,LIAB,F4,FR,2002,83.9,
ESTAT:NASA_10_F_BS(1.0),14/03/23 11:00:00,A,PC_GDP,NCO,S11,LIAB,F4,FR,2003,81.1,
ESTAT:NASA_10_F_BS(1.0),14/03/23 11:00:00,A,PC_GDP,NCO,S11,LIAB,F4,FR,2004,82.5,
ESTAT:NASA_10_F_BS(1.0),14/03/23 11:00:00,A,PC_GDP,NCO,S11,LIAB,F4,FR,2005,84.3,
ESTAT:NASA_10_F_BS(1.0),14/03/23 11:00:00,A,PC_GDP,NCO,S11,LIAB,F4,FR,2006,87.0,
ESTAT:NASA_10_F_BS(1.0),14/03/23 11:00:00,A,PC_GDP,NCO,S11,LIAB,F4,FR,2007,90.7,
ESTAT:NASA_10_F_BS(1.0),14/03/23 11:00:00,A,PC_GDP,NCO,S11,LIAB,F4,FR,2008,94.7,
ESTAT:NASA_10_F_BS(1.0),14/03/23 11:00:00,A,PC_GDP,NCO,S11,LIAB,F4,FR,2009,94.5,
ESTAT:NASA_10_F_BS(1.0),14/03/23 11:00:00,A,PC_GDP,NCO,S11,LIAB,F4,FR,2010,92.6,
ESTAT:NASA_10_F_BS(1.0),14/03/23 11:00:00,A,PC_GDP,NCO,S11,LIAB,F4,FR,2011,96.9,
ESTAT:NASA_10_F_BS(1.0),14/03/23 11:00:00,A,PC_GDP,NCO,S11,LIAB,F4,FR,2012,97.1,
ESTAT:NASA_10_F_BS(1.0),14/03/23 11:00:00,A,PC_GDP,NCO,S11,LIAB,F4,FR,2013,95.2,
ESTAT:NASA_10_F_BS(1.0),14/03/23 11:00:00,A,PC_GDP,NCO,S11,LIAB,F4,FR,2014,104.2,
ESTAT:NASA_10_F_BS(1.0),14/03/23 11:00:00,A,PC_GDP,NCO,S11,LIAB,F4,FR,2015,109.2,
ESTAT:NASA_10_F_BS(1.0),14/03/23 11:00:00,A,PC_GDP,NCO,S11,LIAB,F4,FR,2016,116.4,
ESTAT:NASA_10_F_BS(1.0),14/03/23 11:00:00,A,PC_GDP,NCO,S11,LIAB,F4,FR,2017,116.8,
ESTAT:NASA_10_F_BS(1.0),14/03/23 11:00:00,A,PC_GDP,NCO,S11,LIAB,F4,FR,2018,120.9,
ESTAT:NASA_10_F_BS(1.0),14/03/23 11:00:00,A,PC_GDP,NCO,S11,LIAB,F4,FR,2019,125.0,
ESTAT:NASA_10_F_BS(1.0),14/03/23 11:00:00,A,PC_GDP,NCO,S11,LIAB,F4,FR,2020,144.0,p
ESTAT:NASA_10_F_BS(1.0),14/03/23 11:00:00,A,PC_GDP,NCO,S11,LIAB,F4,FR,2021,138.9,p
ESTAT:NASA_10_F_BS(1.0),14/03/23 11:00:00,A,PC_GDP,NCO,S11,LIAB,F4,HR,2000,43.7,
ESTAT:NASA_10_F_BS(1.0),14/03/23 11:00:00,A,PC_GDP,NCO,S11,LIAB,F4,HR,2001,53.8,
ESTAT:NASA_10_F_BS(1.0),14/03/23 11:00:00,A,PC_GDP,NCO,S11,LIAB,F4,HR,2002,56.2,
ESTAT:NASA_10_F_BS(1.0),14/03/23 11:00:00,A,PC_GDP,NCO,S11,LIAB,F4,HR,2003,55.4,
ESTAT:NASA_10_F_BS(1.0),14/03/23 11:00:00,A,PC_GDP,NCO,S11,LIAB,F4,HR,2004,57.2,
ESTAT:NASA_10_F_BS(1.0),14/03/23 11:00:00,A,PC_GDP,NCO,S11,LIAB,F4,HR,2005,59.1,
ESTAT:NASA_10_F_BS(1.0),14/03/23 11:00:00,A,PC_GDP,NCO,S11,LIAB,F4,HR,2006,64.3,
ESTAT:NASA_10_F_BS(1.0),14/03/23 11:00:00,A,PC_GDP,NCO,S11,LIAB,F4,HR,2007,70.4,
ESTAT:NASA_10_F_BS(1.0),14/03/23 11:00:00,A,PC_GDP,NCO,S11,LIAB,F4,HR,2008,77.9,
ESTAT:NASA_10_F_BS(1.0),14/03/23 11:00:00,A,PC_GDP,NCO,S11,LIAB,F4,HR,2009,88.9,
ESTAT:NASA_10_F_BS(1.0),14/03/23 11:00:00,A,PC_GDP,NCO,S11,LIAB,F4,HR,2010,97.1,
ESTAT:NASA_10_F_BS(1.0),14/03/23 11:00:00,A,PC_GDP,NCO,S11,LIAB,F4,HR,2011,96.2,
ESTAT:NASA_10_F_BS(1.0),14/03/23 11:00:00,A,PC_GDP,NCO,S11,LIAB,F4,HR,2012,93.4,
ESTAT:NASA_10_F_BS(1.0),14/03/23 11:00:00,A,PC_GDP,NCO,S11,LIAB,F4,HR,2013,94.2,
ESTAT:NASA_10_F_BS(1.0),14/03/23 11:00:00,A,PC_GDP,NCO,S11,LIAB,F4,HR,2014,94.6,
ESTAT:NASA_10_F_BS(1.0),14/03/23 11:00:00,A,PC_GDP,NCO,S11,LIAB,F4,HR,2015,93.1,
ESTAT:NASA_10_F_BS(1.0),14/03/23 11:00:00,A,PC_GDP,NCO,S11,LIAB,F4,HR,2016,89.9,
ESTAT:NASA_10_F_BS(1.0),14/03/23 11:00:00,A,PC_GDP,NCO,S11,LIAB,F4,HR,2017,88.5,
ESTAT:NASA_10_F_BS(1.0),14/03/23 11:00:00,A,PC_GDP,NCO,S11,LIAB,F4,HR,2018,87.0,
ESTAT:NASA_10_F_BS(1.0),14/03/23 11:00:00,A,PC_GDP,NCO,S11,LIAB,F4,HR,2019,80.9,
ESTAT:NASA_10_F_BS(1.0),14/03/23 11:00:00,A,PC_GDP,NCO,S11,LIAB,F4,HR,2020,89.1,
ESTAT:NASA_10_F_BS(1.0),14/03/23 11:00:00,A,PC_GDP,NCO,S11,LIAB,F4,HR,2021,79.2,p
ESTAT:NASA_10_F_BS(1.0),14/03/23 11:00:00,A,PC_GDP,NCO,S11,LIAB,F4,HU,2000,53.0,
ESTAT:NASA_10_F_BS(1.0),14/03/23 11:00:00,A,PC_GDP,NCO,S11,LIAB,F4,HU,2001,53.1,
ESTAT:NASA_10_F_BS(1.0),14/03/23 11:00:00,A,PC_GDP,NCO,S11,LIAB,F4,HU,2002,48.9,
ESTAT:NASA_10_F_BS(1.0),14/03/23 11:00:00,A,PC_GDP,NCO,S11,LIAB,F4,HU,2003,54.1,
ESTAT:NASA_10_F_BS(1.0),14/03/23 11:00:00,A,PC_GDP,NCO,S11,LIAB,F4,HU,2004,56.8,
ESTAT:NASA_10_F_BS(1.0),14/03/23 11:00:00,A,PC_GDP,NCO,S11,LIAB,F4,HU,2005,63.1,
ESTAT:NASA_10_F_BS(1.0),14/03/23 11:00:00,A,PC_GDP,NCO,S11,LIAB,F4,HU,2006,65.7,
ESTAT:NASA_10_F_BS(1.0),14/03/23 11:00:00,A,PC_GDP,NCO,S11,LIAB,F4,HU,2007,76.9,
ESTAT:NASA_10_F_BS(1.0),14/03/23 11:00:00,A,PC_GDP,NCO,S11,LIAB,F4,HU,2008,79.4,
ESTAT:NASA_10_F_BS(1.0),14/03/23 11:00:00,A,PC_GDP,NCO,S11,LIAB,F4,HU,2009,89.7,
ESTAT:NASA_10_F_BS(1.0),14/03/23 11:00:00,A,PC_GDP,NCO,S11,LIAB,F4,HU,2010,84.1,
ESTAT:NASA_10_F_BS(1.0),14/03/23 11:00:00,A,PC_GDP,NCO,S11,LIAB,F4,HU,2011,86.2,
ESTAT:NASA_10_F_BS(1.0),14/03/23 11:00:00,A,PC_GDP,NCO,S11,LIAB,F4,HU,2012,81.3,
ESTAT:NASA_10_F_BS(1.0),14/03/23 11:00:00,A,PC_GDP,NCO,S11,LIAB,F4,HU,2013,77.5,
ESTAT:NASA_10_F_BS(1.0),14/03/23 11:00:00,A,PC_GDP,NCO,S11,LIAB,F4,HU,2014,77.0,
ESTAT:NASA_10_F_BS(1.0),14/03/23 11:00:00,A,PC_GDP,NCO,S11,LIAB,F4,HU,2015,72.3,
ESTAT:NASA_10_F_BS(1.0),14/03/23 11:00:00,A,PC_GDP,NCO,S11,LIAB,F4,HU,2016,67.8,
ESTAT:NASA_10_F_BS(1.0),14/03/23 11:00:00,A,PC_GDP,NCO,S11,LIAB,F4,HU,2017,63.9,
ESTAT:NASA_10_F_BS(1.0),14/03/23 11:00:00,A,PC_GDP,NCO,S11,LIAB,F4,HU,2018,63.3,
ESTAT:NASA_10_F_BS(1.0),14/03/23 11:00:00,A,PC_GDP,NCO,S11,LIAB,F4,HU,2019,62.2,
ESTAT:NASA_10_F_BS(1.0),14/03/23 11:00:00,A,PC_GDP,NCO,S11,LIAB,F4,HU,2020,67.8,
ESTAT:NASA_10_F_BS(1.0),14/03/23 11:00:00,A,PC_GDP,NCO,S11,LIAB,F4,HU,2021,72.9,p
ESTAT:NASA_10_F_BS(1.0),14/03/23 11:00:00,A,PC_GDP,NCO,S11,LIAB,F4,IE,2000,89.6,e
ESTAT:NASA_10_F_BS(1.0),14/03/23 11:00:00,A,PC_GDP,NCO,S11,LIAB,F4,IE,2001,91.7,
ESTAT:NASA_10_F_BS(1.0),14/03/23 11:00:00,A,PC_GDP,NCO,S11,LIAB,F4,IE,2002,84.2,
ESTAT:NASA_10_F_BS(1.0),14/03/23 11:00:00,A,PC_GDP,NCO,S11,LIAB,F4,IE,2003,79.2,
ESTAT:NASA_10_F_BS(1.0),14/03/23 11:00:00,A,PC_GDP,NCO,S11,LIAB,F4,IE,2004,76.5,
ESTAT:NASA_10_F_BS(1.0),14/03/23 11:00:00,A,PC_GDP,NCO,S11,LIAB,F4,IE,2005,84.8,
ESTAT:NASA_10_F_BS(1.0),14/03/23 11:00:00,A,PC_GDP,NCO,S11,LIAB,F4,IE,2006,96.8,
ESTAT:NASA_10_F_BS(1.0),14/03/23 11:00:00,A,PC_GDP,NCO,S11,LIAB,F4,IE,2007,98.9,
ESTAT:NASA_10_F_BS(1.0),14/03/23 11:00:00,A,PC_GDP,NCO,S11,LIAB,F4,IE,2008,145.7,
ESTAT:NASA_10_F_BS(1.0),14/03/23 11:00:00,A,PC_GDP,NCO,S11,LIAB,F4,IE,2009,161.8,
ESTAT:NASA_10_F_BS(1.0),14/03/23 11:00:00,A,PC_GDP,NCO,S11,LIAB,F4,IE,2010,166.2,
ESTAT:NASA_10_F_BS(1.0),14/03/23 11:00:00,A,PC_GDP,NCO,S11,LIAB,F4,IE,2011,188.5,
ESTAT:NASA_10_F_BS(1.0),14/03/23 11:00:00,A,PC_GDP,NCO,S11,LIAB,F4,IE,2012,200.5,
ESTAT:NASA_10_F_BS(1.0),14/03/23 11:00:00,A,PC_GDP,NCO,S11,LIAB,F4,IE,2013,191.1,
ESTAT:NASA_10_F_BS(1.0),14/03/23 11:00:00,A,PC_GDP,NCO,S11,LIAB,F4,IE,2014,215.0,
ESTAT:NASA_10_F_BS(1.0),14/03/23 11:00:00,A,PC_GDP,NCO,S11,LIAB,F4,IE,2015,264.9,
ESTAT:NASA_10_F_BS(1.0),14/03/23 11:00:00,A,PC_GDP,NCO,S11,LIAB,F4,IE,2016,250.9,
ESTAT:NASA_10_F_BS(1.0),14/03/23 11:00:00,A,PC_GDP,NCO,S11,LIAB,F4,IE,2017,224.1,
ESTAT:NASA_10_F_BS(1.0),14/03/23 11:00:00,A,PC_GDP,NCO,S11,LIAB,F4,IE,2018,216.1,
ESTAT:NASA_10_F_BS(1.0),14/03/23 11:00:00,A,PC_GDP,NCO,S11,LIAB,F4,IE,2019,188.9,
ESTAT:NASA_10_F_BS(1.0),14/03/23 11:00:00,A,PC_GDP,NCO,S11,LIAB,F4,IE,2020,166.1,
ESTAT:NASA_10_F_BS(1.0),14/03/23 11:00:00,A,PC_GDP,NCO,S11,LIAB,F4,IE,2021,147.3,
ESTAT:NASA_10_F_BS(1.0),14/03/23 11:00:00,A,PC_GDP,NCO,S11,LIAB,F4,IS,2004,136.5,
ESTAT:NASA_10_F_BS(1.0),14/03/23 11:00:00,A,PC_GDP,NCO,S11,LIAB,F4,IS,2005,181.8,
ESTAT:NASA_10_F_BS(1.0),14/03/23 11:00:00,A,PC_GDP,NCO,S11,LIAB,F4,IS,2006,261.3,
ESTAT:NASA_10_F_BS(1.0),14/03/23 11:00:00,A,PC_GDP,NCO,S11,LIAB,F4,IS,2007,348.8,
ESTAT:NASA_10_F_BS(1.0),14/03/23 11:00:00,A,PC_GDP,NCO,S11,LIAB,F4,IS,2008,397.8,
ESTAT:NASA_10_F_BS(1.0),14/03/23 11:00:00,A,PC_GDP,NCO,S11,LIAB,F4,IS,2009,427.6,
ESTAT:NASA_10_F_BS(1.0),14/03/23 11:00:00,A,PC_GDP,NCO,S11,LIAB,F4,IS,2010,294.2,
ESTAT:NASA_10_F_BS(1.0),14/03/23 11:00:00,A,PC_GDP,NCO,S11,LIAB,F4,IS,2011,217.5,
ESTAT:NASA_10_F_BS(1.0),14/03/23 11:00:00,A,PC_GDP,NCO,S11,LIAB,F4,IS,2012,179.0,
ESTAT:NASA_10_F_BS(1.0),14/03/23 11:00:00,A,PC_GDP,NCO,S11,LIAB,F4,IS,2013,142.0,
ESTAT:NASA_10_F_BS(1.0),14/03/23 11:00:00,A,PC_GDP,NCO,S11,LIAB,F4,IS,2014,133.8,
ESTAT:NASA_10_F_BS(1.0),14/03/23 11:00:00,A,PC_GDP,NCO,S11,LIAB,F4,IS,2015,118.8,
ESTAT:NASA_10_F_BS(1.0),14/03/23 11:00:00,A,PC_GDP,NCO,S11,LIAB,F4,IS,2016,96.0,
ESTAT:NASA_10_F_BS(1.0),14/03/23 11:00:00,A,PC_GDP,NCO,S11,LIAB,F4,IS,2017,98.6,b
ESTAT:NASA_10_F_BS(1.0),14/03/23 11:00:00,A,PC_GDP,NCO,S11,LIAB,F4,IS,2018,79.6,
ESTAT:NASA_10_F_BS(1.0),14/03/23 11:00:00,A,PC_GDP,NCO,S11,LIAB,F4,IS,2019,70.1,
ESTAT:NASA_10_F_BS(1.0),14/03/23 11:00:00,A,PC_GDP,NCO,S11,LIAB,F4,IS,2020,117.0,
ESTAT:NASA_10_F_BS(1.0),14/03/23 11:00:00,A,PC_GDP,NCO,S11,LIAB,F4,IS,2021,104.6,p
ESTAT:NASA_10_F_BS(1.0),14/03/23 11:00:00,A,PC_GDP,NCO,S11,LIAB,F4,IT,2000,55.0,
ESTAT:NASA_10_F_BS(1.0),14/03/23 11:00:00,A,PC_GDP,NCO,S11,LIAB,F4,IT,2001,56.3,
ESTAT:NASA_10_F_BS(1.0),14/03/23 11:00:00,A,PC_GDP,NCO,S11,LIAB,F4,IT,2002,56.4,
ESTAT:NASA_10_F_BS(1.0),14/03/23 11:00:00,A,PC_GDP,NCO,S11,LIAB,F4,IT,2003,58.6,
ESTAT:NASA_10_F_BS(1.0),14/03/23 11:00:00,A,PC_GDP,NCO,S11,LIAB,F4,IT,2004,59.2,
ESTAT:NASA_10_F_BS(1.0),14/03/23 11:00:00,A,PC_GDP,NCO,S11,LIAB,F4,IT,2005,61.8,
ESTAT:NASA_10_F_BS(1.0),14/03/23 11:00:00,A,PC_GDP,NCO,S11,LIAB,F4,IT,2006,64.8,
ESTAT:NASA_10_F_BS(1.0),14/03/23 11:00:00,A,PC_GDP,NCO,S11,LIAB,F4,IT,2007,70.5,
ESTAT:NASA_10_F_BS(1.0),14/03/23 11:00:00,A,PC_GDP,NCO,S11,LIAB,F4,IT,2008,73.5,
ESTAT:NASA_10_F_BS(1.0),14/03/23 11:00:00,A,PC_GDP,NCO,S11,LIAB,F4,IT,2009,77.3,
ESTAT:NASA_10_F_BS(1.0),14/03/23 11:00:00,A,PC_GDP,NCO,S11,LIAB,F4,IT,2010,76.0,
ESTAT:NASA_10_F_BS(1.0),14/03/23 11:00:00,A,PC_GDP,NCO,S11,LIAB,F4,IT,2011,75.7,
ESTAT:NASA_10_F_BS(1.0),14/03/23 11:00:00,A,PC_GDP,NCO,S11,LIAB,F4,IT,2012,75.4,
ESTAT:NASA_10_F_BS(1.0),14/03/23 11:00:00,A,PC_GDP,NCO,S11,LIAB,F4,IT,2013,72.9,
ESTAT:NASA_10_F_BS(1.0),14/03/23 11:00:00,A,PC_GDP,NCO,S11,LIAB,F4,IT,2014,71.0,
ESTAT:NASA_10_F_BS(1.0),14/03/23 11:00:00,A,PC_GDP,NCO,S11,LIAB,F4,IT,2015,68.0,
ESTAT:NASA_10_F_BS(1.0),14/03/23 11:00:00,A,PC_GDP,NCO,S11,LIAB,F4,IT,2016,65.6,
ESTAT:NASA_10_F_BS(1.0),14/03/23 11:00:00,A,PC_GDP,NCO,S11,LIAB,F4,IT,2017,62.2,
ESTAT:NASA_10_F_BS(1.0),14/03/23 11:00:00,A,PC_GDP,NCO,S11,LIAB,F4,IT,2018,61.5,
ESTAT:NASA_10_F_BS(1.0),14/03/23 11:00:00,A,PC_GDP,NCO,S11,LIAB,F4,IT,2019,60.1,
ESTAT:NASA_10_F_BS(1.0),14/03/23 11:00:00,A,PC_GDP,NCO,S11,LIAB,F4,IT,2020,67.7,
ESTAT:NASA_10_F_BS(1.0),14/03/23 11:00:00,A,PC_GDP,NCO,S11,LIAB,F4,IT,2021,63.3,
ESTAT:NASA_10_F_BS(1.0),14/03/23 11:00:00,A,PC_GDP,NCO,S11,LIAB,F4,LT,2000,29.6,
ESTAT:NASA_10_F_BS(1.0),14/03/23 11:00:00,A,PC_GDP,NCO,S11,LIAB,F4,LT,2001,27.4,
ESTAT:NASA_10_F_BS(1.0),14/03/23 11:00:00,A,PC_GDP,NCO,S11,LIAB,F4,LT,2002,27.6,
ESTAT:NASA_10_F_BS(1.0),14/03/23 11:00:00,A,PC_GDP,NCO,S11,LIAB,F4,LT,2003,30.9,
ESTAT:NASA_10_F_BS(1.0),14/03/23 11:00:00,A,PC_GDP,NCO,S11,LIAB,F4,LT,2004,32.9,
ESTAT:NASA_10_F_BS(1.0),14/03/23 11:00:00,A,PC_GDP,NCO,S11,LIAB,F4,LT,2005,37.8,
ESTAT:NASA_10_F_BS(1.0),14/03/23 11:00:00,A,PC_GDP,NCO,S11,LIAB,F4,LT,2006,43.9,
ESTAT:NASA_10_F_BS(1.0),14/03/23 11:00:00,A,PC_GDP,NCO,S11,LIAB,F4,LT,2007,56.3,
ESTAT:NASA_10_F_BS(1.0),14/03/23 11:00:00,A,PC_GDP,NCO,S11,LIAB,F4,LT,2008,55.3,
ESTAT:NASA_10_F_BS(1.0),14/03/23 11:00:00,A,PC_GDP,NCO,S11,LIAB,F4,LT,2009,53.6,
ESTAT:NASA_10_F_BS(1.0),14/03/23 11:00:00,A,PC_GDP,NCO,S11,LIAB,F4,LT,2010,48.4,
ESTAT:NASA_10_F_BS(1.0),14/03/23 11:00:00,A,PC_GDP,NCO,S11,LIAB,F4,LT,2011,42.6,
ESTAT:NASA_10_F_BS(1.0),14/03/23 11:00:00,A,PC_GDP,NCO,S11,LIAB,F4,LT,2012,41.6,
ESTAT:NASA_10_F_BS(1.0),14/03/23 11:00:00,A,PC_GDP,NCO,S11,LIAB,F4,LT,2013,39.7,
ESTAT:NASA_10_F_BS(1.0),14/03/23 11:00:00,A,PC_GDP,NCO,S11,LIAB,F4,LT,2014,36.6,
ESTAT:NASA_10_F_BS(1.0),14/03/23 11:00:00,A,PC_GDP,NCO,S11,LIAB,F4,LT,2015,37.3,
ESTAT:NASA_10_F_BS(1.0),14/03/23 11:00:00,A,PC_GDP,NCO,S11,LIAB,F4,LT,2016,40.0,
ESTAT:NASA_10_F_BS(1.0),14/03/23 11:00:00,A,PC_GDP,NCO,S11,LIAB,F4,LT,2017,40.6,
ESTAT:NASA_10_F_BS(1.0),14/03/23 11:00:00,A,PC_GDP,NCO,S11,LIAB,F4,LT,2018,39.2,
ESTAT:NASA_10_F_BS(1.0),14/03/23 11:00:00,A,PC_GDP,NCO,S11,LIAB,F4,LT,2019,38.0,
ESTAT:NASA_10_F_BS(1.0),14/03/23 11:00:00,A,PC_GDP,NCO,S11,LIAB,F4,LT,2020,33.3,
ESTAT:NASA_10_F_BS(1.0),14/03/23 11:00:00,A,PC_GDP,NCO,S11,LIAB,F4,LT,2021,36.1,
ESTAT:NASA_10_F_BS(1.0),14/03/23 11:00:00,A,PC_GDP,NCO,S11,LIAB,F4,LU,2000,87.2,
ESTAT:NASA_10_F_BS(1.0),14/03/23 11:00:00,A,PC_GDP,NCO,S11,LIAB,F4,LU,2001,128.3,
ESTAT:NASA_10_F_BS(1.0),14/03/23 11:00:00,A,PC_GDP,NCO,S11,LIAB,F4,LU,2002,131.4,
ESTAT:NASA_10_F_BS(1.0),14/03/23 11:00:00,A,PC_GDP,NCO,S11,LIAB,F4,LU,2003,178.4,
ESTAT:NASA_10_F_BS(1.0),14/03/23 11:00:00,A,PC_GDP,NCO,S11,LIAB,F4,LU,2004,157.3,
ESTAT:NASA_10_F_BS(1.0),14/03/23 11:00:00,A,PC_GDP,NCO,S11,LIAB,F4,LU,2005,151.1,
ESTAT:NASA_10_F_BS(1.0),14/03/23 11:00:00,A,PC_GDP,NCO,S11,LIAB,F4,LU,2006,158.5,
ESTAT:NASA_10_F_BS(1.0),14/03/23 11:00:00,A,PC_GDP,NCO,S11,LIAB,F4,LU,2007,274.6,
ESTAT:NASA_10_F_BS(1.0),14/03/23 11:00:00,A,PC_GDP,NCO,S11,LIAB,F4,LU,2008,257.0,
ESTAT:NASA_10_F_BS(1.0),14/03/23 11:00:00,A,PC_GDP,NCO,S11,LIAB,F4,LU,2009,270.7,
ESTAT:NASA_10_F_BS(1.0),14/03/23 11:00:00,A,PC_GDP,NCO,S11,LIAB,F4,LU,2010,233.3,
ESTAT:NASA_10_F_BS(1.0),14/03/23 11:00:00,A,PC_GDP,NCO,S11,LIAB,F4,LU,2011,249.0,
ESTAT:NASA_10_F_BS(1.0),14/03/23 11:00:00,A,PC_GDP,NCO,S11,LIAB,F4,LU,2012,252.6,
ESTAT:NASA_10_F_BS(1.0),14/03/23 11:00:00,A,PC_GDP,NCO,S11,LIAB,F4,LU,2013,260.5,
ESTAT:NASA_10_F_BS(1.0),14/03/23 11:00:00,A,PC_GDP,NCO,S11,LIAB,F4,LU,2014,280.0,
ESTAT:NASA_10_F_BS(1.0),14/03/23 11:00:00,A,PC_GDP,NCO,S11,LIAB,F4,LU,2015,280.0,
ESTAT:NASA_10_F_BS(1.0),14/03/23 11:00:00,A,PC_GDP,NCO,S11,LIAB,F4,LU,2016,270.6,
ESTAT:NASA_10_F_BS(1.0),14/03/23 11:00:00,A,PC_GDP,NCO,S11,LIAB,F4,LU,2017,263.4,
ESTAT:NASA_10_F_BS(1.0),14/03/23 11:00:00,A,PC_GDP,NCO,S11,LIAB,F4,LU,2018,263.0,
ESTAT:NASA_10_F_BS(1.0),14/03/23 11:00:00,A,PC_GDP,NCO,S11,LIAB,F4,LU,2019,293.2,
ESTAT:NASA_10_F_BS(1.0),14/03/23 11:00:00,A,PC_GDP,NCO,S11,LIAB,F4,LU,2020,288.9,
ESTAT:NASA_10_F_BS(1.0),14/03/23 11:00:00,A,PC_GDP,NCO,S11,LIAB,F4,LU,2021,305.5,p
ESTAT:NASA_10_F_BS(1.0),14/03/23 11:00:00,A,PC_GDP,NCO,S11,LIAB,F4,LV,2000,41.9,
ESTAT:NASA_10_F_BS(1.0),14/03/23 11:00:00,A,PC_GDP,NCO,S11,LIAB,F4,LV,2001,41.6,
ESTAT:NASA_10_F_BS(1.0),14/03/23 11:00:00,A,PC_GDP,NCO,S11,LIAB,F4,LV,2002,43.1,
ESTAT:NASA_10_F_BS(1.0),14/03/23 11:00:00,A,PC_GDP,NCO,S11,LIAB,F4,LV,2003,43.1,
ESTAT:NASA_10_F_BS(1.0),14/03/23 11:00:00,A,PC_GDP,NCO,S11,LIAB,F4,LV,2004,52.5,
ESTAT:NASA_10_F_BS(1.0),14/03/23 11:00:00,A,PC_GDP,NCO,S11,LIAB,F4,LV,2005,58.3,
ESTAT:NASA_10_F_BS(1.0),14/03/23 11:00:00,A,PC_GDP,NCO,S11,LIAB,F4,LV,2006,66.3,
ESTAT:NASA_10_F_BS(1.0),14/03/23 11:00:00,A,PC_GDP,NCO,S11,LIAB,F4,LV,2007,67.4,
ESTAT:NASA_10_F_BS(1.0),14/03/23 11:00:00,A,PC_GDP,NCO,S11,LIAB,F4,LV,2008,71.8,
ESTAT:NASA_10_F_BS(1.0),14/03/23 11:00:00,A,PC_GDP,NCO,S11,LIAB,F4,LV,2009,88.1,
ESTAT:NASA_10_F_BS(1.0),14/03/23 11:00:00,A,PC_GDP,NCO,S11,LIAB,F4,LV,2010,90.8,
ESTAT:NASA_10_F_BS(1.0),14/03/23 11:00:00,A,PC_GDP,NCO,S11,LIAB,F4,LV,2011,91.4,
ESTAT:NASA_10_F_BS(1.0),14/03/23 11:00:00,A,PC_GDP,NCO,S11,LIAB,F4,LV,2012,77.4,
ESTAT:NASA_10_F_BS(1.0),14/03/23 11:00:00,A,PC_GDP,NCO,S11,LIAB,F4,LV,2013,73.3,
ESTAT:NASA_10_F_BS(1.0),14/03/23 11:00:00,A,PC_GDP,NCO,S11,LIAB,F4,LV,2014,68.9,
ESTAT:NASA_10_F_BS(1.0),14/03/23 11:00:00,A,PC_GDP,NCO,S11,LIAB,F4,LV,2015,60.8,
ESTAT:NASA_10_F_BS(1.0),14/03/23 11:00:00,A,PC_GDP,NCO,S11,LIAB,F4,LV,2016,63.0,
ESTAT:NASA_10_F_BS(1.0),14/03/23 11:00:00,A,PC_GDP,NCO,S11,LIAB,F4,LV,2017,61.1,
ESTAT:NASA_10_F_BS(1.0),14/03/23 11:00:00,A,PC_GDP,NCO,S11,LIAB,F4,LV,2018,56.1,
ESTAT:NASA_10_F_BS(1.0),14/03/23 11:00:00,A,PC_GDP,NCO,S11,LIAB,F4,LV,2019,54.8,
ESTAT:NASA_10_F_BS(1.0),14/03/23 11:00:00,A,PC_GDP,NCO,S11,LIAB,F4,LV,2020,53.6,
ESTAT:NASA_10_F_BS(1.0),14/03/23 11:00:00,A,PC_GDP,NCO,S11,LIAB,F4,LV,2021,45.0,
ESTAT:NASA_10_F_BS(1.0),14/03/23 11:00:00,A,PC_GDP,NCO,S11,LIAB,F4,MK,2013,60.8,
ESTAT:NASA_10_F_BS(1.0),14/03/23 11:00:00,A,PC_GDP,NCO,S11,LIAB,F4,MK,2014,59.8,
ESTAT:NASA_10_F_BS(1.0),14/03/23 11:00:00,A,PC_GDP,NCO,S11,LIAB,F4,MK,2015,61.5,
ESTAT:NASA_10_F_BS(1.0),14/03/23 11:00:00,A,PC_GDP,NCO,S11,LIAB,F4,MK,2016,59.0,
ESTAT:NASA_10_F_BS(1.0),14/03/23 11:00:00,A,PC_GDP,NCO,S11,LIAB,F4,MK,2017,57.1,
ESTAT:NASA_10_F_BS(1.0),14/03/23 11:00:00,A,PC_GDP,NCO,S11,LIAB,F4,MK,2018,56.0,
ESTAT:NASA_10_F_BS(1.0),14/03/23 11:00:00,A,PC_GDP,NCO,S11,LIAB,F4,MK,2019,56.4,
ESTAT:NASA_10_F_BS(1.0),14/03/23 11:00:00,A,PC_GDP,NCO,S11,LIAB,F4,MK,2020,64.1,
ESTAT:NASA_10_F_BS(1.0),14/03/23 11:00:00,A,PC_GDP,NCO,S11,LIAB,F4,MK,2021,63.9,p
ESTAT:NASA_10_F_BS(1.0),14/03/23 11:00:00,A,PC_GDP,NCO,S11,LIAB,F4,MT,2000,100.3,e
ESTAT:NASA_10_F_BS(1.0),14/03/23 11:00:00,A,PC_GDP,NCO,S11,LIAB,F4,MT,2001,104.6,e
ESTAT:NASA_10_F_BS(1.0),14/03/23 11:00:00,A,PC_GDP,NCO,S11,LIAB,F4,MT,2002,106.6,e
ESTAT:NASA_10_F_BS(1.0),14/03/23 11:00:00,A,PC_GDP,NCO,S11,LIAB,F4,MT,2003,107.8,e
ESTAT:NASA_10_F_BS(1.0),14/03/23 11:00:00,A,PC_GDP,NCO,S11,LIAB,F4,MT,2004,100.2,
ESTAT:NASA_10_F_BS(1.0),14/03/23 11:00:00,A,PC_GDP,NCO,S11,LIAB,F4,MT,2005,106.0,
ESTAT:NASA_10_F_BS(1.0),14/03/23 11:00:00,A,PC_GDP,NCO,S11,LIAB,F4,MT,2006,101.2,
ESTAT:NASA_10_F_BS(1.0),14/03/23 11:00:00,A,PC_GDP,NCO,S11,LIAB,F4,MT,2007,120.5,
ESTAT:NASA_10_F_BS(1.0),14/03/23 11:00:00,A,PC_GDP,NCO,S11,LIAB,F4,MT,2008,135.2,
ESTAT:NASA_10_F_BS(1.0),14/03/23 11:00:00,A,PC_GDP,NCO,S11,LIAB,F4,MT,2009,151.7,
ESTAT:NASA_10_F_BS(1.0),14/03/23 11:00:00,A,PC_GDP,NCO,S11,LIAB,F4,MT,2010,154.7,
ESTAT:NASA_10_F_BS(1.0),14/03/23 11:00:00,A,PC_GDP,NCO,S11,LIAB,F4,MT,2011,165.3,
ESTAT:NASA_10_F_BS(1.0),14/03/23 11:00:00,A,PC_GDP,NCO,S11,LIAB,F4,MT,2012,160.8,
ESTAT:NASA_10_F_BS(1.0),14/03/23 11:00:00,A,PC_GDP,NCO,S11,LIAB,F4,MT,2013,151.2,
ESTAT:NASA_10_F_BS(1.0),14/03/23 11:00:00,A,PC_GDP,NCO,S11,LIAB,F4,MT,2014,146.7,
ESTAT:NASA_10_F_BS(1.0),14/03/23 11:00:00,A,PC_GDP,NCO,S11,LIAB,F4,MT,2015,144.3,
ESTAT:NASA_10_F_BS(1.0),14/03/23 11:00:00,A,PC_GDP,NCO,S11,LIAB,F4,MT,2016,144.1,
ESTAT:NASA_10_F_BS(1.0),14/03/23 11:00:00,A,PC_GDP,NCO,S11,LIAB,F4,MT,2017,144.9,
ESTAT:NASA_10_F_BS(1.0),14/03/23 11:00:00,A,PC_GDP,NCO,S11,LIAB,F4,MT,2018,150.6,
ESTAT:NASA_10_F_BS(1.0),14/03/23 11:00:00,A,PC_GDP,NCO,S11,LIAB,F4,MT,2019,162.9,
ESTAT:NASA_10_F_BS(1.0),14/03/23 11:00:00,A,PC_GDP,NCO,S11,LIAB,F4,MT,2020,171.4,
ESTAT:NASA_10_F_BS(1.0),14/03/23 11:00:00,A,PC_GDP,NCO,S11,LIAB,F4,MT,2021,153.6,
ESTAT:NASA_10_F_BS(1.0),14/03/23 11:00:00,A,PC_GDP,NCO,S11,LIAB,F4,NL,2000,113.1,
ESTAT:NASA_10_F_BS(1.0),14/03/23 11:00:00,A,PC_GDP,NCO,S11,LIAB,F4,NL,2001,108.7,
ESTAT:NASA_10_F_BS(1.0),14/03/23 11:00:00,A,PC_GDP,NCO,S11,LIAB,F4,NL,2002,104.7,
ESTAT:NASA_10_F_BS(1.0),14/03/23 11:00:00,A,PC_GDP,NCO,S11,LIAB,F4,NL,2003,113.7,
ESTAT:NASA_10_F_BS(1.0),14/03/23 11:00:00,A,PC_GDP,NCO,S11,LIAB,F4,NL,2004,111.7,
ESTAT:NASA_10_F_BS(1.0),14/03/23 11:00:00,A,PC_GDP,NCO,S11,LIAB,F4,NL,2005,112.9,
ESTAT:NASA_10_F_BS(1.0),14/03/23 11:00:00,A,PC_GDP,NCO,S11,LIAB,F4,NL,2006,108.1,
ESTAT:NASA_10_F_BS(1.0),14/03/23 11:00:00,A,PC_GDP,NCO,S11,LIAB,F4,NL,2007,108.6,
ESTAT:NASA_10_F_BS(1.0),14/03/23 11:00:00,A,PC_GDP,NCO,S11,LIAB,F4,NL,2008,110.7,
ESTAT:NASA_10_F_BS(1.0),14/03/23 11:00:00,A,PC_GDP,NCO,S11,LIAB,F4,NL,2009,120.4,
ESTAT:NASA_10_F_BS(1.0),14/03/23 11:00:00,A,PC_GDP,NCO,S11,LIAB,F4,NL,2010,133.1,
ESTAT:NASA_10_F_BS(1.0),14/03/23 11:00:00,A,PC_GDP,NCO,S11,LIAB,F4,NL,2011,145.6,
ESTAT:NASA_10_F_BS(1.0),14/03/23 11:00:00,A,PC_GDP,NCO,S11,LIAB,F4,NL,2012,149.1,
ESTAT:NASA_10_F_BS(1.0),14/03/23 11:00:00,A,PC_GDP,NCO,S11,LIAB,F4,NL,2013,152.4,
ESTAT:NASA_10_F_BS(1.0),14/03/23 11:00:00,A,PC_GDP,NCO,S11,LIAB,F4,NL,2014,161.3,
ESTAT:NASA_10_F_BS(1.0),14/03/23 11:00:00,A,PC_GDP,NCO,S11,LIAB,F4,NL,2015,160.6,
ESTAT:NASA_10_F_BS(1.0),14/03/23 11:00:00,A,PC_GDP,NCO,S11,LIAB,F4,NL,2016,157.7,
ESTAT:NASA_10_F_BS(1.0),14/03/23 11:00:00,A,PC_GDP,NCO,S11,LIAB,F4,NL,2017,150.1,
ESTAT:NASA_10_F_BS(1.0),14/03/23 11:00:00,A,PC_GDP,NCO,S11,LIAB,F4,NL,2018,143.4,
ESTAT:NASA_10_F_BS(1.0),14/03/23 11:00:00,A,PC_GDP,NCO,S11,LIAB,F4,NL,2019,133.3,
ESTAT:NASA_10_F_BS(1.0),14/03/23 11:00:00,A,PC_GDP,NCO,S11,LIAB,F4,NL,2020,130.3,p
ESTAT:NASA_10_F_BS(1.0),14/03/23 11:00:00,A,PC_GDP,NCO,S11,LIAB,F4,NL,2021,128.5,p
ESTAT:NASA_10_F_BS(1.0),14/03/23 11:00:00,A,PC_GDP,NCO,S11,LIAB,F4,NO,2000,88.7,
ESTAT:NASA_10_F_BS(1.0),14/03/23 11:00:00,A,PC_GDP,NCO,S11,LIAB,F4,NO,2001,93.9,
ESTAT:NASA_10_F_BS(1.0),14/03/23 11:00:00,A,PC_GDP,NCO,S11,LIAB,F4,NO,2002,97.0,
ESTAT:NASA_10_F_BS(1.0),14/03/23 11:00:00,A,PC_GDP,NCO,S11,LIAB,F4,NO,2003,95.9,
ESTAT:NASA_10_F_BS(1.0),14/03/23 11:00:00,A,PC_GDP,NCO,S11,LIAB,F4,NO,2004,102.0,
ESTAT:NASA_10_F_BS(1.0),14/03/23 11:00:00,A,PC_GDP,NCO,S11,LIAB,F4,NO,2005,100.6,
ESTAT:NASA_10_F_BS(1.0),14/03/23 11:00:00,A,PC_GDP,NCO,S11,LIAB,F4,NO,2006,101.2,
ESTAT:NASA_10_F_BS(1.0),14/03/23 11:00:00,A,PC_GDP,NCO,S11,LIAB,F4,NO,2007,115.2,
ESTAT:NASA_10_F_BS(1.0),14/03/23 11:00:00,A,PC_GDP,NCO,S11,LIAB,F4,NO,2008,132.7,
ESTAT:NASA_10_F_BS(1.0),14/03/23 11:00:00,A,PC_GDP,NCO,S11,LIAB,F4,NO,2009,129.4,
ESTAT:NASA_10_F_BS(1.0),14/03/23 11:00:00,A,PC_GDP,NCO,S11,LIAB,F4,NO,2010,129.8,
ESTAT:NASA_10_F_BS(1.0),14/03/23 11:00:00,A,PC_GDP,NCO,S11,LIAB,F4,NO,2011,123.6,
ESTAT:NASA_10_F_BS(1.0),14/03/23 11:00:00,A,PC_GDP,NCO,S11,LIAB,F4,NO,2012,128.6,
ESTAT:NASA_10_F_BS(1.0),14/03/23 11:00:00,A,PC_GDP,NCO,S11,LIAB,F4,NO,2013,120.0,
ESTAT:NASA_10_F_BS(1.0),14/03/23 11:00:00,A,PC_GDP,NCO,S11,LIAB,F4,NO,2014,120.5,
ESTAT:NASA_10_F_BS(1.0),14/03/23 11:00:00,A,PC_GDP,NCO,S11,LIAB,F4,NO,2015,131.1,
ESTAT:NASA_10_F_BS(1.0),14/03/23 11:00:00,A,PC_GDP,NCO,S11,LIAB,F4,NO,2016,130.5,
ESTAT:NASA_10_F_BS(1.0),14/03/23 11:00:00,A,PC_GDP,NCO,S11,LIAB,F4,NO,2017,121.9,
ESTAT:NASA_10_F_BS(1.0),14/03/23 11:00:00,A,PC_GDP,NCO,S11,LIAB,F4,NO,2018,114.4,
ESTAT:NASA_10_F_BS(1.0),14/03/23 11:00:00,A,PC_GDP,NCO,S11,LIAB,F4,NO,2019,122.7,
ESTAT:NASA_10_F_BS(1.0),14/03/23 11:00:00,A,PC_GDP,NCO,S11,LIAB,F4,NO,2020,139.4,
ESTAT:NASA_10_F_BS(1.0),14/03/23 11:00:00,A,PC_GDP,NCO,S11,LIAB,F4,NO,2021,125.7,
ESTAT:NASA_10_F_BS(1.0),14/03/23 11:00:00,A,PC_GDP,NCO,S11,LIAB,F4,NO,2022,97.3,
ESTAT:NASA_10_F_BS(1.0),14/03/23 11:00:00,A,PC_GDP,NCO,S11,LIAB,F4,PL,2000,28.7,
ESTAT:NASA_10_F_BS(1.0),14/03/23 11:00:00,A,PC_GDP,NCO,S11,LIAB,F4,PL,2001,29.6,
ESTAT:NASA_10_F_BS(1.0),14/03/23 11:00:00,A,PC_GDP,NCO,S11,LIAB,F4,PL,2002,32.9,
ESTAT:NASA_10_F_BS(1.0),14/03/23 11:00:00,A,PC_GDP,NCO,S11,LIAB,F4,PL,2003,30.8,b
ESTAT:NASA_10_F_BS(1.0),14/03/23 11:00:00,A,PC_GDP,NCO,S11,LIAB,F4,PL,2004,25.9,
ESTAT:NASA_10_F_BS(1.0),14/03/23 11:00:00,A,PC_GDP,NCO,S11,LIAB,F4,PL,2005,25.3,
ESTAT:NASA_10_F_BS(1.0),14/03/23 11:00:00,A,PC_GDP,NCO,S11,LIAB,F4,PL,2006,29.2,
ESTAT:NASA_10_F_BS(1.0),14/03/23 11:00:00,A,PC_GDP,NCO,S11,LIAB,F4,PL,2007,30.8,
ESTAT:NASA_10_F_BS(1.0),14/03/23 11:00:00,A,PC_GDP,NCO,S11,LIAB,F4,PL,2008,37.0,
ESTAT:NASA_10_F_BS(1.0),14/03/23 11:00:00,A,PC_GDP,NCO,S11,LIAB,F4,PL,2009,35.6,
ESTAT:NASA_10_F_BS(1.0),14/03/23 11:00:00,A,PC_GDP,NCO,S11,LIAB,F4,PL,2010,35.6,
ESTAT:NASA_10_F_BS(1.0),14/03/23 11:00:00,A,PC_GDP,NCO,S11,LIAB,F4,PL,2011,38.1,
ESTAT:NASA_10_F_BS(1.0),14/03/23 11:00:00,A,PC_GDP,NCO,S11,LIAB,F4,PL,2012,38.5,
ESTAT:NASA_10_F_BS(1.0),14/03/23 11:00:00,A,PC_GDP,NCO,S11,LIAB,F4,PL,2013,39.2,
ESTAT:NASA_10_F_BS(1.0),14/03/23 11:00:00,A,PC_GDP,NCO,S11,LIAB,F4,PL,2014,40.4,
ESTAT:NASA_10_F_BS(1.0),14/03/23 11:00:00,A,PC_GDP,NCO,S11,LIAB,F4,PL,2015,41.6,
ESTAT:NASA_10_F_BS(1.0),14/03/23 11:00:00,A,PC_GDP,NCO,S11,LIAB,F4,PL,2016,43.5,
ESTAT:NASA_10_F_BS(1.0),14/03/23 11:00:00,A,PC_GDP,NCO,S11,LIAB,F4,PL,2017,40.8,
ESTAT:NASA_10_F_BS(1.0),14/03/23 11:00:00,A,PC_GDP,NCO,S11,LIAB,F4,PL,2018,41.2,
ESTAT:NASA_10_F_BS(1.0),14/03/23 11:00:00,A,PC_GDP,NCO,S11,LIAB,F4,PL,2019,40.3,
ESTAT:NASA_10_F_BS(1.0),14/03/23 11:00:00,A,PC_GDP,NCO,S11,LIAB,F4,PL,2020,42.3,
ESTAT:NASA_10_F_BS(1.0),14/03/23 11:00:00,A,PC_GDP,NCO,S11,LIAB,F4,PL,2021,40.1,
ESTAT:NASA_10_F_BS(1.0),14/03/23 11:00:00,A,PC_GDP,NCO,S11,LIAB,F4,PT,2000,75.6,
ESTAT:NASA_10_F_BS(1.0),14/03/23 11:00:00,A,PC_GDP,NCO,S11,LIAB,F4,PT,2001,81.2,
ESTAT:NASA_10_F_BS(1.0),14/03/23 11:00:00,A,PC_GDP,NCO,S11,LIAB,F4,PT,2002,81.5,
ESTAT:NASA_10_F_BS(1.0),14/03/23 11:00:00,A,PC_GDP,NCO,S11,LIAB,F4,PT,2003,86.3,
ESTAT:NASA_10_F_BS(1.0),14/03/23 11:00:00,A,PC_GDP,NCO,S11,LIAB,F4,PT,2004,90.6,
ESTAT:NASA_10_F_BS(1.0),14/03/23 11:00:00,A,PC_GDP,NCO,S11,LIAB,F4,PT,2005,88.3,
ESTAT:NASA_10_F_BS(1.0),14/03/23 11:00:00,A,PC_GDP,NCO,S11,LIAB,F4,PT,2006,87.3,
ESTAT:NASA_10_F_BS(1.0),14/03/23 11:00:00,A,PC_GDP,NCO,S11,LIAB,F4,PT,2007,91.8,
ESTAT:NASA_10_F_BS(1.0),14/03/23 11:00:00,A,PC_GDP,NCO,S11,LIAB,F4,PT,2008,99.8,
ESTAT:NASA_10_F_BS(1.0),14/03/23 11:00:00,A,PC_GDP,NCO,S11,LIAB,F4,PT,2009,104.4,
ESTAT:NASA_10_F_BS(1.0),14/03/23 11:00:00,A,PC_GDP,NCO,S11,LIAB,F4,PT,2010,108.2,
ESTAT:NASA_10_F_BS(1.0),14/03/23 11:00:00,A,PC_GDP,NCO,S11,LIAB,F4,PT,2011,113.6,
ESTAT:NASA_10_F_BS(1.0),14/03/23 11:00:00,A,PC_GDP,NCO,S11,LIAB,F4,PT,2012,120.0,
ESTAT:NASA_10_F_BS(1.0),14/03/23 11:00:00,A,PC_GDP,NCO,S11,LIAB,F4,PT,2013,114.8,
ESTAT:NASA_10_F_BS(1.0),14/03/23 11:00:00,A,PC_GDP,NCO,S11,LIAB,F4,PT,2014,110.1,
ESTAT:NASA_10_F_BS(1.0),14/03/23 11:00:00,A,PC_GDP,NCO,S11,LIAB,F4,PT,2015,105.3,
ESTAT:NASA_10_F_BS(1.0),14/03/23 11:00:00,A,PC_GDP,NCO,S11,LIAB,F4,PT,2016,98.5,
ESTAT:NASA_10_F_BS(1.0),14/03/23 11:00:00,A,PC_GDP,NCO,S11,LIAB,F4,PT,2017,93.8,
ESTAT:NASA_10_F_BS(1.0),14/03/23 11:00:00,A,PC_GDP,NCO,S11,LIAB,F4,PT,2018,88.2,
ESTAT:NASA_10_F_BS(1.0),14/03/23 11:00:00,A,PC_GDP,NCO,S11,LIAB,F4,PT,2019,84.4,
ESTAT:NASA_10_F_BS(1.0),14/03/23 11:00:00,A,PC_GDP,NCO,S11,LIAB,F4,PT,2020,91.6,
ESTAT:NASA_10_F_BS(1.0),14/03/23 11:00:00,A,PC_GDP,NCO,S11,LIAB,F4,PT,2021,86.5,p
ESTAT:NASA_10_F_BS(1.0),14/03/23 11:00:00,A,PC_GDP,NCO,S11,LIAB,F4,RO,2000,27.9,
ESTAT:NASA_10_F_BS(1.0),14/03/23 11:00:00,A,PC_GDP,NCO,S11,LIAB,F4,RO,2001,28.6,
ESTAT:NASA_10_F_BS(1.0),14/03/23 11:00:00,A,PC_GDP,NCO,S11,LIAB,F4,RO,2002,30.2,
ESTAT:NASA_10_F_BS(1.0),14/03/23 11:00:00,A,PC_GDP,NCO,S11,LIAB,F4,RO,2003,30.6,
ESTAT:NASA_10_F_BS(1.0),14/03/23 11:00:00,A,PC_GDP,NCO,S11,LIAB,F4,RO,2004,29.3,
ESTAT:NASA_10_F_BS(1.0),14/03/23 11:00:00,A,PC_GDP,NCO,S11,LIAB,F4,RO,2005,31.6,
ESTAT:NASA_10_F_BS(1.0),14/03/23 11:00:00,A,PC_GDP,NCO,S11,LIAB,F4,RO,2006,35.3,
ESTAT:NASA_10_F_BS(1.0),14/03/23 11:00:00,A,PC_GDP,NCO,S11,LIAB,F4,RO,2007,43.2,
ESTAT:NASA_10_F_BS(1.0),14/03/23 11:00:00,A,PC_GDP,NCO,S11,LIAB,F4,RO,2008,48.9,
ESTAT:NASA_10_F_BS(1.0),14/03/23 11:00:00,A,PC_GDP,NCO,S11,LIAB,F4,RO,2009,55.0,
ESTAT:NASA_10_F_BS(1.0),14/03/23 11:00:00,A,PC_GDP,NCO,S11,LIAB,F4,RO,2010,51.7,
ESTAT:NASA_10_F_BS(1.0),14/03/23 11:00:00,A,PC_GDP,NCO,S11,LIAB,F4,RO,2011,50.0,
ESTAT:NASA_10_F_BS(1.0),14/03/23 11:00:00,A,PC_GDP,NCO,S11,LIAB,F4,RO,2012,49.8,
ESTAT:NASA_10_F_BS(1.0),14/03/23 11:00:00,A,PC_GDP,NCO,S11,LIAB,F4,RO,2013,48.9,
ESTAT:NASA_10_F_BS(1.0),14/03/23 11:00:00,A,PC_GDP,NCO,S11,LIAB,F4,RO,2014,44.9,
ESTAT:NASA_10_F_BS(1.0),14/03/23 11:00:00,A,PC_GDP,NCO,S11,LIAB,F4,RO,2015,42.6,
ESTAT:NASA_10_F_BS(1.0),14/03/23 11:00:00,A,PC_GDP,NCO,S11,LIAB,F4,RO,2016,38.9,
ESTAT:NASA_10_F_BS(1.0),14/03/23 11:00:00,A,PC_GDP,NCO,S11,LIAB,F4,RO,2017,36.0,
ESTAT:NASA_10_F_BS(1.0),14/03/23 11:00:00,A,PC_GDP,NCO,S11,LIAB,F4,RO,2018,32.6,
ESTAT:NASA_10_F_BS(1.0),14/03/23 11:00:00,A,PC_GDP,NCO,S11,LIAB,F4,RO,2019,32.3,
ESTAT:NASA_10_F_BS(1.0),14/03/23 11:00:00,A,PC_GDP,NCO,S11,LIAB,F4,RO,2020,32.8,
ESTAT:NASA_10_F_BS(1.0),14/03/23 11:00:00,A,PC_GDP,NCO,S11,LIAB,F4,RO,2021,32.9,p
ESTAT:NASA_10_F_BS(1.0),14/03/23 11:00:00,A,PC_GDP,NCO,S11,LIAB,F4,SE,2000,96.5,
ESTAT:NASA_10_F_BS(1.0),14/03/23 11:00:00,A,PC_GDP,NCO,S11,LIAB,F4,SE,2001,100.4,
ESTAT:NASA_10_F_BS(1.0),14/03/23 11:00:00,A,PC_GDP,NCO,S11,LIAB,F4,SE,2002,98.5,
ESTAT:NASA_10_F_BS(1.0),14/03/23 11:00:00,A,PC_GDP,NCO,S11,LIAB,F4,SE,2003,93.1,
ESTAT:NASA_10_F_BS(1.0),14/03/23 11:00:00,A,PC_GDP,NCO,S11,LIAB,F4,SE,2004,91.7,
ESTAT:NASA_10_F_BS(1.0),14/03/23 11:00:00,A,PC_GDP,NCO,S11,LIAB,F4,SE,2005,94.9,
ESTAT:NASA_10_F_BS(1.0),14/03/23 11:00:00,A,PC_GDP,NCO,S11,LIAB,F4,SE,2006,97.5,
ESTAT:NASA_10_F_BS(1.0),14/03/23 11:00:00,A,PC_GDP,NCO,S11,LIAB,F4,SE,2007,112.9,
ESTAT:NASA_10_F_BS(1.0),14/03/23 11:00:00,A,PC_GDP,NCO,S11,LIAB,F4,SE,2008,134.9,
ESTAT:NASA_10_F_BS(1.0),14/03/23 11:00:00,A,PC_GDP,NCO,S11,LIAB,F4,SE,2009,140.1,
ESTAT:NASA_10_F_BS(1.0),14/03/23 11:00:00,A,PC_GDP,NCO,S11,LIAB,F4,SE,2010,130.0,
ESTAT:NASA_10_F_BS(1.0),14/03/23 11:00:00,A,PC_GDP,NCO,S11,LIAB,F4,SE,2011,132.7,
ESTAT:NASA_10_F_BS(1.0),14/03/23 11:00:00,A,PC_GDP,NCO,S11,LIAB,F4,SE,2012,131.9,
ESTAT:NASA_10_F_BS(1.0),14/03/23 11:00:00,A,PC_GDP,NCO,S11,LIAB,F4,SE,2013,131.6,
ESTAT:NASA_10_F_BS(1.0),14/03/23 11:00:00,A,PC_GDP,NCO,S11,LIAB,F4,SE,2014,130.8,
ESTAT:NASA_10_F_BS(1.0),14/03/23 11:00:00,A,PC_GDP,NCO,S11,LIAB,F4,SE,2015,134.2,
ESTAT:NASA_10_F_BS(1.0),14/03/23 11:00:00,A,PC_GDP,NCO,S11,LIAB,F4,SE,2016,128.8,
ESTAT:NASA_10_F_BS(1.0),14/03/23 11:00:00,A,PC_GDP,NCO,S11,LIAB,F4,SE,2017,130.5,
ESTAT:NASA_10_F_BS(1.0),14/03/23 11:00:00,A,PC_GDP,NCO,S11,LIAB,F4,SE,2018,128.3,
ESTAT:NASA_10_F_BS(1.0),14/03/23 11:00:00,A,PC_GDP,NCO,S11,LIAB,F4,SE,2019,133.8,
ESTAT:NASA_10_F_BS(1.0),14/03/23 11:00:00,A,PC_GDP,NCO,S11,LIAB,F4,SE,2020,141.9,
ESTAT:NASA_10_F_BS(1.0),14/03/23 11:00:00,A,PC_GDP,NCO,S11,LIAB,F4,SE,2021,149.5,
ESTAT:NASA_10_F_BS(1.0),14/03/23 11:00:00,A,PC_GDP,NCO,S11,LIAB,F4,SI,2000,43.2,
ESTAT:NASA_10_F_BS(1.0),14/03/23 11:00:00,A,PC_GDP,NCO,S11,LIAB,F4,SI,2001,47.1,
ESTAT:NASA_10_F_BS(1.0),14/03/23 11:00:00,A,PC_GDP,NCO,S11,LIAB,F4,SI,2002,49.5,
ESTAT:NASA_10_F_BS(1.0),14/03/23 11:00:00,A,PC_GDP,NCO,S11,LIAB,F4,SI,2003,52.8,
ESTAT:NASA_10_F_BS(1.0),14/03/23 11:00:00,A,PC_GDP,NCO,S11,LIAB,F4,SI,2004,56.5,
ESTAT:NASA_10_F_BS(1.0),14/03/23 11:00:00,A,PC_GDP,NCO,S11,LIAB,F4,SI,2005,63.4,
ESTAT:NASA_10_F_BS(1.0),14/03/23 11:00:00,A,PC_GDP,NCO,S11,LIAB,F4,SI,2006,66.5,
ESTAT:NASA_10_F_BS(1.0),14/03/23 11:00:00,A,PC_GDP,NCO,S11,LIAB,F4,SI,2007,78.1,
ESTAT:NASA_10_F_BS(1.0),14/03/23 11:00:00,A,PC_GDP,NCO,S11,LIAB,F4,SI,2008,87.9,
ESTAT:NASA_10_F_BS(1.0),14/03/23 11:00:00,A,PC_GDP,NCO,S11,LIAB,F4,SI,2009,93.1,
ESTAT:NASA_10_F_BS(1.0),14/03/23 11:00:00,A,PC_GDP,NCO,S11,LIAB,F4,SI,2010,92.4,
ESTAT:NASA_10_F_BS(1.0),14/03/23 11:00:00,A,PC_GDP,NCO,S11,LIAB,F4,SI,2011,92.7,
ESTAT:NASA_10_F_BS(1.0),14/03/23 11:00:00,A,PC_GDP,NCO,S11,LIAB,F4,SI,2012,90.7,
ESTAT:NASA_10_F_BS(1.0),14/03/23 11:00:00,A,PC_GDP,NCO,S11,LIAB,F4,SI,2013,85.8,
ESTAT:NASA_10_F_BS(1.0),14/03/23 11:00:00,A,PC_GDP,NCO,S11,LIAB,F4,SI,2014,76.0,
ESTAT:NASA_10_F_BS(1.0),14/03/23 11:00:00,A,PC_GDP,NCO,S11,LIAB,F4,SI,2015,64.8,
ESTAT:NASA_10_F_BS(1.0),14/03/23 11:00:00,A,PC_GDP,NCO,S11,LIAB,F4,SI,2016,58.4,
ESTAT:NASA_10_F_BS(1.0),14/03/23 11:00:00,A,PC_GDP,NCO,S11,LIAB,F4,SI,2017,53.0,
ESTAT:NASA_10_F_BS(1.0),14/03/23 11:00:00,A,PC_GDP,NCO,S11,LIAB,F4,SI,2018,49.4,
ESTAT:NASA_10_F_BS(1.0),14/03/23 11:00:00,A,PC_GDP,NCO,S11,LIAB,F4,SI,2019,46.4,
ESTAT:NASA_10_F_BS(1.0),14/03/23 11:00:00,A,PC_GDP,NCO,S11,LIAB,F4,SI,2020,46.3,
ESTAT:NASA_10_F_BS(1.0),14/03/23 11:00:00,A,PC_GDP,NCO,S11,LIAB,F4,SI,2021,44.9,
ESTAT:NASA_10_F_BS(1.0),14/03/23 11:00:00,A,PC_GDP,NCO,S11,LIAB,F4,SK,2000,37.4,
ESTAT:NASA_10_F_BS(1.0),14/03/23 11:00:00,A,PC_GDP,NCO,S11,LIAB,F4,SK,2001,36.8,
ESTAT:NASA_10_F_BS(1.0),14/03/23 11:00:00,A,PC_GDP,NCO,S11,LIAB,F4,SK,2002,41.6,
ESTAT:NASA_10_F_BS(1.0),14/03/23 11:00:00,A,PC_GDP,NCO,S11,LIAB,F4,SK,2003,37.1,
ESTAT:NASA_10_F_BS(1.0),14/03/23 11:00:00,A,PC_GDP,NCO,S11,LIAB,F4,SK,2004,35.7,
ESTAT:NASA_10_F_BS(1.0),14/03/23 11:00:00,A,PC_GDP,NCO,S11,LIAB,F4,SK,2005,34.6,
ESTAT:NASA_10_F_BS(1.0),14/03/23 11:00:00,A,PC_GDP,NCO,S11,LIAB,F4,SK,2006,36.3,
ESTAT:NASA_10_F_BS(1.0),14/03/23 11:00:00,A,PC_GDP,NCO,S11,LIAB,F4,SK,2007,41.6,
ESTAT:NASA_10_F_BS(1.0),14/03/23 11:00:00,A,PC_GDP,NCO,S11,LIAB,F4,SK,2008,43.6,
ESTAT:NASA_10_F_BS(1.0),14/03/23 11:00:00,A,PC_GDP,NCO,S11,LIAB,F4,SK,2009,46.2,
ESTAT:NASA_10_F_BS(1.0),14/03/23 11:00:00,A,PC_GDP,NCO,S11,LIAB,F4,SK,2010,43.0,
ESTAT:NASA_10_F_BS(1.0),14/03/23 11:00:00,A,PC_GDP,NCO,S11,LIAB,F4,SK,2011,45.3,
ESTAT:NASA_10_F_BS(1.0),14/03/23 11:00:00,A,PC_GDP,NCO,S11,LIAB,F4,SK,2012,45.2,
ESTAT:NASA_10_F_BS(1.0),14/03/23 11:00:00,A,PC_GDP,NCO,S11,LIAB,F4,SK,2013,45.7,
ESTAT:NASA_10_F_BS(1.0),14/03/23 11:00:00,A,PC_GDP,NCO,S11,LIAB,F4,SK,2014,44.3,
ESTAT:NASA_10_F_BS(1.0),14/03/23 11:00:00,A,PC_GDP,NCO,S11,LIAB,F4,SK,2015,43.4,
ESTAT:NASA_10_F_BS(1.0),14/03/23 11:00:00,A,PC_GDP,NCO,S11,LIAB,F4,SK,2016,48.6,
ESTAT:NASA_10_F_BS(1.0),14/03/23 11:00:00,A,PC_GDP,NCO,S11,LIAB,F4,SK,2017,48.9,
ESTAT:NASA_10_F_BS(1.0),14/03/23 11:00:00,A,PC_GDP,NCO,S11,LIAB,F4,SK,2018,47.5,
ESTAT:NASA_10_F_BS(1.0),14/03/23 11:00:00,A,PC_GDP,NCO,S11,LIAB,F4,SK,2019,47.4,
ESTAT:NASA_10_F_BS(1.0),14/03/23 11:00:00,A,PC_GDP,NCO,S11,LIAB,F4,SK,2020,48.8,
ESTAT:NASA_10_F_BS(1.0),14/03/23 11:00:00,A,PC_GDP,NCO,S11,LIAB,F4,SK,2021,48.2,
ESTAT:NASA_10_F_BS(1.0),14/03/23 11:00:00,A,PC_GDP,NCO,S11,LIAB,F4,TR,2010,39.6,
ESTAT:NASA_10_F_BS(1.0),14/03/23 11:00:00,A,PC_GDP,NCO,S11,LIAB,F4,TR,2011,43.6,
ESTAT:NASA_10_F_BS(1.0),14/03/23 11:00:00,A,PC_GDP,NCO,S11,LIAB,F4,TR,2012,43.9,
ESTAT:NASA_10_F_BS(1.0),14/03/23 11:00:00,A,PC_GDP,NCO,S11,LIAB,F4,TR,2013,51.0,
ESTAT:NASA_10_F_BS(1.0),14/03/23 11:00:00,A,PC_GDP,NCO,S11,LIAB,F4,TR,2014,54.5,
ESTAT:NASA_10_F_BS(1.0),14/03/23 11:00:00,A,PC_GDP,NCO,S11,LIAB,F4,TR,2015,60.0,
ESTAT:NASA_10_F_BS(1.0),14/03/23 11:00:00,A,PC_GDP,NCO,S11,LIAB,F4,TR,2016,65.2,
ESTAT:NASA_10_F_BS(1.0),14/03/23 11:00:00,A,PC_GDP,NCO,S11,LIAB,F4,TR,2017,65.1,
ESTAT:NASA_10_F_BS(1.0),14/03/23 11:00:00,A,PC_GDP,NCO,S11,LIAB,F4,TR,2018,66.1,
ESTAT:NASA_10_F_BS(1.0),14/03/23 11:00:00,A,PC_GDP,NCO,S11,LIAB,F4,TR,2019,63.1,
ESTAT:NASA_10_F_BS(1.0),14/03/23 11:00:00,A,PC_GDP,NCO,S11,LIAB,F4,TR,2020,69.9,
ESTAT:NASA_10_F_BS(1.0),14/03/23 11:00:00,A,PC_GDP,NCO,S11,LIAB,F4,TR,2021,72.0,
ESTAT:NASA_10_F_BS(1.0),14/03/23 11:00:00,A,PC_GDP,NCO,S11,LIAB,F4,UK,2000,50.9,
ESTAT:NASA_10_F_BS(1.0),14/03/23 11:00:00,A,PC_GDP,NCO,S11,LIAB,F4,UK,2001,55.3,
ESTAT:NASA_10_F_BS(1.0),14/03/23 11:00:00,A,PC_GDP,NCO,S11,LIAB,F4,UK,2002,57.8,
ESTAT:NASA_10_F_BS(1.0),14/03/23 11:00:00,A,PC_GDP,NCO,S11,LIAB,F4,UK,2003,55.6,
ESTAT:NASA_10_F_BS(1.0),14/03/23 11:00:00,A,PC_GDP,NCO,S11,LIAB,F4,UK,2004,56.0,
ESTAT:NASA_10_F_BS(1.0),14/03/23 11:00:00,A,PC_GDP,NCO,S11,LIAB,F4,UK,2005,61.5,
ESTAT:NASA_10_F_BS(1.0),14/03/23 11:00:00,A,PC_GDP,NCO,S11,LIAB,F4,UK,2006,65.0,
ESTAT:NASA_10_F_BS(1.0),14/03/23 11:00:00,A,PC_GDP,NCO,S11,LIAB,F4,UK,2007,66.2,
ESTAT:NASA_10_F_BS(1.0),14/03/23 11:00:00,A,PC_GDP,NCO,S11,LIAB,F4,UK,2008,76.2,
ESTAT:NASA_10_F_BS(1.0),14/03/23 11:00:00,A,PC_GDP,NCO,S11,LIAB,F4,UK,2009,70.3,
ESTAT:NASA_10_F_BS(1.0),14/03/23 11:00:00,A,PC_GDP,NCO,S11,LIAB,F4,UK,2010,66.0,
ESTAT:NASA_10_F_BS(1.0),14/03/23 11:00:00,A,PC_GDP,NCO,S11,LIAB,F4,UK,2011,62.0,
ESTAT:NASA_10_F_BS(1.0),14/03/23 11:00:00,A,PC_GDP,NCO,S11,LIAB,F4,UK,2012,63.9,
ESTAT:NASA_10_F_BS(1.0),14/03/23 11:00:00,A,PC_GDP,NCO,S11,LIAB,F4,UK,2013,59.8,
ESTAT:NASA_10_F_BS(1.0),14/03/23 11:00:00,A,PC_GDP,NCO,S11,LIAB,F4,UK,2014,55.3,
ESTAT:NASA_10_F_BS(1.0),14/03/23 11:00:00,A,PC_GDP,NCO,S11,LIAB,F4,UK,2015,54.0,
ESTAT:NASA_10_F_BS(1.0),14/03/23 11:00:00,A,PC_GDP,NCO,S11,LIAB,F4,UK,2016,56.0,
ESTAT:NASA_10_F_BS(1.0),14/03/23 11:00:00,A,PC_GDP,NCO,S11,LIAB,F4,UK,2017,57.6,
ESTAT:NASA_10_F_BS(1.0),14/03/23 11:00:00,A,PC_GDP,NCO,S11,LIAB,F4,UK,2018,57.2,
ESTAT:NASA_10_F_BS(1.0),14/03/23 11:00:00,A,PC_GDP,NCO,S11,LIAB,F4,UK,2019,53.2,
