DATAFLOW,LAST UPDATE,freq,unit,direct,na_item,sector,geo,TIME_PERIOD,OBS_VALUE,OBS_FLAG
ESTAT:NASA_10_NF_TR(1.0),13/02/23 23:00:00,A,CP_MEUR,RECV,B2A3N,S14,AT,2000,19271,
ESTAT:NASA_10_NF_TR(1.0),13/02/23 23:00:00,A,CP_MEUR,RECV,B2A3N,S14,AT,2001,19727,
ESTAT:NASA_10_NF_TR(1.0),13/02/23 23:00:00,A,CP_MEUR,RECV,B2A3N,S14,AT,2002,20500,
ESTAT:NASA_10_NF_TR(1.0),13/02/23 23:00:00,A,CP_MEUR,RECV,B2A3N,S14,AT,2003,21065,
ESTAT:NASA_10_NF_TR(1.0),13/02/23 23:00:00,A,CP_MEUR,RECV,B2A3N,S14,AT,2004,22312,
ESTAT:NASA_10_NF_TR(1.0),13/02/23 23:00:00,A,CP_MEUR,RECV,B2A3N,S14,AT,2005,23619,
ESTAT:NASA_10_NF_TR(1.0),13/02/23 23:00:00,A,CP_MEUR,RECV,B2A3N,S14,AT,2006,24472,
ESTAT:NASA_10_NF_TR(1.0),13/02/23 23:00:00,A,CP_MEUR,RECV,B2A3N,S14,AT,2007,25654,
ESTAT:NASA_10_NF_TR(1.0),13/02/23 23:00:00,A,CP_MEUR,RECV,B2A3N,S14,AT,2008,26983,
ESTAT:NASA_10_NF_TR(1.0),13/02/23 23:00:00,A,CP_MEUR,RECV,B2A3N,S14,AT,2009,26281,
ESTAT:NASA_10_NF_TR(1.0),13/02/23 23:00:00,A,CP_MEUR,RECV,B2A3N,S14,AT,2010,27437,
ESTAT:NASA_10_NF_TR(1.0),13/02/23 23:00:00,A,CP_MEUR,RECV,B2A3N,S14,AT,2011,28781,
ESTAT:NASA_10_NF_TR(1.0),13/02/23 23:00:00,A,CP_MEUR,RECV,B2A3N,S14,AT,2012,29486,
ESTAT:NASA_10_NF_TR(1.0),13/02/23 23:00:00,A,CP_MEUR,RECV,B2A3N,S14,AT,2013,30035,
ESTAT:NASA_10_NF_TR(1.0),13/02/23 23:00:00,A,CP_MEUR,RECV,B2A3N,S14,AT,2014,30643,
ESTAT:NASA_10_NF_TR(1.0),13/02/23 23:00:00,A,CP_MEUR,RECV,B2A3N,S14,AT,2015,31055,
ESTAT:NASA_10_NF_TR(1.0),13/02/23 23:00:00,A,CP_MEUR,RECV,B2A3N,S14,AT,2016,32494,
ESTAT:NASA_10_NF_TR(1.0),13/02/23 23:00:00,A,CP_MEUR,RECV,B2A3N,S14,AT,2017,34293,
ESTAT:NASA_10_NF_TR(1.0),13/02/23 23:00:00,A,CP_MEUR,RECV,B2A3N,S14,AT,2018,35478,
ESTAT:NASA_10_NF_TR(1.0),13/02/23 23:00:00,A,CP_MEUR,RECV,B2A3N,S14,AT,2019,36016,
ESTAT:NASA_10_NF_TR(1.0),13/02/23 23:00:00,A,CP_MEUR,RECV,B2A3N,S14,AT,2020,35688,
ESTAT:NASA_10_NF_TR(1.0),13/02/23 23:00:00,A,CP_MEUR,RECV,B2A3N,S14,AT,2021,36601,
ESTAT:NASA_10_NF_TR(1.0),13/02/23 23:00:00,A,CP_MEUR,RECV,B2A3N,S14,BE,2000,27149,
ESTAT:NASA_10_NF_TR(1.0),13/02/23 23:00:00,A,CP_MEUR,RECV,B2A3N,S14,BE,2001,27764,
ESTAT:NASA_10_NF_TR(1.0),13/02/23 23:00:00,A,CP_MEUR,RECV,B2A3N,S14,BE,2002,26442,
ESTAT:NASA_10_NF_TR(1.0),13/02/23 23:00:00,A,CP_MEUR,RECV,B2A3N,S14,BE,2003,26443,
ESTAT:NASA_10_NF_TR(1.0),13/02/23 23:00:00,A,CP_MEUR,RECV,B2A3N,S14,BE,2004,26367,
ESTAT:NASA_10_NF_TR(1.0),13/02/23 23:00:00,A,CP_MEUR,RECV,B2A3N,S14,BE,2005,28235,
ESTAT:NASA_10_NF_TR(1.0),13/02/23 23:00:00,A,CP_MEUR,RECV,B2A3N,S14,BE,2006,29946,
ESTAT:NASA_10_NF_TR(1.0),13/02/23 23:00:00,A,CP_MEUR,RECV,B2A3N,S14,BE,2007,31223,
ESTAT:NASA_10_NF_TR(1.0),13/02/23 23:00:00,A,CP_MEUR,RECV,B2A3N,S14,BE,2008,30780,
ESTAT:NASA_10_NF_TR(1.0),13/02/23 23:00:00,A,CP_MEUR,RECV,B2A3N,S14,BE,2009,29029,
ESTAT:NASA_10_NF_TR(1.0),13/02/23 23:00:00,A,CP_MEUR,RECV,B2A3N,S14,BE,2010,30322,
ESTAT:NASA_10_NF_TR(1.0),13/02/23 23:00:00,A,CP_MEUR,RECV,B2A3N,S14,BE,2011,31550,
ESTAT:NASA_10_NF_TR(1.0),13/02/23 23:00:00,A,CP_MEUR,RECV,B2A3N,S14,BE,2012,32609,
ESTAT:NASA_10_NF_TR(1.0),13/02/23 23:00:00,A,CP_MEUR,RECV,B2A3N,S14,BE,2013,33562,
ESTAT:NASA_10_NF_TR(1.0),13/02/23 23:00:00,A,CP_MEUR,RECV,B2A3N,S14,BE,2014,34611,
ESTAT:NASA_10_NF_TR(1.0),13/02/23 23:00:00,A,CP_MEUR,RECV,B2A3N,S14,BE,2015,36204,
ESTAT:NASA_10_NF_TR(1.0),13/02/23 23:00:00,A,CP_MEUR,RECV,B2A3N,S14,BE,2016,36698,
ESTAT:NASA_10_NF_TR(1.0),13/02/23 23:00:00,A,CP_MEUR,RECV,B2A3N,S14,BE,2017,38165,
ESTAT:NASA_10_NF_TR(1.0),13/02/23 23:00:00,A,CP_MEUR,RECV,B2A3N,S14,BE,2018,39105,
ESTAT:NASA_10_NF_TR(1.0),13/02/23 23:00:00,A,CP_MEUR,RECV,B2A3N,S14,BE,2019,39781,
ESTAT:NASA_10_NF_TR(1.0),13/02/23 23:00:00,A,CP_MEUR,RECV,B2A3N,S14,BE,2020,38502,p
ESTAT:NASA_10_NF_TR(1.0),13/02/23 23:00:00,A,CP_MEUR,RECV,B2A3N,S14,BE,2021,39899,p
ESTAT:NASA_10_NF_TR(1.0),13/02/23 23:00:00,A,CP_MEUR,RECV,B2A3N,S14,BG,2000,3587,
ESTAT:NASA_10_NF_TR(1.0),13/02/23 23:00:00,A,CP_MEUR,RECV,B2A3N,S14,BG,2001,3322,
ESTAT:NASA_10_NF_TR(1.0),13/02/23 23:00:00,A,CP_MEUR,RECV,B2A3N,S14,BG,2002,3581,
ESTAT:NASA_10_NF_TR(1.0),13/02/23 23:00:00,A,CP_MEUR,RECV,B2A3N,S14,BG,2003,3768,
ESTAT:NASA_10_NF_TR(1.0),13/02/23 23:00:00,A,CP_MEUR,RECV,B2A3N,S14,BG,2004,4245,
ESTAT:NASA_10_NF_TR(1.0),13/02/23 23:00:00,A,CP_MEUR,RECV,B2A3N,S14,BG,2005,4896,
ESTAT:NASA_10_NF_TR(1.0),13/02/23 23:00:00,A,CP_MEUR,RECV,B2A3N,S14,BG,2006,5695,
ESTAT:NASA_10_NF_TR(1.0),13/02/23 23:00:00,A,CP_MEUR,RECV,B2A3N,S14,BG,2007,7227,
ESTAT:NASA_10_NF_TR(1.0),13/02/23 23:00:00,A,CP_MEUR,RECV,B2A3N,S14,BG,2008,8712,
ESTAT:NASA_10_NF_TR(1.0),13/02/23 23:00:00,A,CP_MEUR,RECV,B2A3N,S14,BG,2009,7241,
ESTAT:NASA_10_NF_TR(1.0),13/02/23 23:00:00,A,CP_MEUR,RECV,B2A3N,S14,BG,2010,6987,
ESTAT:NASA_10_NF_TR(1.0),13/02/23 23:00:00,A,CP_MEUR,RECV,B2A3N,S14,BG,2011,7736,
ESTAT:NASA_10_NF_TR(1.0),13/02/23 23:00:00,A,CP_MEUR,RECV,B2A3N,S14,BG,2012,7122,
ESTAT:NASA_10_NF_TR(1.0),13/02/23 23:00:00,A,CP_MEUR,RECV,B2A3N,S14,BG,2013,6483,
ESTAT:NASA_10_NF_TR(1.0),13/02/23 23:00:00,A,CP_MEUR,RECV,B2A3N,S14,BG,2014,6197,
ESTAT:NASA_10_NF_TR(1.0),13/02/23 23:00:00,A,CP_MEUR,RECV,B2A3N,S14,BG,2015,5555,
ESTAT:NASA_10_NF_TR(1.0),13/02/23 23:00:00,A,CP_MEUR,RECV,B2A3N,S14,BG,2016,5995,
ESTAT:NASA_10_NF_TR(1.0),13/02/23 23:00:00,A,CP_MEUR,RECV,B2A3N,S14,BG,2017,5283,
ESTAT:NASA_10_NF_TR(1.0),13/02/23 23:00:00,A,CP_MEUR,RECV,B2A3N,S14,CH,2000,31409,
ESTAT:NASA_10_NF_TR(1.0),13/02/23 23:00:00,A,CP_MEUR,RECV,B2A3N,S14,CH,2001,32229,
ESTAT:NASA_10_NF_TR(1.0),13/02/23 23:00:00,A,CP_MEUR,RECV,B2A3N,S14,CH,2002,31483,
ESTAT:NASA_10_NF_TR(1.0),13/02/23 23:00:00,A,CP_MEUR,RECV,B2A3N,S14,CH,2003,30250,
ESTAT:NASA_10_NF_TR(1.0),13/02/23 23:00:00,A,CP_MEUR,RECV,B2A3N,S14,CH,2004,31778,
ESTAT:NASA_10_NF_TR(1.0),13/02/23 23:00:00,A,CP_MEUR,RECV,B2A3N,S14,CH,2005,33003,
ESTAT:NASA_10_NF_TR(1.0),13/02/23 23:00:00,A,CP_MEUR,RECV,B2A3N,S14,CH,2006,34490,
ESTAT:NASA_10_NF_TR(1.0),13/02/23 23:00:00,A,CP_MEUR,RECV,B2A3N,S14,CH,2007,35251,
ESTAT:NASA_10_NF_TR(1.0),13/02/23 23:00:00,A,CP_MEUR,RECV,B2A3N,S14,CH,2008,38751,
ESTAT:NASA_10_NF_TR(1.0),13/02/23 23:00:00,A,CP_MEUR,RECV,B2A3N,S14,CH,2009,38689,
ESTAT:NASA_10_NF_TR(1.0),13/02/23 23:00:00,A,CP_MEUR,RECV,B2A3N,S14,CH,2010,44090,
ESTAT:NASA_10_NF_TR(1.0),13/02/23 23:00:00,A,CP_MEUR,RECV,B2A3N,S14,CH,2011,45880,
ESTAT:NASA_10_NF_TR(1.0),13/02/23 23:00:00,A,CP_MEUR,RECV,B2A3N,S14,CH,2012,44358,
ESTAT:NASA_10_NF_TR(1.0),13/02/23 23:00:00,A,CP_MEUR,RECV,B2A3N,S14,CH,2013,42931,
ESTAT:NASA_10_NF_TR(1.0),13/02/23 23:00:00,A,CP_MEUR,RECV,B2A3N,S14,CH,2014,43530,
ESTAT:NASA_10_NF_TR(1.0),13/02/23 23:00:00,A,CP_MEUR,RECV,B2A3N,S14,CH,2015,50017,
ESTAT:NASA_10_NF_TR(1.0),13/02/23 23:00:00,A,CP_MEUR,RECV,B2A3N,S14,CH,2016,48828,
ESTAT:NASA_10_NF_TR(1.0),13/02/23 23:00:00,A,CP_MEUR,RECV,B2A3N,S14,CH,2017,46743,
ESTAT:NASA_10_NF_TR(1.0),13/02/23 23:00:00,A,CP_MEUR,RECV,B2A3N,S14,CH,2018,45899,
ESTAT:NASA_10_NF_TR(1.0),13/02/23 23:00:00,A,CP_MEUR,RECV,B2A3N,S14,CH,2019,49162,
ESTAT:NASA_10_NF_TR(1.0),13/02/23 23:00:00,A,CP_MEUR,RECV,B2A3N,S14,CH,2020,48675,p
ESTAT:NASA_10_NF_TR(1.0),13/02/23 23:00:00,A,CP_MEUR,RECV,B2A3N,S14,CH,2021,50940,p
ESTAT:NASA_10_NF_TR(1.0),13/02/23 23:00:00,A,CP_MEUR,RECV,B2A3N,S14,CY,2000,1439,
ESTAT:NASA_10_NF_TR(1.0),13/02/23 23:00:00,A,CP_MEUR,RECV,B2A3N,S14,CY,2001,1482,
ESTAT:NASA_10_NF_TR(1.0),13/02/23 23:00:00,A,CP_MEUR,RECV,B2A3N,S14,CY,2002,1548,
ESTAT:NASA_10_NF_TR(1.0),13/02/23 23:00:00,A,CP_MEUR,RECV,B2A3N,S14,CY,2003,1615,
ESTAT:NASA_10_NF_TR(1.0),13/02/23 23:00:00,A,CP_MEUR,RECV,B2A3N,S14,CY,2004,1768,
ESTAT:NASA_10_NF_TR(1.0),13/02/23 23:00:00,A,CP_MEUR,RECV,B2A3N,S14,CY,2005,1938,
ESTAT:NASA_10_NF_TR(1.0),13/02/23 23:00:00,A,CP_MEUR,RECV,B2A3N,S14,CY,2006,2045,
ESTAT:NASA_10_NF_TR(1.0),13/02/23 23:00:00,A,CP_MEUR,RECV,B2A3N,S14,CY,2007,2183,
ESTAT:NASA_10_NF_TR(1.0),13/02/23 23:00:00,A,CP_MEUR,RECV,B2A3N,S14,CY,2008,2445,
ESTAT:NASA_10_NF_TR(1.0),13/02/23 23:00:00,A,CP_MEUR,RECV,B2A3N,S14,CY,2009,2504,
ESTAT:NASA_10_NF_TR(1.0),13/02/23 23:00:00,A,CP_MEUR,RECV,B2A3N,S14,CY,2010,2325,
ESTAT:NASA_10_NF_TR(1.0),13/02/23 23:00:00,A,CP_MEUR,RECV,B2A3N,S14,CY,2011,2368,
ESTAT:NASA_10_NF_TR(1.0),13/02/23 23:00:00,A,CP_MEUR,RECV,B2A3N,S14,CY,2012,2310,
ESTAT:NASA_10_NF_TR(1.0),13/02/23 23:00:00,A,CP_MEUR,RECV,B2A3N,S14,CY,2013,2040,
ESTAT:NASA_10_NF_TR(1.0),13/02/23 23:00:00,A,CP_MEUR,RECV,B2A3N,S14,CY,2014,2072,
ESTAT:NASA_10_NF_TR(1.0),13/02/23 23:00:00,A,CP_MEUR,RECV,B2A3N,S14,CY,2015,2251,
ESTAT:NASA_10_NF_TR(1.0),13/02/23 23:00:00,A,CP_MEUR,RECV,B2A3N,S14,CY,2016,2555,
ESTAT:NASA_10_NF_TR(1.0),13/02/23 23:00:00,A,CP_MEUR,RECV,B2A3N,S14,CY,2017,2820,
ESTAT:NASA_10_NF_TR(1.0),13/02/23 23:00:00,A,CP_MEUR,RECV,B2A3N,S14,CY,2018,3060,
ESTAT:NASA_10_NF_TR(1.0),13/02/23 23:00:00,A,CP_MEUR,RECV,B2A3N,S14,CY,2019,3438,
ESTAT:NASA_10_NF_TR(1.0),13/02/23 23:00:00,A,CP_MEUR,RECV,B2A3N,S14,CY,2020,3388,
ESTAT:NASA_10_NF_TR(1.0),13/02/23 23:00:00,A,CP_MEUR,RECV,B2A3N,S14,CY,2021,3716,p
ESTAT:NASA_10_NF_TR(1.0),13/02/23 23:00:00,A,CP_MEUR,RECV,B2A3N,S14,CZ,2000,10990,
ESTAT:NASA_10_NF_TR(1.0),13/02/23 23:00:00,A,CP_MEUR,RECV,B2A3N,S14,CZ,2001,12215,
ESTAT:NASA_10_NF_TR(1.0),13/02/23 23:00:00,A,CP_MEUR,RECV,B2A3N,S14,CZ,2002,14068,
ESTAT:NASA_10_NF_TR(1.0),13/02/23 23:00:00,A,CP_MEUR,RECV,B2A3N,S14,CZ,2003,14289,
ESTAT:NASA_10_NF_TR(1.0),13/02/23 23:00:00,A,CP_MEUR,RECV,B2A3N,S14,CZ,2004,14997,
ESTAT:NASA_10_NF_TR(1.0),13/02/23 23:00:00,A,CP_MEUR,RECV,B2A3N,S14,CZ,2005,16501,
ESTAT:NASA_10_NF_TR(1.0),13/02/23 23:00:00,A,CP_MEUR,RECV,B2A3N,S14,CZ,2006,18148,
ESTAT:NASA_10_NF_TR(1.0),13/02/23 23:00:00,A,CP_MEUR,RECV,B2A3N,S14,CZ,2007,19240,
ESTAT:NASA_10_NF_TR(1.0),13/02/23 23:00:00,A,CP_MEUR,RECV,B2A3N,S14,CZ,2008,22010,
ESTAT:NASA_10_NF_TR(1.0),13/02/23 23:00:00,A,CP_MEUR,RECV,B2A3N,S14,CZ,2009,21752,
ESTAT:NASA_10_NF_TR(1.0),13/02/23 23:00:00,A,CP_MEUR,RECV,B2A3N,S14,CZ,2010,22902,
ESTAT:NASA_10_NF_TR(1.0),13/02/23 23:00:00,A,CP_MEUR,RECV,B2A3N,S14,CZ,2011,23109,
ESTAT:NASA_10_NF_TR(1.0),13/02/23 23:00:00,A,CP_MEUR,RECV,B2A3N,S14,CZ,2012,21517,
ESTAT:NASA_10_NF_TR(1.0),13/02/23 23:00:00,A,CP_MEUR,RECV,B2A3N,S14,CZ,2013,20535,
ESTAT:NASA_10_NF_TR(1.0),13/02/23 23:00:00,A,CP_MEUR,RECV,B2A3N,S14,CZ,2014,19923,
ESTAT:NASA_10_NF_TR(1.0),13/02/23 23:00:00,A,CP_MEUR,RECV,B2A3N,S14,CZ,2015,20540,
ESTAT:NASA_10_NF_TR(1.0),13/02/23 23:00:00,A,CP_MEUR,RECV,B2A3N,S14,CZ,2016,21032,
ESTAT:NASA_10_NF_TR(1.0),13/02/23 23:00:00,A,CP_MEUR,RECV,B2A3N,S14,CZ,2017,22870,
ESTAT:NASA_10_NF_TR(1.0),13/02/23 23:00:00,A,CP_MEUR,RECV,B2A3N,S14,CZ,2018,25632,
ESTAT:NASA_10_NF_TR(1.0),13/02/23 23:00:00,A,CP_MEUR,RECV,B2A3N,S14,CZ,2019,26990,
ESTAT:NASA_10_NF_TR(1.0),13/02/23 23:00:00,A,CP_MEUR,RECV,B2A3N,S14,CZ,2020,25391,
ESTAT:NASA_10_NF_TR(1.0),13/02/23 23:00:00,A,CP_MEUR,RECV,B2A3N,S14,CZ,2021,26593,
ESTAT:NASA_10_NF_TR(1.0),13/02/23 23:00:00,A,CP_MEUR,RECV,B2A3N,S14,DE,2012,202739,
ESTAT:NASA_10_NF_TR(1.0),13/02/23 23:00:00,A,CP_MEUR,RECV,B2A3N,S14,DE,2013,207583,
ESTAT:NASA_10_NF_TR(1.0),13/02/23 23:00:00,A,CP_MEUR,RECV,B2A3N,S14,DE,2014,212029,
ESTAT:NASA_10_NF_TR(1.0),13/02/23 23:00:00,A,CP_MEUR,RECV,B2A3N,S14,DE,2015,211967,
ESTAT:NASA_10_NF_TR(1.0),13/02/23 23:00:00,A,CP_MEUR,RECV,B2A3N,S14,DE,2016,212703,
ESTAT:NASA_10_NF_TR(1.0),13/02/23 23:00:00,A,CP_MEUR,RECV,B2A3N,S14,DE,2017,221220,
ESTAT:NASA_10_NF_TR(1.0),13/02/23 23:00:00,A,CP_MEUR,RECV,B2A3N,S14,DE,2018,217644,
ESTAT:NASA_10_NF_TR(1.0),13/02/23 23:00:00,A,CP_MEUR,RECV,B2A3N,S14,DE,2019,218074,p
ESTAT:NASA_10_NF_TR(1.0),13/02/23 23:00:00,A,CP_MEUR,RECV,B2A3N,S14,DE,2020,223496,p
ESTAT:NASA_10_NF_TR(1.0),13/02/23 23:00:00,A,CP_MEUR,RECV,B2A3N,S14,DE,2021,233298,p
ESTAT:NASA_10_NF_TR(1.0),13/02/23 23:00:00,A,CP_MEUR,RECV,B2A3N,S14,DK,2000,9730,
ESTAT:NASA_10_NF_TR(1.0),13/02/23 23:00:00,A,CP_MEUR,RECV,B2A3N,S14,DK,2001,10434,
ESTAT:NASA_10_NF_TR(1.0),13/02/23 23:00:00,A,CP_MEUR,RECV,B2A3N,S14,DK,2002,10397,
ESTAT:NASA_10_NF_TR(1.0),13/02/23 23:00:00,A,CP_MEUR,RECV,B2A3N,S14,DK,2003,9845,
ESTAT:NASA_10_NF_TR(1.0),13/02/23 23:00:00,A,CP_MEUR,RECV,B2A3N,S14,DK,2004,10454,
ESTAT:NASA_10_NF_TR(1.0),13/02/23 23:00:00,A,CP_MEUR,RECV,B2A3N,S14,DK,2005,10334,
ESTAT:NASA_10_NF_TR(1.0),13/02/23 23:00:00,A,CP_MEUR,RECV,B2A3N,S14,DK,2006,9914,
ESTAT:NASA_10_NF_TR(1.0),13/02/23 23:00:00,A,CP_MEUR,RECV,B2A3N,S14,DK,2007,9152,
ESTAT:NASA_10_NF_TR(1.0),13/02/23 23:00:00,A,CP_MEUR,RECV,B2A3N,S14,DK,2008,8362,
ESTAT:NASA_10_NF_TR(1.0),13/02/23 23:00:00,A,CP_MEUR,RECV,B2A3N,S14,DK,2009,9463,
ESTAT:NASA_10_NF_TR(1.0),13/02/23 23:00:00,A,CP_MEUR,RECV,B2A3N,S14,DK,2010,9955,
ESTAT:NASA_10_NF_TR(1.0),13/02/23 23:00:00,A,CP_MEUR,RECV,B2A3N,S14,DK,2011,10771,
ESTAT:NASA_10_NF_TR(1.0),13/02/23 23:00:00,A,CP_MEUR,RECV,B2A3N,S14,DK,2012,11621,
ESTAT:NASA_10_NF_TR(1.0),13/02/23 23:00:00,A,CP_MEUR,RECV,B2A3N,S14,DK,2013,12214,
ESTAT:NASA_10_NF_TR(1.0),13/02/23 23:00:00,A,CP_MEUR,RECV,B2A3N,S14,DK,2014,11536,
ESTAT:NASA_10_NF_TR(1.0),13/02/23 23:00:00,A,CP_MEUR,RECV,B2A3N,S14,DK,2015,10706,
ESTAT:NASA_10_NF_TR(1.0),13/02/23 23:00:00,A,CP_MEUR,RECV,B2A3N,S14,DK,2016,11017,
ESTAT:NASA_10_NF_TR(1.0),13/02/23 23:00:00,A,CP_MEUR,RECV,B2A3N,S14,DK,2017,12439,
ESTAT:NASA_10_NF_TR(1.0),13/02/23 23:00:00,A,CP_MEUR,RECV,B2A3N,S14,DK,2018,12401,
ESTAT:NASA_10_NF_TR(1.0),13/02/23 23:00:00,A,CP_MEUR,RECV,B2A3N,S14,DK,2019,12811,
ESTAT:NASA_10_NF_TR(1.0),13/02/23 23:00:00,A,CP_MEUR,RECV,B2A3N,S14,DK,2020,14040,
ESTAT:NASA_10_NF_TR(1.0),13/02/23 23:00:00,A,CP_MEUR,RECV,B2A3N,S14,DK,2021,13153,
ESTAT:NASA_10_NF_TR(1.0),13/02/23 23:00:00,A,CP_MEUR,RECV,B2A3N,S14,EE,2000,519,
ESTAT:NASA_10_NF_TR(1.0),13/02/23 23:00:00,A,CP_MEUR,RECV,B2A3N,S14,EE,2001,539,
ESTAT:NASA_10_NF_TR(1.0),13/02/23 23:00:00,A,CP_MEUR,RECV,B2A3N,S14,EE,2002,561,
ESTAT:NASA_10_NF_TR(1.0),13/02/23 23:00:00,A,CP_MEUR,RECV,B2A3N,S14,EE,2003,572,
ESTAT:NASA_10_NF_TR(1.0),13/02/23 23:00:00,A,CP_MEUR,RECV,B2A3N,S14,EE,2004,642,
ESTAT:NASA_10_NF_TR(1.0),13/02/23 23:00:00,A,CP_MEUR,RECV,B2A3N,S14,EE,2005,699,
ESTAT:NASA_10_NF_TR(1.0),13/02/23 23:00:00,A,CP_MEUR,RECV,B2A3N,S14,EE,2006,786,
ESTAT:NASA_10_NF_TR(1.0),13/02/23 23:00:00,A,CP_MEUR,RECV,B2A3N,S14,EE,2007,926,
ESTAT:NASA_10_NF_TR(1.0),13/02/23 23:00:00,A,CP_MEUR,RECV,B2A3N,S14,EE,2008,844,
ESTAT:NASA_10_NF_TR(1.0),13/02/23 23:00:00,A,CP_MEUR,RECV,B2A3N,S14,EE,2009,699,
ESTAT:NASA_10_NF_TR(1.0),13/02/23 23:00:00,A,CP_MEUR,RECV,B2A3N,S14,EE,2010,722,
ESTAT:NASA_10_NF_TR(1.0),13/02/23 23:00:00,A,CP_MEUR,RECV,B2A3N,S14,EE,2011,761,
ESTAT:NASA_10_NF_TR(1.0),13/02/23 23:00:00,A,CP_MEUR,RECV,B2A3N,S14,EE,2012,799,
ESTAT:NASA_10_NF_TR(1.0),13/02/23 23:00:00,A,CP_MEUR,RECV,B2A3N,S14,EE,2013,829,
ESTAT:NASA_10_NF_TR(1.0),13/02/23 23:00:00,A,CP_MEUR,RECV,B2A3N,S14,EE,2014,836,
ESTAT:NASA_10_NF_TR(1.0),13/02/23 23:00:00,A,CP_MEUR,RECV,B2A3N,S14,EE,2015,832,
ESTAT:NASA_10_NF_TR(1.0),13/02/23 23:00:00,A,CP_MEUR,RECV,B2A3N,S14,EE,2016,800,
ESTAT:NASA_10_NF_TR(1.0),13/02/23 23:00:00,A,CP_MEUR,RECV,B2A3N,S14,EE,2017,875,
ESTAT:NASA_10_NF_TR(1.0),13/02/23 23:00:00,A,CP_MEUR,RECV,B2A3N,S14,EE,2018,985,
ESTAT:NASA_10_NF_TR(1.0),13/02/23 23:00:00,A,CP_MEUR,RECV,B2A3N,S14,EE,2019,1066,
ESTAT:NASA_10_NF_TR(1.0),13/02/23 23:00:00,A,CP_MEUR,RECV,B2A3N,S14,EE,2020,1040,
ESTAT:NASA_10_NF_TR(1.0),13/02/23 23:00:00,A,CP_MEUR,RECV,B2A3N,S14,EE,2021,1138,
ESTAT:NASA_10_NF_TR(1.0),13/02/23 23:00:00,A,CP_MEUR,RECV,B2A3N,S14,EL,2000,42700,
ESTAT:NASA_10_NF_TR(1.0),13/02/23 23:00:00,A,CP_MEUR,RECV,B2A3N,S14,EL,2001,45623,
ESTAT:NASA_10_NF_TR(1.0),13/02/23 23:00:00,A,CP_MEUR,RECV,B2A3N,S14,EL,2002,47966,
ESTAT:NASA_10_NF_TR(1.0),13/02/23 23:00:00,A,CP_MEUR,RECV,B2A3N,S14,EL,2003,53464,
ESTAT:NASA_10_NF_TR(1.0),13/02/23 23:00:00,A,CP_MEUR,RECV,B2A3N,S14,EL,2004,56787,
ESTAT:NASA_10_NF_TR(1.0),13/02/23 23:00:00,A,CP_MEUR,RECV,B2A3N,S14,EL,2005,56256,
ESTAT:NASA_10_NF_TR(1.0),13/02/23 23:00:00,A,CP_MEUR,RECV,B2A3N,S14,EL,2006,62793,
ESTAT:NASA_10_NF_TR(1.0),13/02/23 23:00:00,A,CP_MEUR,RECV,B2A3N,S14,EL,2007,64607,
ESTAT:NASA_10_NF_TR(1.0),13/02/23 23:00:00,A,CP_MEUR,RECV,B2A3N,S14,EL,2008,64057,
ESTAT:NASA_10_NF_TR(1.0),13/02/23 23:00:00,A,CP_MEUR,RECV,B2A3N,S14,EL,2009,63225,
ESTAT:NASA_10_NF_TR(1.0),13/02/23 23:00:00,A,CP_MEUR,RECV,B2A3N,S14,EL,2010,56238,b
ESTAT:NASA_10_NF_TR(1.0),13/02/23 23:00:00,A,CP_MEUR,RECV,B2A3N,S14,EL,2011,50235,
ESTAT:NASA_10_NF_TR(1.0),13/02/23 23:00:00,A,CP_MEUR,RECV,B2A3N,S14,EL,2012,47795,
ESTAT:NASA_10_NF_TR(1.0),13/02/23 23:00:00,A,CP_MEUR,RECV,B2A3N,S14,EL,2013,45975,
ESTAT:NASA_10_NF_TR(1.0),13/02/23 23:00:00,A,CP_MEUR,RECV,B2A3N,S14,EL,2014,41502,
ESTAT:NASA_10_NF_TR(1.0),13/02/23 23:00:00,A,CP_MEUR,RECV,B2A3N,S14,EL,2015,43846,
ESTAT:NASA_10_NF_TR(1.0),13/02/23 23:00:00,A,CP_MEUR,RECV,B2A3N,S14,EL,2016,41979,
ESTAT:NASA_10_NF_TR(1.0),13/02/23 23:00:00,A,CP_MEUR,RECV,B2A3N,S14,EL,2017,41308,
ESTAT:NASA_10_NF_TR(1.0),13/02/23 23:00:00,A,CP_MEUR,RECV,B2A3N,S14,EL,2018,41218,
ESTAT:NASA_10_NF_TR(1.0),13/02/23 23:00:00,A,CP_MEUR,RECV,B2A3N,S14,EL,2019,45881,p
ESTAT:NASA_10_NF_TR(1.0),13/02/23 23:00:00,A,CP_MEUR,RECV,B2A3N,S14,EL,2020,40704,p
ESTAT:NASA_10_NF_TR(1.0),13/02/23 23:00:00,A,CP_MEUR,RECV,B2A3N,S14,EL,2021,46969,p
ESTAT:NASA_10_NF_TR(1.0),13/02/23 23:00:00,A,CP_MEUR,RECV,B2A3N,S14,ES,2000,110567,
ESTAT:NASA_10_NF_TR(1.0),13/02/23 23:00:00,A,CP_MEUR,RECV,B2A3N,S14,ES,2001,123589,
ESTAT:NASA_10_NF_TR(1.0),13/02/23 23:00:00,A,CP_MEUR,RECV,B2A3N,S14,ES,2002,134661,
ESTAT:NASA_10_NF_TR(1.0),13/02/23 23:00:00,A,CP_MEUR,RECV,B2A3N,S14,ES,2003,145144,
ESTAT:NASA_10_NF_TR(1.0),13/02/23 23:00:00,A,CP_MEUR,RECV,B2A3N,S14,ES,2004,153504,
ESTAT:NASA_10_NF_TR(1.0),13/02/23 23:00:00,A,CP_MEUR,RECV,B2A3N,S14,ES,2005,161999,
ESTAT:NASA_10_NF_TR(1.0),13/02/23 23:00:00,A,CP_MEUR,RECV,B2A3N,S14,ES,2006,172264,
ESTAT:NASA_10_NF_TR(1.0),13/02/23 23:00:00,A,CP_MEUR,RECV,B2A3N,S14,ES,2007,172461,
ESTAT:NASA_10_NF_TR(1.0),13/02/23 23:00:00,A,CP_MEUR,RECV,B2A3N,S14,ES,2008,155488,
ESTAT:NASA_10_NF_TR(1.0),13/02/23 23:00:00,A,CP_MEUR,RECV,B2A3N,S14,ES,2009,143736,
ESTAT:NASA_10_NF_TR(1.0),13/02/23 23:00:00,A,CP_MEUR,RECV,B2A3N,S14,ES,2010,148064,
ESTAT:NASA_10_NF_TR(1.0),13/02/23 23:00:00,A,CP_MEUR,RECV,B2A3N,S14,ES,2011,159604,
ESTAT:NASA_10_NF_TR(1.0),13/02/23 23:00:00,A,CP_MEUR,RECV,B2A3N,S14,ES,2012,158718,
ESTAT:NASA_10_NF_TR(1.0),13/02/23 23:00:00,A,CP_MEUR,RECV,B2A3N,S14,ES,2013,160659,
ESTAT:NASA_10_NF_TR(1.0),13/02/23 23:00:00,A,CP_MEUR,RECV,B2A3N,S14,ES,2014,157608,
ESTAT:NASA_10_NF_TR(1.0),13/02/23 23:00:00,A,CP_MEUR,RECV,B2A3N,S14,ES,2015,162298,
ESTAT:NASA_10_NF_TR(1.0),13/02/23 23:00:00,A,CP_MEUR,RECV,B2A3N,S14,ES,2016,168407,
ESTAT:NASA_10_NF_TR(1.0),13/02/23 23:00:00,A,CP_MEUR,RECV,B2A3N,S14,ES,2017,175186,
ESTAT:NASA_10_NF_TR(1.0),13/02/23 23:00:00,A,CP_MEUR,RECV,B2A3N,S14,ES,2018,178269,
ESTAT:NASA_10_NF_TR(1.0),13/02/23 23:00:00,A,CP_MEUR,RECV,B2A3N,S14,ES,2019,179659,
ESTAT:NASA_10_NF_TR(1.0),13/02/23 23:00:00,A,CP_MEUR,RECV,B2A3N,S14,ES,2020,158796,
ESTAT:NASA_10_NF_TR(1.0),13/02/23 23:00:00,A,CP_MEUR,RECV,B2A3N,S14,ES,2021,169469,
ESTAT:NASA_10_NF_TR(1.0),13/02/23 23:00:00,A,CP_MEUR,RECV,B2A3N,S14,FI,2000,9899,
ESTAT:NASA_10_NF_TR(1.0),13/02/23 23:00:00,A,CP_MEUR,RECV,B2A3N,S14,FI,2001,10323,
ESTAT:NASA_10_NF_TR(1.0),13/02/23 23:00:00,A,CP_MEUR,RECV,B2A3N,S14,FI,2002,10942,
ESTAT:NASA_10_NF_TR(1.0),13/02/23 23:00:00,A,CP_MEUR,RECV,B2A3N,S14,FI,2003,11337,
ESTAT:NASA_10_NF_TR(1.0),13/02/23 23:00:00,A,CP_MEUR,RECV,B2A3N,S14,FI,2004,11749,
ESTAT:NASA_10_NF_TR(1.0),13/02/23 23:00:00,A,CP_MEUR,RECV,B2A3N,S14,FI,2005,11930,
ESTAT:NASA_10_NF_TR(1.0),13/02/23 23:00:00,A,CP_MEUR,RECV,B2A3N,S14,FI,2006,12467,
ESTAT:NASA_10_NF_TR(1.0),13/02/23 23:00:00,A,CP_MEUR,RECV,B2A3N,S14,FI,2007,13801,
ESTAT:NASA_10_NF_TR(1.0),13/02/23 23:00:00,A,CP_MEUR,RECV,B2A3N,S14,FI,2008,14136,
ESTAT:NASA_10_NF_TR(1.0),13/02/23 23:00:00,A,CP_MEUR,RECV,B2A3N,S14,FI,2009,14091,
ESTAT:NASA_10_NF_TR(1.0),13/02/23 23:00:00,A,CP_MEUR,RECV,B2A3N,S14,FI,2010,14836,
ESTAT:NASA_10_NF_TR(1.0),13/02/23 23:00:00,A,CP_MEUR,RECV,B2A3N,S14,FI,2011,15362,
ESTAT:NASA_10_NF_TR(1.0),13/02/23 23:00:00,A,CP_MEUR,RECV,B2A3N,S14,FI,2012,15481,
ESTAT:NASA_10_NF_TR(1.0),13/02/23 23:00:00,A,CP_MEUR,RECV,B2A3N,S14,FI,2013,15785,
ESTAT:NASA_10_NF_TR(1.0),13/02/23 23:00:00,A,CP_MEUR,RECV,B2A3N,S14,FI,2014,16257,
ESTAT:NASA_10_NF_TR(1.0),13/02/23 23:00:00,A,CP_MEUR,RECV,B2A3N,S14,FI,2015,16930,
ESTAT:NASA_10_NF_TR(1.0),13/02/23 23:00:00,A,CP_MEUR,RECV,B2A3N,S14,FI,2016,17425,
ESTAT:NASA_10_NF_TR(1.0),13/02/23 23:00:00,A,CP_MEUR,RECV,B2A3N,S14,FI,2017,17675,
ESTAT:NASA_10_NF_TR(1.0),13/02/23 23:00:00,A,CP_MEUR,RECV,B2A3N,S14,FI,2018,17970,
ESTAT:NASA_10_NF_TR(1.0),13/02/23 23:00:00,A,CP_MEUR,RECV,B2A3N,S14,FI,2019,18155,
ESTAT:NASA_10_NF_TR(1.0),13/02/23 23:00:00,A,CP_MEUR,RECV,B2A3N,S14,FI,2020,18497,
ESTAT:NASA_10_NF_TR(1.0),13/02/23 23:00:00,A,CP_MEUR,RECV,B2A3N,S14,FI,2021,18650,
ESTAT:NASA_10_NF_TR(1.0),13/02/23 23:00:00,A,CP_MEUR,RECV,B2A3N,S14,FR,2000,165919,
ESTAT:NASA_10_NF_TR(1.0),13/02/23 23:00:00,A,CP_MEUR,RECV,B2A3N,S14,FR,2001,177904,
ESTAT:NASA_10_NF_TR(1.0),13/02/23 23:00:00,A,CP_MEUR,RECV,B2A3N,S14,FR,2002,182045,
ESTAT:NASA_10_NF_TR(1.0),13/02/23 23:00:00,A,CP_MEUR,RECV,B2A3N,S14,FR,2003,185198,
ESTAT:NASA_10_NF_TR(1.0),13/02/23 23:00:00,A,CP_MEUR,RECV,B2A3N,S14,FR,2004,192512,
ESTAT:NASA_10_NF_TR(1.0),13/02/23 23:00:00,A,CP_MEUR,RECV,B2A3N,S14,FR,2005,195866,
ESTAT:NASA_10_NF_TR(1.0),13/02/23 23:00:00,A,CP_MEUR,RECV,B2A3N,S14,FR,2006,205264,
ESTAT:NASA_10_NF_TR(1.0),13/02/23 23:00:00,A,CP_MEUR,RECV,B2A3N,S14,FR,2007,217001,
ESTAT:NASA_10_NF_TR(1.0),13/02/23 23:00:00,A,CP_MEUR,RECV,B2A3N,S14,FR,2008,223225,
ESTAT:NASA_10_NF_TR(1.0),13/02/23 23:00:00,A,CP_MEUR,RECV,B2A3N,S14,FR,2009,207294,
ESTAT:NASA_10_NF_TR(1.0),13/02/23 23:00:00,A,CP_MEUR,RECV,B2A3N,S14,FR,2010,208089,
ESTAT:NASA_10_NF_TR(1.0),13/02/23 23:00:00,A,CP_MEUR,RECV,B2A3N,S14,FR,2011,212297,
ESTAT:NASA_10_NF_TR(1.0),13/02/23 23:00:00,A,CP_MEUR,RECV,B2A3N,S14,FR,2012,215949,
ESTAT:NASA_10_NF_TR(1.0),13/02/23 23:00:00,A,CP_MEUR,RECV,B2A3N,S14,FR,2013,214049,
ESTAT:NASA_10_NF_TR(1.0),13/02/23 23:00:00,A,CP_MEUR,RECV,B2A3N,S14,FR,2014,216239,
ESTAT:NASA_10_NF_TR(1.0),13/02/23 23:00:00,A,CP_MEUR,RECV,B2A3N,S14,FR,2015,218949,
ESTAT:NASA_10_NF_TR(1.0),13/02/23 23:00:00,A,CP_MEUR,RECV,B2A3N,S14,FR,2016,222050,
ESTAT:NASA_10_NF_TR(1.0),13/02/23 23:00:00,A,CP_MEUR,RECV,B2A3N,S14,FR,2017,225159,
ESTAT:NASA_10_NF_TR(1.0),13/02/23 23:00:00,A,CP_MEUR,RECV,B2A3N,S14,FR,2018,229724,
ESTAT:NASA_10_NF_TR(1.0),13/02/23 23:00:00,A,CP_MEUR,RECV,B2A3N,S14,FR,2019,234495,
ESTAT:NASA_10_NF_TR(1.0),13/02/23 23:00:00,A,CP_MEUR,RECV,B2A3N,S14,FR,2020,232797,p
ESTAT:NASA_10_NF_TR(1.0),13/02/23 23:00:00,A,CP_MEUR,RECV,B2A3N,S14,FR,2021,236025,p
ESTAT:NASA_10_NF_TR(1.0),13/02/23 23:00:00,A,CP_MEUR,RECV,B2A3N,S14,HR,2000,3152,
ESTAT:NASA_10_NF_TR(1.0),13/02/23 23:00:00,A,CP_MEUR,RECV,B2A3N,S14,HR,2001,3531,
ESTAT:NASA_10_NF_TR(1.0),13/02/23 23:00:00,A,CP_MEUR,RECV,B2A3N,S14,HR,2002,3670,
ESTAT:NASA_10_NF_TR(1.0),13/02/23 23:00:00,A,CP_MEUR,RECV,B2A3N,S14,HR,2003,3651,
ESTAT:NASA_10_NF_TR(1.0),13/02/23 23:00:00,A,CP_MEUR,RECV,B2A3N,S14,HR,2004,4077,
ESTAT:NASA_10_NF_TR(1.0),13/02/23 23:00:00,A,CP_MEUR,RECV,B2A3N,S14,HR,2005,4431,
ESTAT:NASA_10_NF_TR(1.0),13/02/23 23:00:00,A,CP_MEUR,RECV,B2A3N,S14,HR,2006,4610,
ESTAT:NASA_10_NF_TR(1.0),13/02/23 23:00:00,A,CP_MEUR,RECV,B2A3N,S14,HR,2007,4774,
ESTAT:NASA_10_NF_TR(1.0),13/02/23 23:00:00,A,CP_MEUR,RECV,B2A3N,S14,HR,2008,4709,
ESTAT:NASA_10_NF_TR(1.0),13/02/23 23:00:00,A,CP_MEUR,RECV,B2A3N,S14,HR,2009,4541,
ESTAT:NASA_10_NF_TR(1.0),13/02/23 23:00:00,A,CP_MEUR,RECV,B2A3N,S14,HR,2010,4376,
ESTAT:NASA_10_NF_TR(1.0),13/02/23 23:00:00,A,CP_MEUR,RECV,B2A3N,S14,HR,2011,4323,
ESTAT:NASA_10_NF_TR(1.0),13/02/23 23:00:00,A,CP_MEUR,RECV,B2A3N,S14,HR,2012,4057,
ESTAT:NASA_10_NF_TR(1.0),13/02/23 23:00:00,A,CP_MEUR,RECV,B2A3N,S14,HR,2013,4194,
ESTAT:NASA_10_NF_TR(1.0),13/02/23 23:00:00,A,CP_MEUR,RECV,B2A3N,S14,HR,2014,3892,
ESTAT:NASA_10_NF_TR(1.0),13/02/23 23:00:00,A,CP_MEUR,RECV,B2A3N,S14,HR,2015,3984,
ESTAT:NASA_10_NF_TR(1.0),13/02/23 23:00:00,A,CP_MEUR,RECV,B2A3N,S14,HR,2016,4237,
ESTAT:NASA_10_NF_TR(1.0),13/02/23 23:00:00,A,CP_MEUR,RECV,B2A3N,S14,HR,2017,4503,
ESTAT:NASA_10_NF_TR(1.0),13/02/23 23:00:00,A,CP_MEUR,RECV,B2A3N,S14,HR,2018,4554,
ESTAT:NASA_10_NF_TR(1.0),13/02/23 23:00:00,A,CP_MEUR,RECV,B2A3N,S14,HR,2019,5178,
ESTAT:NASA_10_NF_TR(1.0),13/02/23 23:00:00,A,CP_MEUR,RECV,B2A3N,S14,HR,2020,4616,
ESTAT:NASA_10_NF_TR(1.0),13/02/23 23:00:00,A,CP_MEUR,RECV,B2A3N,S14,HR,2021,4895,p
ESTAT:NASA_10_NF_TR(1.0),13/02/23 23:00:00,A,CP_MEUR,RECV,B2A3N,S14,HU,2000,7341,
ESTAT:NASA_10_NF_TR(1.0),13/02/23 23:00:00,A,CP_MEUR,RECV,B2A3N,S14,HU,2001,8669,
ESTAT:NASA_10_NF_TR(1.0),13/02/23 23:00:00,A,CP_MEUR,RECV,B2A3N,S14,HU,2002,9723,
ESTAT:NASA_10_NF_TR(1.0),13/02/23 23:00:00,A,CP_MEUR,RECV,B2A3N,S14,HU,2003,9581,
ESTAT:NASA_10_NF_TR(1.0),13/02/23 23:00:00,A,CP_MEUR,RECV,B2A3N,S14,HU,2004,10315,
ESTAT:NASA_10_NF_TR(1.0),13/02/23 23:00:00,A,CP_MEUR,RECV,B2A3N,S14,HU,2005,11189,
ESTAT:NASA_10_NF_TR(1.0),13/02/23 23:00:00,A,CP_MEUR,RECV,B2A3N,S14,HU,2006,10570,
ESTAT:NASA_10_NF_TR(1.0),13/02/23 23:00:00,A,CP_MEUR,RECV,B2A3N,S14,HU,2007,11461,
ESTAT:NASA_10_NF_TR(1.0),13/02/23 23:00:00,A,CP_MEUR,RECV,B2A3N,S14,HU,2008,12398,
ESTAT:NASA_10_NF_TR(1.0),13/02/23 23:00:00,A,CP_MEUR,RECV,B2A3N,S14,HU,2009,10320,
ESTAT:NASA_10_NF_TR(1.0),13/02/23 23:00:00,A,CP_MEUR,RECV,B2A3N,S14,HU,2010,11096,
ESTAT:NASA_10_NF_TR(1.0),13/02/23 23:00:00,A,CP_MEUR,RECV,B2A3N,S14,HU,2011,11489,
ESTAT:NASA_10_NF_TR(1.0),13/02/23 23:00:00,A,CP_MEUR,RECV,B2A3N,S14,HU,2012,10610,
ESTAT:NASA_10_NF_TR(1.0),13/02/23 23:00:00,A,CP_MEUR,RECV,B2A3N,S14,HU,2013,10582,
ESTAT:NASA_10_NF_TR(1.0),13/02/23 23:00:00,A,CP_MEUR,RECV,B2A3N,S14,HU,2014,10967,
ESTAT:NASA_10_NF_TR(1.0),13/02/23 23:00:00,A,CP_MEUR,RECV,B2A3N,S14,HU,2015,11682,
ESTAT:NASA_10_NF_TR(1.0),13/02/23 23:00:00,A,CP_MEUR,RECV,B2A3N,S14,HU,2016,12731,
ESTAT:NASA_10_NF_TR(1.0),13/02/23 23:00:00,A,CP_MEUR,RECV,B2A3N,S14,HU,2017,13973,
ESTAT:NASA_10_NF_TR(1.0),13/02/23 23:00:00,A,CP_MEUR,RECV,B2A3N,S14,HU,2018,15629,
ESTAT:NASA_10_NF_TR(1.0),13/02/23 23:00:00,A,CP_MEUR,RECV,B2A3N,S14,HU,2019,17784,
ESTAT:NASA_10_NF_TR(1.0),13/02/23 23:00:00,A,CP_MEUR,RECV,B2A3N,S14,HU,2020,16472,
ESTAT:NASA_10_NF_TR(1.0),13/02/23 23:00:00,A,CP_MEUR,RECV,B2A3N,S14,HU,2021,19181,p
ESTAT:NASA_10_NF_TR(1.0),13/02/23 23:00:00,A,CP_MEUR,RECV,B2A3N,S14,IE,2010,16829,
ESTAT:NASA_10_NF_TR(1.0),13/02/23 23:00:00,A,CP_MEUR,RECV,B2A3N,S14,IE,2011,17073,
ESTAT:NASA_10_NF_TR(1.0),13/02/23 23:00:00,A,CP_MEUR,RECV,B2A3N,S14,IE,2012,16268,
ESTAT:NASA_10_NF_TR(1.0),13/02/23 23:00:00,A,CP_MEUR,RECV,B2A3N,S14,IE,2013,16208,
ESTAT:NASA_10_NF_TR(1.0),13/02/23 23:00:00,A,CP_MEUR,RECV,B2A3N,S14,IE,2014,17326,
ESTAT:NASA_10_NF_TR(1.0),13/02/23 23:00:00,A,CP_MEUR,RECV,B2A3N,S14,IE,2015,18809,
ESTAT:NASA_10_NF_TR(1.0),13/02/23 23:00:00,A,CP_MEUR,RECV,B2A3N,S14,IE,2016,19899,
ESTAT:NASA_10_NF_TR(1.0),13/02/23 23:00:00,A,CP_MEUR,RECV,B2A3N,S14,IE,2017,21119,
ESTAT:NASA_10_NF_TR(1.0),13/02/23 23:00:00,A,CP_MEUR,RECV,B2A3N,S14,IE,2018,22136,
ESTAT:NASA_10_NF_TR(1.0),13/02/23 23:00:00,A,CP_MEUR,RECV,B2A3N,S14,IE,2019,23560,
ESTAT:NASA_10_NF_TR(1.0),13/02/23 23:00:00,A,CP_MEUR,RECV,B2A3N,S14,IE,2020,23590,
ESTAT:NASA_10_NF_TR(1.0),13/02/23 23:00:00,A,CP_MEUR,RECV,B2A3N,S14,IE,2021,27647,
ESTAT:NASA_10_NF_TR(1.0),13/02/23 23:00:00,A,CP_MEUR,RECV,B2A3N,S14,IS,2000,305,
ESTAT:NASA_10_NF_TR(1.0),13/02/23 23:00:00,A,CP_MEUR,RECV,B2A3N,S14,IS,2001,251,
ESTAT:NASA_10_NF_TR(1.0),13/02/23 23:00:00,A,CP_MEUR,RECV,B2A3N,S14,IS,2002,322,
ESTAT:NASA_10_NF_TR(1.0),13/02/23 23:00:00,A,CP_MEUR,RECV,B2A3N,S14,IS,2003,361,
ESTAT:NASA_10_NF_TR(1.0),13/02/23 23:00:00,A,CP_MEUR,RECV,B2A3N,S14,IS,2004,380,
ESTAT:NASA_10_NF_TR(1.0),13/02/23 23:00:00,A,CP_MEUR,RECV,B2A3N,S14,IS,2005,377,
ESTAT:NASA_10_NF_TR(1.0),13/02/23 23:00:00,A,CP_MEUR,RECV,B2A3N,S14,IS,2006,250,
ESTAT:NASA_10_NF_TR(1.0),13/02/23 23:00:00,A,CP_MEUR,RECV,B2A3N,S14,IS,2007,463,
ESTAT:NASA_10_NF_TR(1.0),13/02/23 23:00:00,A,CP_MEUR,RECV,B2A3N,S14,IS,2008,375,
ESTAT:NASA_10_NF_TR(1.0),13/02/23 23:00:00,A,CP_MEUR,RECV,B2A3N,S14,IS,2009,392,
ESTAT:NASA_10_NF_TR(1.0),13/02/23 23:00:00,A,CP_MEUR,RECV,B2A3N,S14,IS,2010,367,
ESTAT:NASA_10_NF_TR(1.0),13/02/23 23:00:00,A,CP_MEUR,RECV,B2A3N,S14,IS,2011,338,
ESTAT:NASA_10_NF_TR(1.0),13/02/23 23:00:00,A,CP_MEUR,RECV,B2A3N,S14,IS,2012,463,
ESTAT:NASA_10_NF_TR(1.0),13/02/23 23:00:00,A,CP_MEUR,RECV,B2A3N,S14,IS,2013,479,
ESTAT:NASA_10_NF_TR(1.0),13/02/23 23:00:00,A,CP_MEUR,RECV,B2A3N,S14,IS,2014,576,
ESTAT:NASA_10_NF_TR(1.0),13/02/23 23:00:00,A,CP_MEUR,RECV,B2A3N,S14,IT,2000,243099,
ESTAT:NASA_10_NF_TR(1.0),13/02/23 23:00:00,A,CP_MEUR,RECV,B2A3N,S14,IT,2001,253717,
ESTAT:NASA_10_NF_TR(1.0),13/02/23 23:00:00,A,CP_MEUR,RECV,B2A3N,S14,IT,2002,263854,
ESTAT:NASA_10_NF_TR(1.0),13/02/23 23:00:00,A,CP_MEUR,RECV,B2A3N,S14,IT,2003,275873,
ESTAT:NASA_10_NF_TR(1.0),13/02/23 23:00:00,A,CP_MEUR,RECV,B2A3N,S14,IT,2004,288853,
ESTAT:NASA_10_NF_TR(1.0),13/02/23 23:00:00,A,CP_MEUR,RECV,B2A3N,S14,IT,2005,287856,
ESTAT:NASA_10_NF_TR(1.0),13/02/23 23:00:00,A,CP_MEUR,RECV,B2A3N,S14,IT,2006,294329,
ESTAT:NASA_10_NF_TR(1.0),13/02/23 23:00:00,A,CP_MEUR,RECV,B2A3N,S14,IT,2007,304467,
ESTAT:NASA_10_NF_TR(1.0),13/02/23 23:00:00,A,CP_MEUR,RECV,B2A3N,S14,IT,2008,309184,
ESTAT:NASA_10_NF_TR(1.0),13/02/23 23:00:00,A,CP_MEUR,RECV,B2A3N,S14,IT,2009,302391,
ESTAT:NASA_10_NF_TR(1.0),13/02/23 23:00:00,A,CP_MEUR,RECV,B2A3N,S14,IT,2010,300943,
ESTAT:NASA_10_NF_TR(1.0),13/02/23 23:00:00,A,CP_MEUR,RECV,B2A3N,S14,IT,2011,307735,
ESTAT:NASA_10_NF_TR(1.0),13/02/23 23:00:00,A,CP_MEUR,RECV,B2A3N,S14,IT,2012,297455,
ESTAT:NASA_10_NF_TR(1.0),13/02/23 23:00:00,A,CP_MEUR,RECV,B2A3N,S14,IT,2013,300616,
ESTAT:NASA_10_NF_TR(1.0),13/02/23 23:00:00,A,CP_MEUR,RECV,B2A3N,S14,IT,2014,298816,
ESTAT:NASA_10_NF_TR(1.0),13/02/23 23:00:00,A,CP_MEUR,RECV,B2A3N,S14,IT,2015,302175,
ESTAT:NASA_10_NF_TR(1.0),13/02/23 23:00:00,A,CP_MEUR,RECV,B2A3N,S14,IT,2016,307661,
ESTAT:NASA_10_NF_TR(1.0),13/02/23 23:00:00,A,CP_MEUR,RECV,B2A3N,S14,IT,2017,311497,
ESTAT:NASA_10_NF_TR(1.0),13/02/23 23:00:00,A,CP_MEUR,RECV,B2A3N,S14,IT,2018,317136,
ESTAT:NASA_10_NF_TR(1.0),13/02/23 23:00:00,A,CP_MEUR,RECV,B2A3N,S14,IT,2019,312005,
ESTAT:NASA_10_NF_TR(1.0),13/02/23 23:00:00,A,CP_MEUR,RECV,B2A3N,S14,IT,2020,293957,
ESTAT:NASA_10_NF_TR(1.0),13/02/23 23:00:00,A,CP_MEUR,RECV,B2A3N,S14,IT,2021,308133,
ESTAT:NASA_10_NF_TR(1.0),13/02/23 23:00:00,A,CP_MEUR,RECV,B2A3N,S14,LT,2000,1897,
ESTAT:NASA_10_NF_TR(1.0),13/02/23 23:00:00,A,CP_MEUR,RECV,B2A3N,S14,LT,2001,1830,
ESTAT:NASA_10_NF_TR(1.0),13/02/23 23:00:00,A,CP_MEUR,RECV,B2A3N,S14,LT,2002,1839,
ESTAT:NASA_10_NF_TR(1.0),13/02/23 23:00:00,A,CP_MEUR,RECV,B2A3N,S14,LT,2003,1917,
ESTAT:NASA_10_NF_TR(1.0),13/02/23 23:00:00,A,CP_MEUR,RECV,B2A3N,S14,LT,2004,1986,
ESTAT:NASA_10_NF_TR(1.0),13/02/23 23:00:00,A,CP_MEUR,RECV,B2A3N,S14,LT,2005,2233,
ESTAT:NASA_10_NF_TR(1.0),13/02/23 23:00:00,A,CP_MEUR,RECV,B2A3N,S14,LT,2006,2354,
ESTAT:NASA_10_NF_TR(1.0),13/02/23 23:00:00,A,CP_MEUR,RECV,B2A3N,S14,LT,2007,2477,
ESTAT:NASA_10_NF_TR(1.0),13/02/23 23:00:00,A,CP_MEUR,RECV,B2A3N,S14,LT,2008,2606,
ESTAT:NASA_10_NF_TR(1.0),13/02/23 23:00:00,A,CP_MEUR,RECV,B2A3N,S14,LT,2009,2115,
ESTAT:NASA_10_NF_TR(1.0),13/02/23 23:00:00,A,CP_MEUR,RECV,B2A3N,S14,LT,2010,2024,
ESTAT:NASA_10_NF_TR(1.0),13/02/23 23:00:00,A,CP_MEUR,RECV,B2A3N,S14,LT,2011,2186,
ESTAT:NASA_10_NF_TR(1.0),13/02/23 23:00:00,A,CP_MEUR,RECV,B2A3N,S14,LT,2012,2541,
ESTAT:NASA_10_NF_TR(1.0),13/02/23 23:00:00,A,CP_MEUR,RECV,B2A3N,S14,LT,2013,2632,
ESTAT:NASA_10_NF_TR(1.0),13/02/23 23:00:00,A,CP_MEUR,RECV,B2A3N,S14,LT,2014,2739,
ESTAT:NASA_10_NF_TR(1.0),13/02/23 23:00:00,A,CP_MEUR,RECV,B2A3N,S14,LT,2015,2953,
ESTAT:NASA_10_NF_TR(1.0),13/02/23 23:00:00,A,CP_MEUR,RECV,B2A3N,S14,LT,2016,2909,
ESTAT:NASA_10_NF_TR(1.0),13/02/23 23:00:00,A,CP_MEUR,RECV,B2A3N,S14,LT,2017,3118,
ESTAT:NASA_10_NF_TR(1.0),13/02/23 23:00:00,A,CP_MEUR,RECV,B2A3N,S14,LT,2018,3189,
ESTAT:NASA_10_NF_TR(1.0),13/02/23 23:00:00,A,CP_MEUR,RECV,B2A3N,S14,LT,2019,3241,
ESTAT:NASA_10_NF_TR(1.0),13/02/23 23:00:00,A,CP_MEUR,RECV,B2A3N,S14,LT,2020,3584,
ESTAT:NASA_10_NF_TR(1.0),13/02/23 23:00:00,A,CP_MEUR,RECV,B2A3N,S14,LT,2021,3540,
ESTAT:NASA_10_NF_TR(1.0),13/02/23 23:00:00,A,CP_MEUR,RECV,B2A3N,S14,LU,2000,2049,
ESTAT:NASA_10_NF_TR(1.0),13/02/23 23:00:00,A,CP_MEUR,RECV,B2A3N,S14,LU,2001,2162,
ESTAT:NASA_10_NF_TR(1.0),13/02/23 23:00:00,A,CP_MEUR,RECV,B2A3N,S14,LU,2002,2360,
ESTAT:NASA_10_NF_TR(1.0),13/02/23 23:00:00,A,CP_MEUR,RECV,B2A3N,S14,LU,2003,2394,
ESTAT:NASA_10_NF_TR(1.0),13/02/23 23:00:00,A,CP_MEUR,RECV,B2A3N,S14,LU,2004,2401,
ESTAT:NASA_10_NF_TR(1.0),13/02/23 23:00:00,A,CP_MEUR,RECV,B2A3N,S14,LU,2005,2339,
ESTAT:NASA_10_NF_TR(1.0),13/02/23 23:00:00,A,CP_MEUR,RECV,B2A3N,S14,LU,2006,2539,
ESTAT:NASA_10_NF_TR(1.0),13/02/23 23:00:00,A,CP_MEUR,RECV,B2A3N,S14,LU,2007,2451,
ESTAT:NASA_10_NF_TR(1.0),13/02/23 23:00:00,A,CP_MEUR,RECV,B2A3N,S14,LU,2008,2520,
ESTAT:NASA_10_NF_TR(1.0),13/02/23 23:00:00,A,CP_MEUR,RECV,B2A3N,S14,LU,2009,2520,
ESTAT:NASA_10_NF_TR(1.0),13/02/23 23:00:00,A,CP_MEUR,RECV,B2A3N,S14,LU,2010,2580,
ESTAT:NASA_10_NF_TR(1.0),13/02/23 23:00:00,A,CP_MEUR,RECV,B2A3N,S14,LU,2011,2767,
ESTAT:NASA_10_NF_TR(1.0),13/02/23 23:00:00,A,CP_MEUR,RECV,B2A3N,S14,LU,2012,2908,
ESTAT:NASA_10_NF_TR(1.0),13/02/23 23:00:00,A,CP_MEUR,RECV,B2A3N,S14,LU,2013,3319,
ESTAT:NASA_10_NF_TR(1.0),13/02/23 23:00:00,A,CP_MEUR,RECV,B2A3N,S14,LU,2014,3344,
ESTAT:NASA_10_NF_TR(1.0),13/02/23 23:00:00,A,CP_MEUR,RECV,B2A3N,S14,LU,2015,3371,
ESTAT:NASA_10_NF_TR(1.0),13/02/23 23:00:00,A,CP_MEUR,RECV,B2A3N,S14,LU,2016,3436,
ESTAT:NASA_10_NF_TR(1.0),13/02/23 23:00:00,A,CP_MEUR,RECV,B2A3N,S14,LU,2017,3599,
ESTAT:NASA_10_NF_TR(1.0),13/02/23 23:00:00,A,CP_MEUR,RECV,B2A3N,S14,LU,2018,3545,
ESTAT:NASA_10_NF_TR(1.0),13/02/23 23:00:00,A,CP_MEUR,RECV,B2A3N,S14,LU,2019,3732,
ESTAT:NASA_10_NF_TR(1.0),13/02/23 23:00:00,A,CP_MEUR,RECV,B2A3N,S14,LU,2020,3626,
ESTAT:NASA_10_NF_TR(1.0),13/02/23 23:00:00,A,CP_MEUR,RECV,B2A3N,S14,LU,2021,3785,
ESTAT:NASA_10_NF_TR(1.0),13/02/23 23:00:00,A,CP_MEUR,RECV,B2A3N,S14,LV,2000,416,
ESTAT:NASA_10_NF_TR(1.0),13/02/23 23:00:00,A,CP_MEUR,RECV,B2A3N,S14,LV,2001,478,
ESTAT:NASA_10_NF_TR(1.0),13/02/23 23:00:00,A,CP_MEUR,RECV,B2A3N,S14,LV,2002,598,
ESTAT:NASA_10_NF_TR(1.0),13/02/23 23:00:00,A,CP_MEUR,RECV,B2A3N,S14,LV,2003,683,
ESTAT:NASA_10_NF_TR(1.0),13/02/23 23:00:00,A,CP_MEUR,RECV,B2A3N,S14,LV,2004,876,
ESTAT:NASA_10_NF_TR(1.0),13/02/23 23:00:00,A,CP_MEUR,RECV,B2A3N,S14,LV,2005,1005,
ESTAT:NASA_10_NF_TR(1.0),13/02/23 23:00:00,A,CP_MEUR,RECV,B2A3N,S14,LV,2006,1298,
ESTAT:NASA_10_NF_TR(1.0),13/02/23 23:00:00,A,CP_MEUR,RECV,B2A3N,S14,LV,2007,1694,
ESTAT:NASA_10_NF_TR(1.0),13/02/23 23:00:00,A,CP_MEUR,RECV,B2A3N,S14,LV,2008,1814,
ESTAT:NASA_10_NF_TR(1.0),13/02/23 23:00:00,A,CP_MEUR,RECV,B2A3N,S14,LV,2009,1456,
ESTAT:NASA_10_NF_TR(1.0),13/02/23 23:00:00,A,CP_MEUR,RECV,B2A3N,S14,LV,2010,1369,
ESTAT:NASA_10_NF_TR(1.0),13/02/23 23:00:00,A,CP_MEUR,RECV,B2A3N,S14,LV,2011,1548,
ESTAT:NASA_10_NF_TR(1.0),13/02/23 23:00:00,A,CP_MEUR,RECV,B2A3N,S14,LV,2012,1690,
ESTAT:NASA_10_NF_TR(1.0),13/02/23 23:00:00,A,CP_MEUR,RECV,B2A3N,S14,LV,2013,1518,
ESTAT:NASA_10_NF_TR(1.0),13/02/23 23:00:00,A,CP_MEUR,RECV,B2A3N,S14,LV,2014,1498,
ESTAT:NASA_10_NF_TR(1.0),13/02/23 23:00:00,A,CP_MEUR,RECV,B2A3N,S14,LV,2015,1511,
ESTAT:NASA_10_NF_TR(1.0),13/02/23 23:00:00,A,CP_MEUR,RECV,B2A3N,S14,LV,2016,1573,
ESTAT:NASA_10_NF_TR(1.0),13/02/23 23:00:00,A,CP_MEUR,RECV,B2A3N,S14,LV,2017,1830,
ESTAT:NASA_10_NF_TR(1.0),13/02/23 23:00:00,A,CP_MEUR,RECV,B2A3N,S14,LV,2018,1794,
ESTAT:NASA_10_NF_TR(1.0),13/02/23 23:00:00,A,CP_MEUR,RECV,B2A3N,S14,LV,2019,1969,
ESTAT:NASA_10_NF_TR(1.0),13/02/23 23:00:00,A,CP_MEUR,RECV,B2A3N,S14,LV,2020,2161,
ESTAT:NASA_10_NF_TR(1.0),13/02/23 23:00:00,A,CP_MEUR,RECV,B2A3N,S14,LV,2021,2680,
ESTAT:NASA_10_NF_TR(1.0),13/02/23 23:00:00,A,CP_MEUR,RECV,B2A3N,S14,MT,2000,523,
ESTAT:NASA_10_NF_TR(1.0),13/02/23 23:00:00,A,CP_MEUR,RECV,B2A3N,S14,MT,2001,550,
ESTAT:NASA_10_NF_TR(1.0),13/02/23 23:00:00,A,CP_MEUR,RECV,B2A3N,S14,MT,2002,593,
ESTAT:NASA_10_NF_TR(1.0),13/02/23 23:00:00,A,CP_MEUR,RECV,B2A3N,S14,MT,2003,603,
ESTAT:NASA_10_NF_TR(1.0),13/02/23 23:00:00,A,CP_MEUR,RECV,B2A3N,S14,MT,2004,489,
ESTAT:NASA_10_NF_TR(1.0),13/02/23 23:00:00,A,CP_MEUR,RECV,B2A3N,S14,MT,2005,484,
ESTAT:NASA_10_NF_TR(1.0),13/02/23 23:00:00,A,CP_MEUR,RECV,B2A3N,S14,MT,2006,460,
ESTAT:NASA_10_NF_TR(1.0),13/02/23 23:00:00,A,CP_MEUR,RECV,B2A3N,S14,MT,2007,469,
ESTAT:NASA_10_NF_TR(1.0),13/02/23 23:00:00,A,CP_MEUR,RECV,B2A3N,S14,MT,2008,482,
ESTAT:NASA_10_NF_TR(1.0),13/02/23 23:00:00,A,CP_MEUR,RECV,B2A3N,S14,MT,2009,522,
ESTAT:NASA_10_NF_TR(1.0),13/02/23 23:00:00,A,CP_MEUR,RECV,B2A3N,S14,MT,2010,553,
ESTAT:NASA_10_NF_TR(1.0),13/02/23 23:00:00,A,CP_MEUR,RECV,B2A3N,S14,MT,2011,523,
ESTAT:NASA_10_NF_TR(1.0),13/02/23 23:00:00,A,CP_MEUR,RECV,B2A3N,S14,MT,2012,543,
ESTAT:NASA_10_NF_TR(1.0),13/02/23 23:00:00,A,CP_MEUR,RECV,B2A3N,S14,MT,2013,593,
ESTAT:NASA_10_NF_TR(1.0),13/02/23 23:00:00,A,CP_MEUR,RECV,B2A3N,S14,MT,2014,621,
ESTAT:NASA_10_NF_TR(1.0),13/02/23 23:00:00,A,CP_MEUR,RECV,B2A3N,S14,MT,2015,696,
ESTAT:NASA_10_NF_TR(1.0),13/02/23 23:00:00,A,CP_MEUR,RECV,B2A3N,S14,MT,2016,654,
ESTAT:NASA_10_NF_TR(1.0),13/02/23 23:00:00,A,CP_MEUR,RECV,B2A3N,S14,MT,2017,687,
ESTAT:NASA_10_NF_TR(1.0),13/02/23 23:00:00,A,CP_MEUR,RECV,B2A3N,S14,MT,2018,766,
ESTAT:NASA_10_NF_TR(1.0),13/02/23 23:00:00,A,CP_MEUR,RECV,B2A3N,S14,MT,2019,843,
ESTAT:NASA_10_NF_TR(1.0),13/02/23 23:00:00,A,CP_MEUR,RECV,B2A3N,S14,MT,2020,788,
ESTAT:NASA_10_NF_TR(1.0),13/02/23 23:00:00,A,CP_MEUR,RECV,B2A3N,S14,MT,2021,887,
ESTAT:NASA_10_NF_TR(1.0),13/02/23 23:00:00,A,CP_MEUR,RECV,B2A3N,S14,NL,2000,39380,
ESTAT:NASA_10_NF_TR(1.0),13/02/23 23:00:00,A,CP_MEUR,RECV,B2A3N,S14,NL,2001,35395,
ESTAT:NASA_10_NF_TR(1.0),13/02/23 23:00:00,A,CP_MEUR,RECV,B2A3N,S14,NL,2002,35635,
ESTAT:NASA_10_NF_TR(1.0),13/02/23 23:00:00,A,CP_MEUR,RECV,B2A3N,S14,NL,2003,36597,
ESTAT:NASA_10_NF_TR(1.0),13/02/23 23:00:00,A,CP_MEUR,RECV,B2A3N,S14,NL,2004,37280,
ESTAT:NASA_10_NF_TR(1.0),13/02/23 23:00:00,A,CP_MEUR,RECV,B2A3N,S14,NL,2005,38136,
ESTAT:NASA_10_NF_TR(1.0),13/02/23 23:00:00,A,CP_MEUR,RECV,B2A3N,S14,NL,2006,44381,
ESTAT:NASA_10_NF_TR(1.0),13/02/23 23:00:00,A,CP_MEUR,RECV,B2A3N,S14,NL,2007,50248,
ESTAT:NASA_10_NF_TR(1.0),13/02/23 23:00:00,A,CP_MEUR,RECV,B2A3N,S14,NL,2008,51196,
ESTAT:NASA_10_NF_TR(1.0),13/02/23 23:00:00,A,CP_MEUR,RECV,B2A3N,S14,NL,2009,38466,
ESTAT:NASA_10_NF_TR(1.0),13/02/23 23:00:00,A,CP_MEUR,RECV,B2A3N,S14,NL,2010,37761,
ESTAT:NASA_10_NF_TR(1.0),13/02/23 23:00:00,A,CP_MEUR,RECV,B2A3N,S14,NL,2011,41022,
ESTAT:NASA_10_NF_TR(1.0),13/02/23 23:00:00,A,CP_MEUR,RECV,B2A3N,S14,NL,2012,37203,
ESTAT:NASA_10_NF_TR(1.0),13/02/23 23:00:00,A,CP_MEUR,RECV,B2A3N,S14,NL,2013,39462,
ESTAT:NASA_10_NF_TR(1.0),13/02/23 23:00:00,A,CP_MEUR,RECV,B2A3N,S14,NL,2014,44256,
ESTAT:NASA_10_NF_TR(1.0),13/02/23 23:00:00,A,CP_MEUR,RECV,B2A3N,S14,NL,2015,47238,
ESTAT:NASA_10_NF_TR(1.0),13/02/23 23:00:00,A,CP_MEUR,RECV,B2A3N,S14,NL,2016,51770,
ESTAT:NASA_10_NF_TR(1.0),13/02/23 23:00:00,A,CP_MEUR,RECV,B2A3N,S14,NL,2017,57561,
ESTAT:NASA_10_NF_TR(1.0),13/02/23 23:00:00,A,CP_MEUR,RECV,B2A3N,S14,NL,2018,63803,
ESTAT:NASA_10_NF_TR(1.0),13/02/23 23:00:00,A,CP_MEUR,RECV,B2A3N,S14,NL,2019,67051,
ESTAT:NASA_10_NF_TR(1.0),13/02/23 23:00:00,A,CP_MEUR,RECV,B2A3N,S14,NL,2020,67862,p
ESTAT:NASA_10_NF_TR(1.0),13/02/23 23:00:00,A,CP_MEUR,RECV,B2A3N,S14,NL,2021,74018,p
ESTAT:NASA_10_NF_TR(1.0),13/02/23 23:00:00,A,CP_MEUR,RECV,B2A3N,S14,NO,2000,11247,
ESTAT:NASA_10_NF_TR(1.0),13/02/23 23:00:00,A,CP_MEUR,RECV,B2A3N,S14,NO,2001,11631,
ESTAT:NASA_10_NF_TR(1.0),13/02/23 23:00:00,A,CP_MEUR,RECV,B2A3N,S14,NO,2002,13221,
ESTAT:NASA_10_NF_TR(1.0),13/02/23 23:00:00,A,CP_MEUR,RECV,B2A3N,S14,NO,2003,12860,
ESTAT:NASA_10_NF_TR(1.0),13/02/23 23:00:00,A,CP_MEUR,RECV,B2A3N,S14,NO,2004,11645,
ESTAT:NASA_10_NF_TR(1.0),13/02/23 23:00:00,A,CP_MEUR,RECV,B2A3N,S14,NO,2005,12582,
ESTAT:NASA_10_NF_TR(1.0),13/02/23 23:00:00,A,CP_MEUR,RECV,B2A3N,S14,NO,2006,13190,
ESTAT:NASA_10_NF_TR(1.0),13/02/23 23:00:00,A,CP_MEUR,RECV,B2A3N,S14,NO,2007,13747,
ESTAT:NASA_10_NF_TR(1.0),13/02/23 23:00:00,A,CP_MEUR,RECV,B2A3N,S14,NO,2008,13645,
ESTAT:NASA_10_NF_TR(1.0),13/02/23 23:00:00,A,CP_MEUR,RECV,B2A3N,S14,NO,2009,10431,
ESTAT:NASA_10_NF_TR(1.0),13/02/23 23:00:00,A,CP_MEUR,RECV,B2A3N,S14,NO,2010,12977,
ESTAT:NASA_10_NF_TR(1.0),13/02/23 23:00:00,A,CP_MEUR,RECV,B2A3N,S14,NO,2011,13894,
ESTAT:NASA_10_NF_TR(1.0),13/02/23 23:00:00,A,CP_MEUR,RECV,B2A3N,S14,NO,2012,14042,
ESTAT:NASA_10_NF_TR(1.0),13/02/23 23:00:00,A,CP_MEUR,RECV,B2A3N,S14,NO,2013,13759,
ESTAT:NASA_10_NF_TR(1.0),13/02/23 23:00:00,A,CP_MEUR,RECV,B2A3N,S14,NO,2014,13436,
ESTAT:NASA_10_NF_TR(1.0),13/02/23 23:00:00,A,CP_MEUR,RECV,B2A3N,S14,NO,2015,13926,
ESTAT:NASA_10_NF_TR(1.0),13/02/23 23:00:00,A,CP_MEUR,RECV,B2A3N,S14,NO,2016,13347,
ESTAT:NASA_10_NF_TR(1.0),13/02/23 23:00:00,A,CP_MEUR,RECV,B2A3N,S14,NO,2017,13408,
ESTAT:NASA_10_NF_TR(1.0),13/02/23 23:00:00,A,CP_MEUR,RECV,B2A3N,S14,NO,2018,12313,
ESTAT:NASA_10_NF_TR(1.0),13/02/23 23:00:00,A,CP_MEUR,RECV,B2A3N,S14,NO,2019,11564,
ESTAT:NASA_10_NF_TR(1.0),13/02/23 23:00:00,A,CP_MEUR,RECV,B2A3N,S14,NO,2020,8495,
ESTAT:NASA_10_NF_TR(1.0),13/02/23 23:00:00,A,CP_MEUR,RECV,B2A3N,S14,NO,2021,8700,
ESTAT:NASA_10_NF_TR(1.0),13/02/23 23:00:00,A,CP_MEUR,RECV,B2A3N,S14,PL,2000,45665,
ESTAT:NASA_10_NF_TR(1.0),13/02/23 23:00:00,A,CP_MEUR,RECV,B2A3N,S14,PL,2001,54190,
ESTAT:NASA_10_NF_TR(1.0),13/02/23 23:00:00,A,CP_MEUR,RECV,B2A3N,S14,PL,2002,53044,
ESTAT:NASA_10_NF_TR(1.0),13/02/23 23:00:00,A,CP_MEUR,RECV,B2A3N,S14,PL,2003,46418,
ESTAT:NASA_10_NF_TR(1.0),13/02/23 23:00:00,A,CP_MEUR,RECV,B2A3N,S14,PL,2004,49174,
ESTAT:NASA_10_NF_TR(1.0),13/02/23 23:00:00,A,CP_MEUR,RECV,B2A3N,S14,PL,2005,58068,
ESTAT:NASA_10_NF_TR(1.0),13/02/23 23:00:00,A,CP_MEUR,RECV,B2A3N,S14,PL,2006,64510,
ESTAT:NASA_10_NF_TR(1.0),13/02/23 23:00:00,A,CP_MEUR,RECV,B2A3N,S14,PL,2007,71844,
ESTAT:NASA_10_NF_TR(1.0),13/02/23 23:00:00,A,CP_MEUR,RECV,B2A3N,S14,PL,2008,81823,
ESTAT:NASA_10_NF_TR(1.0),13/02/23 23:00:00,A,CP_MEUR,RECV,B2A3N,S14,PL,2009,72111,
ESTAT:NASA_10_NF_TR(1.0),13/02/23 23:00:00,A,CP_MEUR,RECV,B2A3N,S14,PL,2010,82004,
ESTAT:NASA_10_NF_TR(1.0),13/02/23 23:00:00,A,CP_MEUR,RECV,B2A3N,S14,PL,2011,84966,
ESTAT:NASA_10_NF_TR(1.0),13/02/23 23:00:00,A,CP_MEUR,RECV,B2A3N,S14,PL,2012,89699,
ESTAT:NASA_10_NF_TR(1.0),13/02/23 23:00:00,A,CP_MEUR,RECV,B2A3N,S14,PL,2013,88451,
ESTAT:NASA_10_NF_TR(1.0),13/02/23 23:00:00,A,CP_MEUR,RECV,B2A3N,S14,PL,2014,93765,
ESTAT:NASA_10_NF_TR(1.0),13/02/23 23:00:00,A,CP_MEUR,RECV,B2A3N,S14,PL,2015,96992,
ESTAT:NASA_10_NF_TR(1.0),13/02/23 23:00:00,A,CP_MEUR,RECV,B2A3N,S14,PL,2016,95566,
ESTAT:NASA_10_NF_TR(1.0),13/02/23 23:00:00,A,CP_MEUR,RECV,B2A3N,S14,PL,2017,104373,
ESTAT:NASA_10_NF_TR(1.0),13/02/23 23:00:00,A,CP_MEUR,RECV,B2A3N,S14,PL,2018,111536,
ESTAT:NASA_10_NF_TR(1.0),13/02/23 23:00:00,A,CP_MEUR,RECV,B2A3N,S14,PL,2019,111997,
ESTAT:NASA_10_NF_TR(1.0),13/02/23 23:00:00,A,CP_MEUR,RECV,B2A3N,S14,PL,2020,116564,
ESTAT:NASA_10_NF_TR(1.0),13/02/23 23:00:00,A,CP_MEUR,RECV,B2A3N,S14,PL,2021,112510,
ESTAT:NASA_10_NF_TR(1.0),13/02/23 23:00:00,A,CP_MEUR,RECV,B2A3N,S14,PT,2000,16463,
ESTAT:NASA_10_NF_TR(1.0),13/02/23 23:00:00,A,CP_MEUR,RECV,B2A3N,S14,PT,2001,17530,
ESTAT:NASA_10_NF_TR(1.0),13/02/23 23:00:00,A,CP_MEUR,RECV,B2A3N,S14,PT,2002,18272,
ESTAT:NASA_10_NF_TR(1.0),13/02/23 23:00:00,A,CP_MEUR,RECV,B2A3N,S14,PT,2003,18557,
ESTAT:NASA_10_NF_TR(1.0),13/02/23 23:00:00,A,CP_MEUR,RECV,B2A3N,S14,PT,2004,19605,
ESTAT:NASA_10_NF_TR(1.0),13/02/23 23:00:00,A,CP_MEUR,RECV,B2A3N,S14,PT,2005,19963,
ESTAT:NASA_10_NF_TR(1.0),13/02/23 23:00:00,A,CP_MEUR,RECV,B2A3N,S14,PT,2006,20319,
ESTAT:NASA_10_NF_TR(1.0),13/02/23 23:00:00,A,CP_MEUR,RECV,B2A3N,S14,PT,2007,20776,
ESTAT:NASA_10_NF_TR(1.0),13/02/23 23:00:00,A,CP_MEUR,RECV,B2A3N,S14,PT,2008,21130,
ESTAT:NASA_10_NF_TR(1.0),13/02/23 23:00:00,A,CP_MEUR,RECV,B2A3N,S14,PT,2009,20806,
ESTAT:NASA_10_NF_TR(1.0),13/02/23 23:00:00,A,CP_MEUR,RECV,B2A3N,S14,PT,2010,21300,
ESTAT:NASA_10_NF_TR(1.0),13/02/23 23:00:00,A,CP_MEUR,RECV,B2A3N,S14,PT,2011,20483,
ESTAT:NASA_10_NF_TR(1.0),13/02/23 23:00:00,A,CP_MEUR,RECV,B2A3N,S14,PT,2012,21605,
ESTAT:NASA_10_NF_TR(1.0),13/02/23 23:00:00,A,CP_MEUR,RECV,B2A3N,S14,PT,2013,21947,
ESTAT:NASA_10_NF_TR(1.0),13/02/23 23:00:00,A,CP_MEUR,RECV,B2A3N,S14,PT,2014,21709,
ESTAT:NASA_10_NF_TR(1.0),13/02/23 23:00:00,A,CP_MEUR,RECV,B2A3N,S14,PT,2015,21581,
ESTAT:NASA_10_NF_TR(1.0),13/02/23 23:00:00,A,CP_MEUR,RECV,B2A3N,S14,PT,2016,21944,
ESTAT:NASA_10_NF_TR(1.0),13/02/23 23:00:00,A,CP_MEUR,RECV,B2A3N,S14,PT,2017,21960,
ESTAT:NASA_10_NF_TR(1.0),13/02/23 23:00:00,A,CP_MEUR,RECV,B2A3N,S14,PT,2018,22357,
ESTAT:NASA_10_NF_TR(1.0),13/02/23 23:00:00,A,CP_MEUR,RECV,B2A3N,S14,PT,2019,22838,
ESTAT:NASA_10_NF_TR(1.0),13/02/23 23:00:00,A,CP_MEUR,RECV,B2A3N,S14,PT,2020,20130,
ESTAT:NASA_10_NF_TR(1.0),13/02/23 23:00:00,A,CP_MEUR,RECV,B2A3N,S14,PT,2021,19488,p
ESTAT:NASA_10_NF_TR(1.0),13/02/23 23:00:00,A,CP_MEUR,RECV,B2A3N,S14,RO,2000,7759,
ESTAT:NASA_10_NF_TR(1.0),13/02/23 23:00:00,A,CP_MEUR,RECV,B2A3N,S14,RO,2001,9662,
ESTAT:NASA_10_NF_TR(1.0),13/02/23 23:00:00,A,CP_MEUR,RECV,B2A3N,S14,RO,2002,8800,
ESTAT:NASA_10_NF_TR(1.0),13/02/23 23:00:00,A,CP_MEUR,RECV,B2A3N,S14,RO,2003,8186,
ESTAT:NASA_10_NF_TR(1.0),13/02/23 23:00:00,A,CP_MEUR,RECV,B2A3N,S14,RO,2004,11687,
ESTAT:NASA_10_NF_TR(1.0),13/02/23 23:00:00,A,CP_MEUR,RECV,B2A3N,S14,RO,2005,13936,
ESTAT:NASA_10_NF_TR(1.0),13/02/23 23:00:00,A,CP_MEUR,RECV,B2A3N,S14,RO,2006,17013,
ESTAT:NASA_10_NF_TR(1.0),13/02/23 23:00:00,A,CP_MEUR,RECV,B2A3N,S14,RO,2007,21108,
ESTAT:NASA_10_NF_TR(1.0),13/02/23 23:00:00,A,CP_MEUR,RECV,B2A3N,S14,RO,2008,21983,
ESTAT:NASA_10_NF_TR(1.0),13/02/23 23:00:00,A,CP_MEUR,RECV,B2A3N,S14,RO,2009,17345,
ESTAT:NASA_10_NF_TR(1.0),13/02/23 23:00:00,A,CP_MEUR,RECV,B2A3N,S14,RO,2010,22306,
ESTAT:NASA_10_NF_TR(1.0),13/02/23 23:00:00,A,CP_MEUR,RECV,B2A3N,S14,RO,2011,24224,
ESTAT:NASA_10_NF_TR(1.0),13/02/23 23:00:00,A,CP_MEUR,RECV,B2A3N,S14,RO,2012,21445,
ESTAT:NASA_10_NF_TR(1.0),13/02/23 23:00:00,A,CP_MEUR,RECV,B2A3N,S14,RO,2013,27057,
ESTAT:NASA_10_NF_TR(1.0),13/02/23 23:00:00,A,CP_MEUR,RECV,B2A3N,S14,RO,2014,25839,
ESTAT:NASA_10_NF_TR(1.0),13/02/23 23:00:00,A,CP_MEUR,RECV,B2A3N,S14,RO,2015,28427,
ESTAT:NASA_10_NF_TR(1.0),13/02/23 23:00:00,A,CP_MEUR,RECV,B2A3N,S14,RO,2016,29498,
ESTAT:NASA_10_NF_TR(1.0),13/02/23 23:00:00,A,CP_MEUR,RECV,B2A3N,S14,RO,2017,32459,
ESTAT:NASA_10_NF_TR(1.0),13/02/23 23:00:00,A,CP_MEUR,RECV,B2A3N,S14,RO,2018,33668,
ESTAT:NASA_10_NF_TR(1.0),13/02/23 23:00:00,A,CP_MEUR,RECV,B2A3N,S14,RO,2019,36466,
ESTAT:NASA_10_NF_TR(1.0),13/02/23 23:00:00,A,CP_MEUR,RECV,B2A3N,S14,RO,2020,38290,p
ESTAT:NASA_10_NF_TR(1.0),13/02/23 23:00:00,A,CP_MEUR,RECV,B2A3N,S14,RS,2015,5126,p
ESTAT:NASA_10_NF_TR(1.0),13/02/23 23:00:00,A,CP_MEUR,RECV,B2A3N,S14,RS,2016,5107,p
ESTAT:NASA_10_NF_TR(1.0),13/02/23 23:00:00,A,CP_MEUR,RECV,B2A3N,S14,RS,2017,5292,p
ESTAT:NASA_10_NF_TR(1.0),13/02/23 23:00:00,A,CP_MEUR,RECV,B2A3N,S14,RS,2018,6020,p
ESTAT:NASA_10_NF_TR(1.0),13/02/23 23:00:00,A,CP_MEUR,RECV,B2A3N,S14,RS,2019,6358,p
ESTAT:NASA_10_NF_TR(1.0),13/02/23 23:00:00,A,CP_MEUR,RECV,B2A3N,S14,RS,2020,6868,p
ESTAT:NASA_10_NF_TR(1.0),13/02/23 23:00:00,A,CP_MEUR,RECV,B2A3N,S14,RS,2021,7804,p
ESTAT:NASA_10_NF_TR(1.0),13/02/23 23:00:00,A,CP_MEUR,RECV,B2A3N,S14,SE,2000,14621,
ESTAT:NASA_10_NF_TR(1.0),13/02/23 23:00:00,A,CP_MEUR,RECV,B2A3N,S14,SE,2001,13765,
ESTAT:NASA_10_NF_TR(1.0),13/02/23 23:00:00,A,CP_MEUR,RECV,B2A3N,S14,SE,2002,14656,
ESTAT:NASA_10_NF_TR(1.0),13/02/23 23:00:00,A,CP_MEUR,RECV,B2A3N,S14,SE,2003,14896,
ESTAT:NASA_10_NF_TR(1.0),13/02/23 23:00:00,A,CP_MEUR,RECV,B2A3N,S14,SE,2004,14472,
ESTAT:NASA_10_NF_TR(1.0),13/02/23 23:00:00,A,CP_MEUR,RECV,B2A3N,S14,SE,2005,14721,
ESTAT:NASA_10_NF_TR(1.0),13/02/23 23:00:00,A,CP_MEUR,RECV,B2A3N,S14,SE,2006,15953,
ESTAT:NASA_10_NF_TR(1.0),13/02/23 23:00:00,A,CP_MEUR,RECV,B2A3N,S14,SE,2007,17814,
ESTAT:NASA_10_NF_TR(1.0),13/02/23 23:00:00,A,CP_MEUR,RECV,B2A3N,S14,SE,2008,15735,
ESTAT:NASA_10_NF_TR(1.0),13/02/23 23:00:00,A,CP_MEUR,RECV,B2A3N,S14,SE,2009,12838,
ESTAT:NASA_10_NF_TR(1.0),13/02/23 23:00:00,A,CP_MEUR,RECV,B2A3N,S14,SE,2010,15898,
ESTAT:NASA_10_NF_TR(1.0),13/02/23 23:00:00,A,CP_MEUR,RECV,B2A3N,S14,SE,2011,17264,
ESTAT:NASA_10_NF_TR(1.0),13/02/23 23:00:00,A,CP_MEUR,RECV,B2A3N,S14,SE,2012,16495,
ESTAT:NASA_10_NF_TR(1.0),13/02/23 23:00:00,A,CP_MEUR,RECV,B2A3N,S14,SE,2013,16629,
ESTAT:NASA_10_NF_TR(1.0),13/02/23 23:00:00,A,CP_MEUR,RECV,B2A3N,S14,SE,2014,15677,
ESTAT:NASA_10_NF_TR(1.0),13/02/23 23:00:00,A,CP_MEUR,RECV,B2A3N,S14,SE,2015,14589,
ESTAT:NASA_10_NF_TR(1.0),13/02/23 23:00:00,A,CP_MEUR,RECV,B2A3N,S14,SE,2016,14847,
ESTAT:NASA_10_NF_TR(1.0),13/02/23 23:00:00,A,CP_MEUR,RECV,B2A3N,S14,SE,2017,15341,
ESTAT:NASA_10_NF_TR(1.0),13/02/23 23:00:00,A,CP_MEUR,RECV,B2A3N,S14,SE,2018,15535,
ESTAT:NASA_10_NF_TR(1.0),13/02/23 23:00:00,A,CP_MEUR,RECV,B2A3N,S14,SE,2019,15400,
ESTAT:NASA_10_NF_TR(1.0),13/02/23 23:00:00,A,CP_MEUR,RECV,B2A3N,S14,SE,2020,13707,
ESTAT:NASA_10_NF_TR(1.0),13/02/23 23:00:00,A,CP_MEUR,RECV,B2A3N,S14,SE,2021,13976,
ESTAT:NASA_10_NF_TR(1.0),13/02/23 23:00:00,A,CP_MEUR,RECV,B2A3N,S14,SI,2000,2768,
ESTAT:NASA_10_NF_TR(1.0),13/02/23 23:00:00,A,CP_MEUR,RECV,B2A3N,S14,SI,2001,2835,
ESTAT:NASA_10_NF_TR(1.0),13/02/23 23:00:00,A,CP_MEUR,RECV,B2A3N,S14,SI,2002,3160,
ESTAT:NASA_10_NF_TR(1.0),13/02/23 23:00:00,A,CP_MEUR,RECV,B2A3N,S14,SI,2003,3054,
ESTAT:NASA_10_NF_TR(1.0),13/02/23 23:00:00,A,CP_MEUR,RECV,B2A3N,S14,SI,2004,3139,
ESTAT:NASA_10_NF_TR(1.0),13/02/23 23:00:00,A,CP_MEUR,RECV,B2A3N,S14,SI,2005,3379,
ESTAT:NASA_10_NF_TR(1.0),13/02/23 23:00:00,A,CP_MEUR,RECV,B2A3N,S14,SI,2006,3579,
ESTAT:NASA_10_NF_TR(1.0),13/02/23 23:00:00,A,CP_MEUR,RECV,B2A3N,S14,SI,2007,3974,
ESTAT:NASA_10_NF_TR(1.0),13/02/23 23:00:00,A,CP_MEUR,RECV,B2A3N,S14,SI,2008,4221,
ESTAT:NASA_10_NF_TR(1.0),13/02/23 23:00:00,A,CP_MEUR,RECV,B2A3N,S14,SI,2009,4032,
ESTAT:NASA_10_NF_TR(1.0),13/02/23 23:00:00,A,CP_MEUR,RECV,B2A3N,S14,SI,2010,3723,
ESTAT:NASA_10_NF_TR(1.0),13/02/23 23:00:00,A,CP_MEUR,RECV,B2A3N,S14,SI,2011,3739,
ESTAT:NASA_10_NF_TR(1.0),13/02/23 23:00:00,A,CP_MEUR,RECV,B2A3N,S14,SI,2012,3512,
ESTAT:NASA_10_NF_TR(1.0),13/02/23 23:00:00,A,CP_MEUR,RECV,B2A3N,S14,SI,2013,3706,
ESTAT:NASA_10_NF_TR(1.0),13/02/23 23:00:00,A,CP_MEUR,RECV,B2A3N,S14,SI,2014,3767,
ESTAT:NASA_10_NF_TR(1.0),13/02/23 23:00:00,A,CP_MEUR,RECV,B2A3N,S14,SI,2015,3895,
ESTAT:NASA_10_NF_TR(1.0),13/02/23 23:00:00,A,CP_MEUR,RECV,B2A3N,S14,SI,2016,4056,
ESTAT:NASA_10_NF_TR(1.0),13/02/23 23:00:00,A,CP_MEUR,RECV,B2A3N,S14,SI,2017,4210,
ESTAT:NASA_10_NF_TR(1.0),13/02/23 23:00:00,A,CP_MEUR,RECV,B2A3N,S14,SI,2018,4589,
ESTAT:NASA_10_NF_TR(1.0),13/02/23 23:00:00,A,CP_MEUR,RECV,B2A3N,S14,SI,2019,4655,
ESTAT:NASA_10_NF_TR(1.0),13/02/23 23:00:00,A,CP_MEUR,RECV,B2A3N,S14,SI,2020,4371,
ESTAT:NASA_10_NF_TR(1.0),13/02/23 23:00:00,A,CP_MEUR,RECV,B2A3N,S14,SI,2021,4713,
ESTAT:NASA_10_NF_TR(1.0),13/02/23 23:00:00,A,CP_MEUR,RECV,B2A3N,S14,SK,2000,2992,
ESTAT:NASA_10_NF_TR(1.0),13/02/23 23:00:00,A,CP_MEUR,RECV,B2A3N,S14,SK,2001,3490,
ESTAT:NASA_10_NF_TR(1.0),13/02/23 23:00:00,A,CP_MEUR,RECV,B2A3N,S14,SK,2002,3826,
ESTAT:NASA_10_NF_TR(1.0),13/02/23 23:00:00,A,CP_MEUR,RECV,B2A3N,S14,SK,2003,4462,
ESTAT:NASA_10_NF_TR(1.0),13/02/23 23:00:00,A,CP_MEUR,RECV,B2A3N,S14,SK,2004,5299,
ESTAT:NASA_10_NF_TR(1.0),13/02/23 23:00:00,A,CP_MEUR,RECV,B2A3N,S14,SK,2005,6059,
ESTAT:NASA_10_NF_TR(1.0),13/02/23 23:00:00,A,CP_MEUR,RECV,B2A3N,S14,SK,2006,7232,
ESTAT:NASA_10_NF_TR(1.0),13/02/23 23:00:00,A,CP_MEUR,RECV,B2A3N,S14,SK,2007,9282,
ESTAT:NASA_10_NF_TR(1.0),13/02/23 23:00:00,A,CP_MEUR,RECV,B2A3N,S14,SK,2008,11969,
ESTAT:NASA_10_NF_TR(1.0),13/02/23 23:00:00,A,CP_MEUR,RECV,B2A3N,S14,SK,2009,11831,
ESTAT:NASA_10_NF_TR(1.0),13/02/23 23:00:00,A,CP_MEUR,RECV,B2A3N,S14,SK,2010,11861,
ESTAT:NASA_10_NF_TR(1.0),13/02/23 23:00:00,A,CP_MEUR,RECV,B2A3N,S14,SK,2011,11535,
ESTAT:NASA_10_NF_TR(1.0),13/02/23 23:00:00,A,CP_MEUR,RECV,B2A3N,S14,SK,2012,11464,
ESTAT:NASA_10_NF_TR(1.0),13/02/23 23:00:00,A,CP_MEUR,RECV,B2A3N,S14,SK,2013,11637,
ESTAT:NASA_10_NF_TR(1.0),13/02/23 23:00:00,A,CP_MEUR,RECV,B2A3N,S14,SK,2014,11279,
ESTAT:NASA_10_NF_TR(1.0),13/02/23 23:00:00,A,CP_MEUR,RECV,B2A3N,S14,SK,2015,11091,
ESTAT:NASA_10_NF_TR(1.0),13/02/23 23:00:00,A,CP_MEUR,RECV,B2A3N,S14,SK,2016,11585,
ESTAT:NASA_10_NF_TR(1.0),13/02/23 23:00:00,A,CP_MEUR,RECV,B2A3N,S14,SK,2017,11856,
ESTAT:NASA_10_NF_TR(1.0),13/02/23 23:00:00,A,CP_MEUR,RECV,B2A3N,S14,SK,2018,13086,
ESTAT:NASA_10_NF_TR(1.0),13/02/23 23:00:00,A,CP_MEUR,RECV,B2A3N,S14,SK,2019,13455,
ESTAT:NASA_10_NF_TR(1.0),13/02/23 23:00:00,A,CP_MEUR,RECV,B2A3N,S14,SK,2020,12514,
ESTAT:NASA_10_NF_TR(1.0),13/02/23 23:00:00,A,CP_MEUR,RECV,B2A3N,S14,SK,2021,12660,
ESTAT:NASA_10_NF_TR(1.0),13/02/23 23:00:00,A,CP_MEUR,RECV,B2A3N,S14,UK,2000,261428,
ESTAT:NASA_10_NF_TR(1.0),13/02/23 23:00:00,A,CP_MEUR,RECV,B2A3N,S14,UK,2001,265896,
ESTAT:NASA_10_NF_TR(1.0),13/02/23 23:00:00,A,CP_MEUR,RECV,B2A3N,S14,UK,2002,269596,
ESTAT:NASA_10_NF_TR(1.0),13/02/23 23:00:00,A,CP_MEUR,RECV,B2A3N,S14,UK,2003,248993,
ESTAT:NASA_10_NF_TR(1.0),13/02/23 23:00:00,A,CP_MEUR,RECV,B2A3N,S14,UK,2004,257824,
ESTAT:NASA_10_NF_TR(1.0),13/02/23 23:00:00,A,CP_MEUR,RECV,B2A3N,S14,UK,2005,263874,
ESTAT:NASA_10_NF_TR(1.0),13/02/23 23:00:00,A,CP_MEUR,RECV,B2A3N,S14,UK,2006,272762,
ESTAT:NASA_10_NF_TR(1.0),13/02/23 23:00:00,A,CP_MEUR,RECV,B2A3N,S14,UK,2007,275628,
ESTAT:NASA_10_NF_TR(1.0),13/02/23 23:00:00,A,CP_MEUR,RECV,B2A3N,S14,UK,2008,247007,
ESTAT:NASA_10_NF_TR(1.0),13/02/23 23:00:00,A,CP_MEUR,RECV,B2A3N,S14,UK,2009,199084,
ESTAT:NASA_10_NF_TR(1.0),13/02/23 23:00:00,A,CP_MEUR,RECV,B2A3N,S14,UK,2010,203893,
ESTAT:NASA_10_NF_TR(1.0),13/02/23 23:00:00,A,CP_MEUR,RECV,B2A3N,S14,UK,2011,207030,
ESTAT:NASA_10_NF_TR(1.0),13/02/23 23:00:00,A,CP_MEUR,RECV,B2A3N,S14,UK,2012,235437,
ESTAT:NASA_10_NF_TR(1.0),13/02/23 23:00:00,A,CP_MEUR,RECV,B2A3N,S14,UK,2013,230381,
ESTAT:NASA_10_NF_TR(1.0),13/02/23 23:00:00,A,CP_MEUR,RECV,B2A3N,S14,UK,2014,263591,
ESTAT:NASA_10_NF_TR(1.0),13/02/23 23:00:00,A,CP_MEUR,RECV,B2A3N,S14,UK,2015,314079,
ESTAT:NASA_10_NF_TR(1.0),13/02/23 23:00:00,A,CP_MEUR,RECV,B2A3N,S14,UK,2016,293880,
ESTAT:NASA_10_NF_TR(1.0),13/02/23 23:00:00,A,CP_MEUR,RECV,B2A3N,S14,UK,2017,277542,
ESTAT:NASA_10_NF_TR(1.0),13/02/23 23:00:00,A,CP_MEUR,RECV,B2A3N,S14,UK,2018,285377,
ESTAT:NASA_10_NF_TR(1.0),13/02/23 23:00:00,A,CP_MEUR,RECV,B2A3N,S14,UK,2019,297240,
