"ITEM","Item","BANK","Bank","COU","Country","YEA","Year","Value","Flag Codes","Flags"
"BC32TE","32. Tier 1 Capital","ALL","All banks","AUT","Austria","2000","2000",24652,,
"BC32TE","32. Tier 1 Capital","ALL","All banks","AUT","Austria","2001","2001",27440,,
"BC32TE","32. Tier 1 Capital","ALL","All banks","AUT","Austria","2002","2002",26860,,
"BC32TE","32. Tier 1 Capital","ALL","All banks","AUT","Austria","2003","2003",29705,,
"BC32TE","32. Tier 1 Capital","ALL","All banks","AUT","Austria","2004","2004",32102,,
"BC32TE","32. Tier 1 Capital","ALL","All banks","AUT","Austria","2005","2005",35003,,
"BC32TE","32. Tier 1 Capital","ALL","All banks","AUT","Austria","2006","2006",41801,,
"BC32TE","32. Tier 1 Capital","ALL","All banks","AUT","Austria","2007","2007",58331,,
"BC32TE","32. Tier 1 Capital","ALL","All banks","AUT","Austria","2008","2008",66871,,
"BC32TE","32. Tier 1 Capital","ALL","All banks","BEL","Belgium","2000","2000",29144.618,,
"BC32TE","32. Tier 1 Capital","ALL","All banks","BEL","Belgium","2001","2001",30625.253,,
"BC32TE","32. Tier 1 Capital","ALL","All banks","BEL","Belgium","2002","2002",32749.599,,
"BC32TE","32. Tier 1 Capital","ALL","All banks","BEL","Belgium","2003","2003",31496.408,,
"BC32TE","32. Tier 1 Capital","ALL","All banks","BEL","Belgium","2004","2004",32470.43,,
"BC32TE","32. Tier 1 Capital","ALL","All banks","BEL","Belgium","2005","2005",31224.876,,
"BC32TE","32. Tier 1 Capital","ALL","All banks","BEL","Belgium","2006","2006",38952.488,,
"BC32TE","32. Tier 1 Capital","ALL","All banks","BEL","Belgium","2007","2007",61034.205,,
"BC32TE","32. Tier 1 Capital","ALL","All banks","BEL","Belgium","2008","2008",54459.059,,
"BC32TE","32. Tier 1 Capital","ALL","All banks","BEL","Belgium","2009","2009",53119.585,,
"BC32TE","32. Tier 1 Capital","ALL","All banks","CZE","Czech Republic","2000","2000",109961.8,,
"BC32TE","32. Tier 1 Capital","ALL","All banks","CZE","Czech Republic","2001","2001",117660.66,,
"BC32TE","32. Tier 1 Capital","ALL","All banks","CZE","Czech Republic","2002","2002",127433.949,,
"BC32TE","32. Tier 1 Capital","ALL","All banks","CZE","Czech Republic","2003","2003",146056.858,,
"BC32TE","32. Tier 1 Capital","ALL","All banks","CZE","Czech Republic","2004","2004",141327.734,,
"BC32TE","32. Tier 1 Capital","ALL","All banks","CZE","Czech Republic","2005","2005",159844.593,,
"BC32TE","32. Tier 1 Capital","ALL","All banks","CZE","Czech Republic","2006","2006",171667.712,,
"BC32TE","32. Tier 1 Capital","ALL","All banks","CZE","Czech Republic","2007","2007",198009.809,,
"BC32TE","32. Tier 1 Capital","ALL","All banks","CZE","Czech Republic","2008","2008",219858.979,,
"BC32TE","32. Tier 1 Capital","ALL","All banks","CZE","Czech Republic","2009","2009",237552.78,,
"BC32TE","32. Tier 1 Capital","ALL","All banks","IRL","Ireland","2000","2000",23137.9,,
"BC32TE","32. Tier 1 Capital","ALL","All banks","IRL","Ireland","2001","2001",27930.6,,
"BC32TE","32. Tier 1 Capital","ALL","All banks","IRL","Ireland","2002","2002",29429,,
"BC32TE","32. Tier 1 Capital","ALL","All banks","IRL","Ireland","2003","2003",30307,,
"BC32TE","32. Tier 1 Capital","ALL","All banks","IRL","Ireland","2004","2004",37694,,
"BC32TE","32. Tier 1 Capital","ALL","All banks","IRL","Ireland","2005","2005",46773.77,,
"BC32TE","32. Tier 1 Capital","ALL","All banks","IRL","Ireland","2006","2006",58704.303,,
"BC32TE","32. Tier 1 Capital","ALL","All banks","IRL","Ireland","2007","2007",65682.206,,
"BC32TE","32. Tier 1 Capital","ALL","All banks","IRL","Ireland","2008","2008",66155.313,,
"BC32TE","32. Tier 1 Capital","ALL","All banks","IRL","Ireland","2009","2009",67963.564,,
"BC32TE","32. Tier 1 Capital","ALL","All banks","ITA","Italy","2000","2000",124143,,
"BC32TE","32. Tier 1 Capital","ALL","All banks","ITA","Italy","2001","2001",131163,,
"BC32TE","32. Tier 1 Capital","ALL","All banks","ITA","Italy","2002","2002",138258,,
"BC32TE","32. Tier 1 Capital","ALL","All banks","ITA","Italy","2003","2003",149329,,
"BC32TE","32. Tier 1 Capital","ALL","All banks","ITA","Italy","2004","2004",159748,,
"BC32TE","32. Tier 1 Capital","ALL","All banks","ITA","Italy","2005","2005",186396,,
"BC32TE","32. Tier 1 Capital","ALL","All banks","ITA","Italy","2006","2006",190595,,
"BC32TE","32. Tier 1 Capital","ALL","All banks","ITA","Italy","2007","2007",224707,,
"BC32TE","32. Tier 1 Capital","ALL","All banks","ITA","Italy","2008","2008",145189,,
"BC32TE","32. Tier 1 Capital","ALL","All banks","ITA","Italy","2009","2009",162064,,
"BC32TE","32. Tier 1 Capital","ALL","All banks","KOR","Korea","2000","2000",24300000,,
"BC32TE","32. Tier 1 Capital","ALL","All banks","KOR","Korea","2001","2001",30980000,,
"BC32TE","32. Tier 1 Capital","ALL","All banks","KOR","Korea","2002","2002",34927000,,
"BC32TE","32. Tier 1 Capital","ALL","All banks","KOR","Korea","2003","2003",36616000,,
"BC32TE","32. Tier 1 Capital","ALL","All banks","KOR","Korea","2004","2004",47221235.451,,
"BC32TE","32. Tier 1 Capital","ALL","All banks","KOR","Korea","2005","2005",61479886.589,,
"BC32TE","32. Tier 1 Capital","ALL","All banks","KOR","Korea","2006","2006",72425870.375,,
"BC32TE","32. Tier 1 Capital","ALL","All banks","KOR","Korea","2007","2007",83847391.231,,
"BC32TE","32. Tier 1 Capital","ALL","All banks","KOR","Korea","2008","2008",93594304.096,,
"BC32TE","32. Tier 1 Capital","ALL","All banks","KOR","Korea","2009","2009",111842906.057,,
"BC32TE","32. Tier 1 Capital","ALL","All banks","MEX","Mexico","2000","2000",129763.919,,
"BC32TE","32. Tier 1 Capital","ALL","All banks","MEX","Mexico","2001","2001",132098.111,,
"BC32TE","32. Tier 1 Capital","ALL","All banks","MEX","Mexico","2002","2002",177042.234,,
"BC32TE","32. Tier 1 Capital","ALL","All banks","MEX","Mexico","2003","2003",195121.152,,
"BC32TE","32. Tier 1 Capital","ALL","All banks","MEX","Mexico","2004","2004",220427.808,,
"BC32TE","32. Tier 1 Capital","ALL","All banks","MEX","Mexico","2005","2005",285523.378,,
"BC32TE","32. Tier 1 Capital","ALL","All banks","MEX","Mexico","2006","2006",364296.424,,
"BC32TE","32. Tier 1 Capital","ALL","All banks","MEX","Mexico","2007","2007",441428.025,,
"BC32TE","32. Tier 1 Capital","ALL","All banks","MEX","Mexico","2008","2008",463738.956,,
"BC32TE","32. Tier 1 Capital","ALL","All banks","MEX","Mexico","2009","2009",522403.975,,
"BC32TE","32. Tier 1 Capital","ALL","All banks","NLD","Netherlands","2000","2000",65019.879,,
"BC32TE","32. Tier 1 Capital","ALL","All banks","NLD","Netherlands","2001","2001",68443.487,,
"BC32TE","32. Tier 1 Capital","ALL","All banks","NLD","Netherlands","2002","2002",69835.458,,
"BC32TE","32. Tier 1 Capital","ALL","All banks","NLD","Netherlands","2003","2003",74540.573,,
"BC32TE","32. Tier 1 Capital","ALL","All banks","NLD","Netherlands","2004","2004",83959.04,,
"BC32TE","32. Tier 1 Capital","ALL","All banks","NLD","Netherlands","2005","2005",97419.732,,
"BC32TE","32. Tier 1 Capital","ALL","All banks","NLD","Netherlands","2006","2006",98117,,
"BC32TE","32. Tier 1 Capital","ALL","All banks","NLD","Netherlands","2007","2007",127898,,
"BC32TE","32. Tier 1 Capital","ALL","All banks","NLD","Netherlands","2008","2008",109319,,
"BC32TE","32. Tier 1 Capital","ALL","All banks","NLD","Netherlands","2009","2009",119442,,
"BC32TE","32. Tier 1 Capital","ALL","All banks","NZL","New Zealand","2000","2000",5918.83,,
"BC32TE","32. Tier 1 Capital","ALL","All banks","NZL","New Zealand","2001","2001",6284.27,,
"BC32TE","32. Tier 1 Capital","ALL","All banks","NZL","New Zealand","2002","2002",7474.325,,
"BC32TE","32. Tier 1 Capital","ALL","All banks","NZL","New Zealand","2003","2003",7473.703,,
"BC32TE","32. Tier 1 Capital","ALL","All banks","NZL","New Zealand","2004","2004",9102.801,,
"BC32TE","32. Tier 1 Capital","ALL","All banks","NZL","New Zealand","2005","2005",10828.015,,
"BC32TE","32. Tier 1 Capital","ALL","All banks","NZL","New Zealand","2006","2006",13256.866,,
"BC32TE","32. Tier 1 Capital","ALL","All banks","NZL","New Zealand","2007","2007",14167.133,,
"BC32TE","32. Tier 1 Capital","ALL","All banks","NZL","New Zealand","2008","2008",16985.136,,
"BC32TE","32. Tier 1 Capital","ALL","All banks","NZL","New Zealand","2009","2009",18197.646,,
"BC32TE","32. Tier 1 Capital","ALL","All banks","NOR","Norway","2000","2000",85001,,
"BC32TE","32. Tier 1 Capital","ALL","All banks","NOR","Norway","2001","2001",93697,,
"BC32TE","32. Tier 1 Capital","ALL","All banks","NOR","Norway","2002","2002",95592,,
"BC32TE","32. Tier 1 Capital","ALL","All banks","NOR","Norway","2003","2003",101535,,
"BC32TE","32. Tier 1 Capital","ALL","All banks","NOR","Norway","2004","2004",109865,,
"BC32TE","32. Tier 1 Capital","ALL","All banks","NOR","Norway","2005","2005",127707,,
"BC32TE","32. Tier 1 Capital","ALL","All banks","NOR","Norway","2006","2006",141948,,
"BC32TE","32. Tier 1 Capital","ALL","All banks","NOR","Norway","2007","2007",48265,,
"BC32TE","32. Tier 1 Capital","ALL","All banks","NOR","Norway","2008","2008",171315,,
"BC32TE","32. Tier 1 Capital","ALL","All banks","NOR","Norway","2009","2009",188488,,
"BC32TE","32. Tier 1 Capital","ALL","All banks","POL","Poland","2000","2000",33606,,
"BC32TE","32. Tier 1 Capital","ALL","All banks","POL","Poland","2001","2001",39699,,
"BC32TE","32. Tier 1 Capital","ALL","All banks","POL","Poland","2002","2002",44414,,
"BC32TE","32. Tier 1 Capital","ALL","All banks","POL","Poland","2003","2003",46003,,
"BC32TE","32. Tier 1 Capital","ALL","All banks","POL","Poland","2004","2004",48681.6,,
"BC32TE","32. Tier 1 Capital","ALL","All banks","POL","Poland","2005","2005",51549.8,,
"BC32TE","32. Tier 1 Capital","ALL","All banks","POL","Poland","2006","2006",55943.078,,
"BC32TE","32. Tier 1 Capital","ALL","All banks","POL","Poland","2007","2007",64962.388,,
"BC32TE","32. Tier 1 Capital","ALL","All banks","POL","Poland","2008","2008",74358.397,,
"BC32TE","32. Tier 1 Capital","ALL","All banks","POL","Poland","2009","2009",88726.01,,
"BC32TE","32. Tier 1 Capital","ALL","All banks","SVK","Slovak Republic","2000","2000",2332.051,,
"BC32TE","32. Tier 1 Capital","ALL","All banks","SVK","Slovak Republic","2001","2001",2468.05,,
"BC32TE","32. Tier 1 Capital","ALL","All banks","SVK","Slovak Republic","2002","2002",2093.739,,
"BC32TE","32. Tier 1 Capital","ALL","All banks","SVK","Slovak Republic","2003","2003",2615.211,,
"BC32TE","32. Tier 1 Capital","ALL","All banks","SVK","Slovak Republic","2004","2004",2708.454,,
"BC32TE","32. Tier 1 Capital","ALL","All banks","SVK","Slovak Republic","2005","2005",2757.795,,
"BC32TE","32. Tier 1 Capital","ALL","All banks","SVK","Slovak Republic","2006","2006",2871.232,,
"BC32TE","32. Tier 1 Capital","ALL","All banks","SVK","Slovak Republic","2007","2007",3248.61,,
"BC32TE","32. Tier 1 Capital","ALL","All banks","SVK","Slovak Republic","2008","2008",3708.842,,
"BC32TE","32. Tier 1 Capital","ALL","All banks","SVK","Slovak Republic","2009","2009",4075.202,,
"BC32TE","32. Tier 1 Capital","ALL","All banks","ESP","Spain","2000","2000",72308,,
"BC32TE","32. Tier 1 Capital","ALL","All banks","ESP","Spain","2001","2001",78653,,
"BC32TE","32. Tier 1 Capital","ALL","All banks","ESP","Spain","2002","2002",78745,,
"BC32TE","32. Tier 1 Capital","ALL","All banks","ESP","Spain","2003","2003",85188,,
"BC32TE","32. Tier 1 Capital","ALL","All banks","ESP","Spain","2004","2004",99959,,
"BC32TE","32. Tier 1 Capital","ALL","All banks","ESP","Spain","2005","2005",120899,,
"BC32TE","32. Tier 1 Capital","ALL","All banks","ESP","Spain","2006","2006",136164,,
"BC32TE","32. Tier 1 Capital","ALL","All banks","ESP","Spain","2007","2007",159213,,
"BC32TE","32. Tier 1 Capital","ALL","All banks","ESP","Spain","2008","2008",172220,,
"BC32TE","32. Tier 1 Capital","ALL","All banks","ESP","Spain","2009","2009",199718,,
"BC32TE","32. Tier 1 Capital","ALL","All banks","SWE","Sweden","2000","2000",141009,,
"BC32TE","32. Tier 1 Capital","ALL","All banks","SWE","Sweden","2001","2001",152938,,
"BC32TE","32. Tier 1 Capital","ALL","All banks","SWE","Sweden","2002","2002",148541,,
"BC32TE","32. Tier 1 Capital","ALL","All banks","SWE","Sweden","2003","2003",160984,,
"BC32TE","32. Tier 1 Capital","ALL","All banks","SWE","Sweden","2004","2004",232599,,
"BC32TE","32. Tier 1 Capital","ALL","All banks","SWE","Sweden","2005","2005",236495,,
"BC32TE","32. Tier 1 Capital","ALL","All banks","SWE","Sweden","2006","2006",282258,,
"BC32TE","32. Tier 1 Capital","ALL","All banks","SWE","Sweden","2007","2007",305300,,
"BC32TE","32. Tier 1 Capital","ALL","All banks","SWE","Sweden","2008","2008",366915,,
"BC32TE","32. Tier 1 Capital","ALL","All banks","SWE","Sweden","2009","2009",447035,,
"BC32TE","32. Tier 1 Capital","ALL","All banks","CHE","Switzerland","2000","2000",123434,,
"BC32TE","32. Tier 1 Capital","ALL","All banks","CHE","Switzerland","2001","2001",121991,,
"BC32TE","32. Tier 1 Capital","ALL","All banks","CHE","Switzerland","2002","2002",122472,,
"BC32TE","32. Tier 1 Capital","ALL","All banks","CHE","Switzerland","2003","2003",125337,,
"BC32TE","32. Tier 1 Capital","ALL","All banks","CHE","Switzerland","2004","2004",129144,,
"BC32TE","32. Tier 1 Capital","ALL","All banks","CHE","Switzerland","2005","2005",142498,,
"BC32TE","32. Tier 1 Capital","ALL","All banks","CHE","Switzerland","2006","2006",153300,,
"BC32TE","32. Tier 1 Capital","ALL","All banks","CHE","Switzerland","2008","2008",146291,,
"BC32TE","32. Tier 1 Capital","ALL","All banks","CHE","Switzerland","2009","2009",145375,,
"BC32TE","32. Tier 1 Capital","ALL","All banks","CHL","Chile","2000","2000",3099208,,
"BC32TE","32. Tier 1 Capital","ALL","All banks","CHL","Chile","2001","2001",3213081,,
"BC32TE","32. Tier 1 Capital","ALL","All banks","CHL","Chile","2002","2002",3557392.377,,
"BC32TE","32. Tier 1 Capital","ALL","All banks","CHL","Chile","2003","2003",3725683.431,,
"BC32TE","32. Tier 1 Capital","ALL","All banks","CHL","Chile","2004","2004",3971062.864,,
"BC32TE","32. Tier 1 Capital","ALL","All banks","CHL","Chile","2005","2005",4357013.207,,
"BC32TE","32. Tier 1 Capital","ALL","All banks","CHL","Chile","2006","2006",4807187.884,,
"BC32TE","32. Tier 1 Capital","ALL","All banks","CHL","Chile","2007","2007",5973773.724,,
"BC32TE","32. Tier 1 Capital","ALL","All banks","CHL","Chile","2008","2008",7474153.015,,
"BC32TE","32. Tier 1 Capital","ALL","All banks","CHL","Chile","2009","2009",8003505.5,,
"BC32TE","32. Tier 1 Capital","ALL","All banks","EST","Estonia","2000","2000",384.908,,
"BC32TE","32. Tier 1 Capital","ALL","All banks","EST","Estonia","2001","2001",460.321,,
"BC32TE","32. Tier 1 Capital","ALL","All banks","EST","Estonia","2002","2002",548.362,,
"BC32TE","32. Tier 1 Capital","ALL","All banks","EST","Estonia","2003","2003",627.044,,
"BC32TE","32. Tier 1 Capital","ALL","All banks","EST","Estonia","2004","2004",764.288,,
"BC32TE","32. Tier 1 Capital","ALL","All banks","EST","Estonia","2005","2005",922.518,,
"BC32TE","32. Tier 1 Capital","ALL","All banks","EST","Estonia","2006","2006",1177.255,,
"BC32TE","32. Tier 1 Capital","ALL","All banks","EST","Estonia","2007","2007",1612.224,,
"BC32TE","32. Tier 1 Capital","ALL","All banks","EST","Estonia","2008","2008",1558.675,,
"BC32TE","32. Tier 1 Capital","ALL","All banks","EST","Estonia","2009","2009",1783.148,,
"BC32TE","32. Tier 1 Capital","ALL","All banks","ISR","Israel","2000","2000",38760.995,,
"BC32TE","32. Tier 1 Capital","ALL","All banks","ISR","Israel","2001","2001",40546.148,,
"BC32TE","32. Tier 1 Capital","ALL","All banks","ISR","Israel","2005","2005",51245.234,,
"BC32TE","32. Tier 1 Capital","ALL","All banks","ISR","Israel","2006","2006",56414.434,,
"BC32TE","32. Tier 1 Capital","ALL","All banks","ISR","Israel","2007","2007",63426.261,,
"BC32TE","32. Tier 1 Capital","ALL","All banks","ISR","Israel","2008","2008",63698.137,,
"BC32TE","32. Tier 1 Capital","ALL","All banks","ISR","Israel","2009","2009",71851.35,,
"BC32TE","32. Tier 1 Capital","ALL","All banks","RUS","Russia","2004","2004",772043.788,,
"BC32TE","32. Tier 1 Capital","ALL","All banks","RUS","Russia","2005","2005",987553.42,,
"BC32TE","32. Tier 1 Capital","ALL","All banks","RUS","Russia","2006","2006",1315572.037,,
"BC32TE","32. Tier 1 Capital","ALL","All banks","RUS","Russia","2007","2007",2192372.595,,
"BC32TE","32. Tier 1 Capital","ALL","All banks","RUS","Russia","2008","2008",2691942.266,,
"BC32TE","32. Tier 1 Capital","ALL","All banks","RUS","Russia","2009","2009",3360922.703,,
"BC32TE","32. Tier 1 Capital","ALL","All banks","SVN","Slovenia","2002","2002",1169.778,,
"BC32TE","32. Tier 1 Capital","ALL","All banks","SVN","Slovenia","2003","2003",1327.893,,
"BC32TE","32. Tier 1 Capital","ALL","All banks","SVN","Slovenia","2004","2004",1370.424,,
"BC32TE","32. Tier 1 Capital","ALL","All banks","SVN","Slovenia","2005","2005",1607.604,,
"BC32TE","32. Tier 1 Capital","ALL","All banks","SVN","Slovenia","2006","2006",2221.005,,
"BC32TE","32. Tier 1 Capital","ALL","All banks","SVN","Slovenia","2007","2007",2721.759,,
"BC32TE","32. Tier 1 Capital","ALL","All banks","SVN","Slovenia","2008","2008",3915.953,,
"BC32TE","32. Tier 1 Capital","ALL","All banks","SVN","Slovenia","2009","2009",4129.482,,
"BC33TE","33. Tier 2 Capital","ALL","All banks","AUT","Austria","2000","2000",12659,,
"BC33TE","33. Tier 2 Capital","ALL","All banks","AUT","Austria","2001","2001",13492,,
"BC33TE","33. Tier 2 Capital","ALL","All banks","AUT","Austria","2002","2002",13485,,
"BC33TE","33. Tier 2 Capital","ALL","All banks","AUT","Austria","2003","2003",14941,,
"BC33TE","33. Tier 2 Capital","ALL","All banks","AUT","Austria","2004","2004",16742,,
"BC33TE","33. Tier 2 Capital","ALL","All banks","AUT","Austria","2005","2005",18862,,
"BC33TE","33. Tier 2 Capital","ALL","All banks","AUT","Austria","2006","2006",20264,,
"BC33TE","33. Tier 2 Capital","ALL","All banks","AUT","Austria","2007","2007",23409,,
"BC33TE","33. Tier 2 Capital","ALL","All banks","AUT","Austria","2008","2008",24935,,
"BC33TE","33. Tier 2 Capital","ALL","All banks","BEL","Belgium","2000","2000",19151.617,,
"BC33TE","33. Tier 2 Capital","ALL","All banks","BEL","Belgium","2001","2001",20072.144,,
"BC33TE","33. Tier 2 Capital","ALL","All banks","BEL","Belgium","2002","2002",19283.99,,
"BC33TE","33. Tier 2 Capital","ALL","All banks","BEL","Belgium","2003","2003",18227.451,,
"BC33TE","33. Tier 2 Capital","ALL","All banks","BEL","Belgium","2004","2004",16732.632,,
"BC33TE","33. Tier 2 Capital","ALL","All banks","BEL","Belgium","2005","2005",17182.975,,
"BC33TE","33. Tier 2 Capital","ALL","All banks","BEL","Belgium","2006","2006",17151.744,,
"BC33TE","33. Tier 2 Capital","ALL","All banks","BEL","Belgium","2007","2007",21352.717,,
"BC33TE","33. Tier 2 Capital","ALL","All banks","BEL","Belgium","2008","2008",24371.395,,
"BC33TE","33. Tier 2 Capital","ALL","All banks","BEL","Belgium","2009","2009",18018.891,,
"BC33TE","33. Tier 2 Capital","ALL","All banks","CZE","Czech Republic","2000","2000",26551,,
"BC33TE","33. Tier 2 Capital","ALL","All banks","CZE","Czech Republic","2001","2001",25874.01,,
"BC33TE","33. Tier 2 Capital","ALL","All banks","CZE","Czech Republic","2002","2002",21898.937,,
"BC33TE","33. Tier 2 Capital","ALL","All banks","CZE","Czech Republic","2003","2003",11993.027,,
"BC33TE","33. Tier 2 Capital","ALL","All banks","CZE","Czech Republic","2004","2004",9401.602,,
"BC33TE","33. Tier 2 Capital","ALL","All banks","CZE","Czech Republic","2005","2005",11366.699,,
"BC33TE","33. Tier 2 Capital","ALL","All banks","CZE","Czech Republic","2006","2006",28540.001,,
"BC33TE","33. Tier 2 Capital","ALL","All banks","CZE","Czech Republic","2007","2007",32879.05,,
"BC33TE","33. Tier 2 Capital","ALL","All banks","CZE","Czech Republic","2008","2008",32104.595,,
"BC33TE","33. Tier 2 Capital","ALL","All banks","CZE","Czech Republic","2009","2009",37954.01,,
"BC33TE","33. Tier 2 Capital","ALL","All banks","IRL","Ireland","2000","2000",7957.5,,
"BC33TE","33. Tier 2 Capital","ALL","All banks","IRL","Ireland","2001","2001",9733.6,,
"BC33TE","33. Tier 2 Capital","ALL","All banks","IRL","Ireland","2002","2002",7638,,
"BC33TE","33. Tier 2 Capital","ALL","All banks","IRL","Ireland","2003","2003",9786,,
"BC33TE","33. Tier 2 Capital","ALL","All banks","IRL","Ireland","2004","2004",13469,,
"BC33TE","33. Tier 2 Capital","ALL","All banks","IRL","Ireland","2005","2005",17140.74,,
"BC33TE","33. Tier 2 Capital","ALL","All banks","IRL","Ireland","2006","2006",17050.251,,
"BC33TE","33. Tier 2 Capital","ALL","All banks","IRL","Ireland","2007","2007",19926.016,,
"BC33TE","33. Tier 2 Capital","ALL","All banks","IRL","Ireland","2008","2008",19926.1,,
"BC33TE","33. Tier 2 Capital","ALL","All banks","IRL","Ireland","2009","2009",23502.385,,
"BC33TE","33. Tier 2 Capital","ALL","All banks","ITA","Italy","2000","2000",40581,,
"BC33TE","33. Tier 2 Capital","ALL","All banks","ITA","Italy","2001","2001",46046,,
"BC33TE","33. Tier 2 Capital","ALL","All banks","ITA","Italy","2002","2002",47748,,
"BC33TE","33. Tier 2 Capital","ALL","All banks","ITA","Italy","2003","2003",51041,,
"BC33TE","33. Tier 2 Capital","ALL","All banks","ITA","Italy","2004","2004",51059,,
"BC33TE","33. Tier 2 Capital","ALL","All banks","ITA","Italy","2005","2005",49793,,
"BC33TE","33. Tier 2 Capital","ALL","All banks","ITA","Italy","2006","2006",63699,,
"BC33TE","33. Tier 2 Capital","ALL","All banks","ITA","Italy","2007","2007",59623,,
"BC33TE","33. Tier 2 Capital","ALL","All banks","ITA","Italy","2008","2008",64635,,
"BC33TE","33. Tier 2 Capital","ALL","All banks","ITA","Italy","2009","2009",62142,,
"BC33TE","33. Tier 2 Capital","ALL","All banks","KOR","Korea","2000","2000",16307000,,
"BC33TE","33. Tier 2 Capital","ALL","All banks","KOR","Korea","2001","2001",17867000,,
"BC33TE","33. Tier 2 Capital","ALL","All banks","KOR","Korea","2002","2002",22915000,,
"BC33TE","33. Tier 2 Capital","ALL","All banks","KOR","Korea","2003","2003",25396000,,
"BC33TE","33. Tier 2 Capital","ALL","All banks","KOR","Korea","2004","2004",28100792.815,,
"BC33TE","33. Tier 2 Capital","ALL","All banks","KOR","Korea","2005","2005",28650371.521,,
"BC33TE","33. Tier 2 Capital","ALL","All banks","KOR","Korea","2006","2006",33543936.793,,
"BC33TE","33. Tier 2 Capital","ALL","All banks","KOR","Korea","2007","2007",34980973.207,,
"BC33TE","33. Tier 2 Capital","ALL","All banks","KOR","Korea","2008","2008",42590778.563,,
"BC33TE","33. Tier 2 Capital","ALL","All banks","KOR","Korea","2009","2009",40104538.63,,
"BC33TE","33. Tier 2 Capital","ALL","All banks","MEX","Mexico","2000","2000",20270.911,,
"BC33TE","33. Tier 2 Capital","ALL","All banks","MEX","Mexico","2001","2001",21621.223,,
"BC33TE","33. Tier 2 Capital","ALL","All banks","MEX","Mexico","2002","2002",20268.301,,
"BC33TE","33. Tier 2 Capital","ALL","All banks","MEX","Mexico","2003","2003",19975.334,,
"BC33TE","33. Tier 2 Capital","ALL","All banks","MEX","Mexico","2004","2004",21062.719,,
"BC33TE","33. Tier 2 Capital","ALL","All banks","MEX","Mexico","2005","2005",18349.411,,
"BC33TE","33. Tier 2 Capital","ALL","All banks","MEX","Mexico","2006","2006",22699.415,,
"BC33TE","33. Tier 2 Capital","ALL","All banks","MEX","Mexico","2007","2007",35001.083,,
"BC33TE","33. Tier 2 Capital","ALL","All banks","MEX","Mexico","2008","2008",62789.271,,
"BC33TE","33. Tier 2 Capital","ALL","All banks","MEX","Mexico","2009","2009",62497.202,,
"BC33TE","33. Tier 2 Capital","ALL","All banks","NLD","Netherlands","2000","2000",22175.373,,
"BC33TE","33. Tier 2 Capital","ALL","All banks","NLD","Netherlands","2001","2001",25327.809,,
"BC33TE","33. Tier 2 Capital","ALL","All banks","NLD","Netherlands","2002","2002",23849.207,,
"BC33TE","33. Tier 2 Capital","ALL","All banks","NLD","Netherlands","2003","2003",23778.729,,
"BC33TE","33. Tier 2 Capital","ALL","All banks","NLD","Netherlands","2004","2004",22386.457,,
"BC33TE","33. Tier 2 Capital","ALL","All banks","NLD","Netherlands","2005","2005",27338.698,,
"BC33TE","33. Tier 2 Capital","ALL","All banks","NLD","Netherlands","2006","2006",27846,,
"BC33TE","33. Tier 2 Capital","ALL","All banks","NLD","Netherlands","2007","2007",38202,,
"BC33TE","33. Tier 2 Capital","ALL","All banks","NLD","Netherlands","2008","2008",28814,,
"BC33TE","33. Tier 2 Capital","ALL","All banks","NLD","Netherlands","2009","2009",27186,,
"BC33TE","33. Tier 2 Capital","ALL","All banks","NZL","New Zealand","2000","2000",2537.58,,
"BC33TE","33. Tier 2 Capital","ALL","All banks","NZL","New Zealand","2001","2001",2604.56,,
"BC33TE","33. Tier 2 Capital","ALL","All banks","NZL","New Zealand","2002","2002",2541.181,,
"BC33TE","33. Tier 2 Capital","ALL","All banks","NZL","New Zealand","2003","2003",2600.749,,
"BC33TE","33. Tier 2 Capital","ALL","All banks","NZL","New Zealand","2004","2004",2605.118,,
"BC33TE","33. Tier 2 Capital","ALL","All banks","NZL","New Zealand","2005","2005",2705.236,,
"BC33TE","33. Tier 2 Capital","ALL","All banks","NZL","New Zealand","2006","2006",4293.498,,
"BC33TE","33. Tier 2 Capital","ALL","All banks","NZL","New Zealand","2007","2007",5329.482,,
"BC33TE","33. Tier 2 Capital","ALL","All banks","NZL","New Zealand","2008","2008",5978.16,,
"BC33TE","33. Tier 2 Capital","ALL","All banks","NZL","New Zealand","2009","2009",5959.193,,
"BC33TE","33. Tier 2 Capital","ALL","All banks","NOR","Norway","2000","2000",28831,,
"BC33TE","33. Tier 2 Capital","ALL","All banks","NOR","Norway","2001","2001",30207,,
"BC33TE","33. Tier 2 Capital","ALL","All banks","NOR","Norway","2002","2002",27807,,
"BC33TE","33. Tier 2 Capital","ALL","All banks","NOR","Norway","2003","2003",31024,,
"BC33TE","33. Tier 2 Capital","ALL","All banks","NOR","Norway","2004","2004",31032,,
"BC33TE","33. Tier 2 Capital","ALL","All banks","NOR","Norway","2005","2005",35469,,
"BC33TE","33. Tier 2 Capital","ALL","All banks","NOR","Norway","2006","2006",46831,,
"BC33TE","33. Tier 2 Capital","ALL","All banks","NOR","Norway","2007","2007",5441,,
"BC33TE","33. Tier 2 Capital","ALL","All banks","NOR","Norway","2008","2008",52494,,
"BC33TE","33. Tier 2 Capital","ALL","All banks","NOR","Norway","2009","2009",46656,,
"BC33TE","33. Tier 2 Capital","ALL","All banks","POL","Poland","2000","2000",1832,,
"BC33TE","33. Tier 2 Capital","ALL","All banks","POL","Poland","2001","2001",2185,,
"BC33TE","33. Tier 2 Capital","ALL","All banks","POL","Poland","2002","2002",3156,,
"BC33TE","33. Tier 2 Capital","ALL","All banks","POL","Poland","2003","2003",2867,,
"BC33TE","33. Tier 2 Capital","ALL","All banks","POL","Poland","2004","2004",3431.2,,
"BC33TE","33. Tier 2 Capital","ALL","All banks","POL","Poland","2005","2005",3789,,
"BC33TE","33. Tier 2 Capital","ALL","All banks","POL","Poland","2006","2006",4299.752,,
"BC33TE","33. Tier 2 Capital","ALL","All banks","POL","Poland","2007","2007",5739.961,,
"BC33TE","33. Tier 2 Capital","ALL","All banks","POL","Poland","2008","2008",8542.277,,
"BC33TE","33. Tier 2 Capital","ALL","All banks","POL","Poland","2009","2009",10403.145,,
"BC33TE","33. Tier 2 Capital","ALL","All banks","SVK","Slovak Republic","2000","2000",175.827,,
"BC33TE","33. Tier 2 Capital","ALL","All banks","SVK","Slovak Republic","2001","2001",370.692,,
"BC33TE","33. Tier 2 Capital","ALL","All banks","SVK","Slovak Republic","2002","2002",307.408,,
"BC33TE","33. Tier 2 Capital","ALL","All banks","SVK","Slovak Republic","2003","2003",116.514,,
"BC33TE","33. Tier 2 Capital","ALL","All banks","SVK","Slovak Republic","2004","2004",18.002,,
"BC33TE","33. Tier 2 Capital","ALL","All banks","SVK","Slovak Republic","2005","2005",83.031,,
"BC33TE","33. Tier 2 Capital","ALL","All banks","SVK","Slovak Republic","2006","2006",83.381,,
"BC33TE","33. Tier 2 Capital","ALL","All banks","SVK","Slovak Republic","2007","2007",301.254,,
"BC33TE","33. Tier 2 Capital","ALL","All banks","SVK","Slovak Republic","2008","2008",448.18,,
"BC33TE","33. Tier 2 Capital","ALL","All banks","SVK","Slovak Republic","2009","2009",395.575,,
"BC33TE","33. Tier 2 Capital","ALL","All banks","ESP","Spain","2000","2000",27855,,
"BC33TE","33. Tier 2 Capital","ALL","All banks","ESP","Spain","2001","2001",36088,,
"BC33TE","33. Tier 2 Capital","ALL","All banks","ESP","Spain","2002","2002",37617,,
"BC33TE","33. Tier 2 Capital","ALL","All banks","ESP","Spain","2003","2003",42833,,
"BC33TE","33. Tier 2 Capital","ALL","All banks","ESP","Spain","2004","2004",55093,,
"BC33TE","33. Tier 2 Capital","ALL","All banks","ESP","Spain","2005","2005",68537,,
"BC33TE","33. Tier 2 Capital","ALL","All banks","ESP","Spain","2006","2006",83904,,
"BC33TE","33. Tier 2 Capital","ALL","All banks","ESP","Spain","2007","2007",90194,,
"BC33TE","33. Tier 2 Capital","ALL","All banks","ESP","Spain","2008","2008",70715,,
"BC33TE","33. Tier 2 Capital","ALL","All banks","ESP","Spain","2009","2009",67702,,
"BC33TE","33. Tier 2 Capital","ALL","All banks","SWE","Sweden","2000","2000",73360,,
"BC33TE","33. Tier 2 Capital","ALL","All banks","SWE","Sweden","2001","2001",87535,,
"BC33TE","33. Tier 2 Capital","ALL","All banks","SWE","Sweden","2002","2002",77879,,
"BC33TE","33. Tier 2 Capital","ALL","All banks","SWE","Sweden","2003","2003",77337,,
"BC33TE","33. Tier 2 Capital","ALL","All banks","SWE","Sweden","2004","2004",92117,,
"BC33TE","33. Tier 2 Capital","ALL","All banks","SWE","Sweden","2005","2005",136573,,
"BC33TE","33. Tier 2 Capital","ALL","All banks","SWE","Sweden","2006","2006",155260,,
"BC33TE","33. Tier 2 Capital","ALL","All banks","SWE","Sweden","2007","2007",159197,,
"BC33TE","33. Tier 2 Capital","ALL","All banks","SWE","Sweden","2008","2008",178206,,
"BC33TE","33. Tier 2 Capital","ALL","All banks","SWE","Sweden","2009","2009",139352,,
"BC33TE","33. Tier 2 Capital","ALL","All banks","CHE","Switzerland","2000","2000",31892,,
"BC33TE","33. Tier 2 Capital","ALL","All banks","CHE","Switzerland","2001","2001",34541,,
"BC33TE","33. Tier 2 Capital","ALL","All banks","CHE","Switzerland","2002","2002",30660,,
"BC33TE","33. Tier 2 Capital","ALL","All banks","CHE","Switzerland","2003","2003",28075,,
"BC33TE","33. Tier 2 Capital","ALL","All banks","CHE","Switzerland","2004","2004",28782,,
"BC33TE","33. Tier 2 Capital","ALL","All banks","CHE","Switzerland","2005","2005",33526,,
"BC33TE","33. Tier 2 Capital","ALL","All banks","CHE","Switzerland","2006","2006",43361,,
"BC33TE","33. Tier 2 Capital","ALL","All banks","CHE","Switzerland","2008","2008",29241,,
"BC33TE","33. Tier 2 Capital","ALL","All banks","CHE","Switzerland","2009","2009",25489.05,,
"BC33TE","33. Tier 2 Capital","ALL","All banks","CHL","Chile","2000","2000",848761,,
"BC33TE","33. Tier 2 Capital","ALL","All banks","CHL","Chile","2001","2001",914130,,
"BC33TE","33. Tier 2 Capital","ALL","All banks","CHL","Chile","2002","2002",965510,,
"BC33TE","33. Tier 2 Capital","ALL","All banks","CHL","Chile","2003","2003",929753,,
"BC33TE","33. Tier 2 Capital","ALL","All banks","CHL","Chile","2004","2004",1163605,,
"BC33TE","33. Tier 2 Capital","ALL","All banks","CHL","Chile","2005","2005",1326276,,
"BC33TE","33. Tier 2 Capital","ALL","All banks","CHL","Chile","2006","2006",1707951,,
"BC33TE","33. Tier 2 Capital","ALL","All banks","CHL","Chile","2007","2007",2001163,,
"BC33TE","33. Tier 2 Capital","ALL","All banks","CHL","Chile","2008","2008",2489592.725,,
"BC33TE","33. Tier 2 Capital","ALL","All banks","CHL","Chile","2009","2009",2563346.013,,
"BC33TE","33. Tier 2 Capital","ALL","All banks","EST","Estonia","2000","2000",48.5,,
"BC33TE","33. Tier 2 Capital","ALL","All banks","EST","Estonia","2001","2001",82.492,,
"BC33TE","33. Tier 2 Capital","ALL","All banks","EST","Estonia","2002","2002",77.71,,
"BC33TE","33. Tier 2 Capital","ALL","All banks","EST","Estonia","2003","2003",69.719,,
"BC33TE","33. Tier 2 Capital","ALL","All banks","EST","Estonia","2004","2004",35.859,,
"BC33TE","33. Tier 2 Capital","ALL","All banks","EST","Estonia","2005","2005",92.554,,
"BC33TE","33. Tier 2 Capital","ALL","All banks","EST","Estonia","2006","2006",463.075,,
"BC33TE","33. Tier 2 Capital","ALL","All banks","EST","Estonia","2007","2007",751.088,,
"BC33TE","33. Tier 2 Capital","ALL","All banks","EST","Estonia","2008","2008",688.949,,
"BC33TE","33. Tier 2 Capital","ALL","All banks","EST","Estonia","2009","2009",706.159,,
"BC33TE","33. Tier 2 Capital","ALL","All banks","ISR","Israel","2000","2000",14278.604,,
"BC33TE","33. Tier 2 Capital","ALL","All banks","ISR","Israel","2001","2001",19614.093,,
"BC33TE","33. Tier 2 Capital","ALL","All banks","ISR","Israel","2005","2005",26752.562,,
"BC33TE","33. Tier 2 Capital","ALL","All banks","ISR","Israel","2006","2006",26839.673,,
"BC33TE","33. Tier 2 Capital","ALL","All banks","ISR","Israel","2007","2007",29676.6,,
"BC33TE","33. Tier 2 Capital","ALL","All banks","ISR","Israel","2008","2008",33670.683,,
"BC33TE","33. Tier 2 Capital","ALL","All banks","ISR","Israel","2009","2009",46189.647,,
"BC33TE","33. Tier 2 Capital","ALL","All banks","RUS","Russia","2004","2004",212389.693,,
"BC33TE","33. Tier 2 Capital","ALL","All banks","RUS","Russia","2005","2005",366940.589,,
"BC33TE","33. Tier 2 Capital","ALL","All banks","RUS","Russia","2006","2006",509105.756,,
"BC33TE","33. Tier 2 Capital","ALL","All banks","RUS","Russia","2007","2007",674601.867,,
"BC33TE","33. Tier 2 Capital","ALL","All banks","RUS","Russia","2008","2008",1627194.442,,
"BC33TE","33. Tier 2 Capital","ALL","All banks","RUS","Russia","2009","2009",1762450.585,,
"BC33TE","33. Tier 2 Capital","ALL","All banks","SVN","Slovenia","2002","2002",433.855,,
"BC33TE","33. Tier 2 Capital","ALL","All banks","SVN","Slovenia","2003","2003",497.705,,
"BC33TE","33. Tier 2 Capital","ALL","All banks","SVN","Slovenia","2004","2004",690.641,,
"BC33TE","33. Tier 2 Capital","ALL","All banks","SVN","Slovenia","2005","2005",729.884,,
"BC33TE","33. Tier 2 Capital","ALL","All banks","SVN","Slovenia","2006","2006",822.078,,
"BC33TE","33. Tier 2 Capital","ALL","All banks","SVN","Slovenia","2007","2007",1373.919,,
"BC33TE","33. Tier 2 Capital","ALL","All banks","SVN","Slovenia","2008","2008",1304.127,,
"BC33TE","33. Tier 2 Capital","ALL","All banks","SVN","Slovenia","2009","2009",1261.101,,
"BC34TE","34. Supervisory deductions","ALL","All banks","AUT","Austria","2000","2000",1453,,
"BC34TE","34. Supervisory deductions","ALL","All banks","AUT","Austria","2001","2001",1368,,
"BC34TE","34. Supervisory deductions","ALL","All banks","AUT","Austria","2002","2002",1113,,
"BC34TE","34. Supervisory deductions","ALL","All banks","AUT","Austria","2003","2003",1106,,
"BC34TE","34. Supervisory deductions","ALL","All banks","AUT","Austria","2004","2004",1712,,
"BC34TE","34. Supervisory deductions","ALL","All banks","AUT","Austria","2005","2005",2048,,
"BC34TE","34. Supervisory deductions","ALL","All banks","AUT","Austria","2006","2006",2594,,
"BC34TE","34. Supervisory deductions","ALL","All banks","AUT","Austria","2007","2007",3119,,
"BC34TE","34. Supervisory deductions","ALL","All banks","AUT","Austria","2008","2008",4049,,
"BC34TE","34. Supervisory deductions","ALL","All banks","BEL","Belgium","2000","2000",18186.993,,
"BC34TE","34. Supervisory deductions","ALL","All banks","BEL","Belgium","2001","2001",20776.153,,
"BC34TE","34. Supervisory deductions","ALL","All banks","BEL","Belgium","2002","2002",20998.581,,
"BC34TE","34. Supervisory deductions","ALL","All banks","BEL","Belgium","2003","2003",20300.287,,
"BC34TE","34. Supervisory deductions","ALL","All banks","BEL","Belgium","2004","2004",20660.181,,
"BC34TE","34. Supervisory deductions","ALL","All banks","BEL","Belgium","2005","2005",22918.637,,
"BC34TE","34. Supervisory deductions","ALL","All banks","BEL","Belgium","2006","2006",21591.7,,
"BC34TE","34. Supervisory deductions","ALL","All banks","BEL","Belgium","2007","2007",2496.946,,
"BC34TE","34. Supervisory deductions","ALL","All banks","BEL","Belgium","2008","2008",3062.201,,
"BC34TE","34. Supervisory deductions","ALL","All banks","BEL","Belgium","2009","2009",4095.574,,
"BC34TE","34. Supervisory deductions","ALL","All banks","CZE","Czech Republic","2000","2000",12284.84,,
"BC34TE","34. Supervisory deductions","ALL","All banks","CZE","Czech Republic","2001","2001",11222.33,,
"BC34TE","34. Supervisory deductions","ALL","All banks","CZE","Czech Republic","2002","2002",18794.254,,
"BC34TE","34. Supervisory deductions","ALL","All banks","CZE","Czech Republic","2003","2003",14373.688,,
"BC34TE","34. Supervisory deductions","ALL","All banks","CZE","Czech Republic","2004","2004",4032.933,,
"BC34TE","34. Supervisory deductions","ALL","All banks","CZE","Czech Republic","2005","2005",4069.773,,
"BC34TE","34. Supervisory deductions","ALL","All banks","CZE","Czech Republic","2006","2006",4508.038,,
"BC34TE","34. Supervisory deductions","ALL","All banks","CZE","Czech Republic","2007","2007",9617.306,,
"BC34TE","34. Supervisory deductions","ALL","All banks","CZE","Czech Republic","2008","2008",21111.754,,
"BC34TE","34. Supervisory deductions","ALL","All banks","CZE","Czech Republic","2009","2009",10812.797,,
"BC34TE","34. Supervisory deductions","ALL","All banks","IRL","Ireland","2000","2000",4676.9,,
"BC34TE","34. Supervisory deductions","ALL","All banks","IRL","Ireland","2001","2001",5618.6,,
"BC34TE","34. Supervisory deductions","ALL","All banks","IRL","Ireland","2002","2002",7328,,
"BC34TE","34. Supervisory deductions","ALL","All banks","IRL","Ireland","2003","2003",7151,,
"BC34TE","34. Supervisory deductions","ALL","All banks","IRL","Ireland","2004","2004",6325,,
"BC34TE","34. Supervisory deductions","ALL","All banks","IRL","Ireland","2005","2005",7267.36,,
"BC34TE","34. Supervisory deductions","ALL","All banks","IRL","Ireland","2006","2006",9344.702,,
"BC34TE","34. Supervisory deductions","ALL","All banks","IRL","Ireland","2007","2007",11759.916,,
"BC34TE","34. Supervisory deductions","ALL","All banks","IRL","Ireland","2008","2008",9218.058,,
"BC34TE","34. Supervisory deductions","ALL","All banks","IRL","Ireland","2009","2009",12338.446,,
"BC34TE","34. Supervisory deductions","ALL","All banks","ITA","Italy","2000","2000",4200,,
"BC34TE","34. Supervisory deductions","ALL","All banks","ITA","Italy","2001","2001",5640,,
"BC34TE","34. Supervisory deductions","ALL","All banks","ITA","Italy","2002","2002",4088,,
"BC34TE","34. Supervisory deductions","ALL","All banks","ITA","Italy","2003","2003",5038,,
"BC34TE","34. Supervisory deductions","ALL","All banks","ITA","Italy","2004","2004",5641,,
"BC34TE","34. Supervisory deductions","ALL","All banks","ITA","Italy","2005","2005",8692,,
"BC34TE","34. Supervisory deductions","ALL","All banks","ITA","Italy","2006","2006",9413,,
"BC34TE","34. Supervisory deductions","ALL","All banks","ITA","Italy","2007","2007",5233,,
"BC34TE","34. Supervisory deductions","ALL","All banks","ITA","Italy","2008","2008",5292,,
"BC34TE","34. Supervisory deductions","ALL","All banks","ITA","Italy","2009","2009",5554,,
"BC34TE","34. Supervisory deductions","ALL","All banks","KOR","Korea","2000","2000",112000,,
"BC34TE","34. Supervisory deductions","ALL","All banks","KOR","Korea","2001","2001",175000,,
"BC34TE","34. Supervisory deductions","ALL","All banks","KOR","Korea","2002","2002",276000,,
"BC34TE","34. Supervisory deductions","ALL","All banks","KOR","Korea","2003","2003",987000,,
"BC34TE","34. Supervisory deductions","ALL","All banks","KOR","Korea","2004","2004",1597271.034,,
"BC34TE","34. Supervisory deductions","ALL","All banks","KOR","Korea","2005","2005",2032787.028,,
"BC34TE","34. Supervisory deductions","ALL","All banks","KOR","Korea","2006","2006",1642616.805,,
"BC34TE","34. Supervisory deductions","ALL","All banks","KOR","Korea","2007","2007",1269870.86,,
"BC34TE","34. Supervisory deductions","ALL","All banks","KOR","Korea","2008","2008",6877294.131,,
"BC34TE","34. Supervisory deductions","ALL","All banks","KOR","Korea","2009","2009",7420048.857,,
"BC34TE","34. Supervisory deductions","ALL","All banks","NLD","Netherlands","2000","2000",0,,
"BC34TE","34. Supervisory deductions","ALL","All banks","NLD","Netherlands","2001","2001",2329.416,,
"BC34TE","34. Supervisory deductions","ALL","All banks","NLD","Netherlands","2002","2002",1821.732,,
"BC34TE","34. Supervisory deductions","ALL","All banks","NLD","Netherlands","2003","2003",2905.214,,
"BC34TE","34. Supervisory deductions","ALL","All banks","NLD","Netherlands","2004","2004",3086.705,,
"BC34TE","34. Supervisory deductions","ALL","All banks","NLD","Netherlands","2005","2005",5613.648,,
"BC34TE","34. Supervisory deductions","ALL","All banks","NLD","Netherlands","2006","2006",4600,,
"BC34TE","34. Supervisory deductions","ALL","All banks","NLD","Netherlands","2007","2007",32860,,
"BC34TE","34. Supervisory deductions","ALL","All banks","NLD","Netherlands","2008","2008",7887,,
"BC34TE","34. Supervisory deductions","ALL","All banks","NLD","Netherlands","2009","2009",8655,,
"BC34TE","34. Supervisory deductions","ALL","All banks","NZL","New Zealand","2000","2000",0,,
"BC34TE","34. Supervisory deductions","ALL","All banks","NZL","New Zealand","2001","2001",0,,
"BC34TE","34. Supervisory deductions","ALL","All banks","NZL","New Zealand","2002","2002",0,,
"BC34TE","34. Supervisory deductions","ALL","All banks","NZL","New Zealand","2003","2003",0,,
"BC34TE","34. Supervisory deductions","ALL","All banks","NZL","New Zealand","2004","2004",1,,
"BC34TE","34. Supervisory deductions","ALL","All banks","NZL","New Zealand","2005","2005",0,,
"BC34TE","34. Supervisory deductions","ALL","All banks","NZL","New Zealand","2006","2006",0,,
"BC34TE","34. Supervisory deductions","ALL","All banks","NZL","New Zealand","2007","2007",0,,
"BC34TE","34. Supervisory deductions","ALL","All banks","NZL","New Zealand","2008","2008",100,,
"BC34TE","34. Supervisory deductions","ALL","All banks","NZL","New Zealand","2009","2009",65,,
"BC34TE","34. Supervisory deductions","ALL","All banks","NOR","Norway","2000","2000",959,,
"BC34TE","34. Supervisory deductions","ALL","All banks","NOR","Norway","2001","2001",2134,,
"BC34TE","34. Supervisory deductions","ALL","All banks","NOR","Norway","2002","2002",2450,,
"BC34TE","34. Supervisory deductions","ALL","All banks","NOR","Norway","2003","2003",3417,,
"BC34TE","34. Supervisory deductions","ALL","All banks","NOR","Norway","2004","2004",4041,,
"BC34TE","34. Supervisory deductions","ALL","All banks","NOR","Norway","2005","2005",4030,,
"BC34TE","34. Supervisory deductions","ALL","All banks","NOR","Norway","2006","2006",5162,,
"BC34TE","34. Supervisory deductions","ALL","All banks","NOR","Norway","2007","2007",0,,
"BC34TE","34. Supervisory deductions","ALL","All banks","NOR","Norway","2008","2008",0,,
"BC34TE","34. Supervisory deductions","ALL","All banks","NOR","Norway","2009","2009",0,,
"BC34TE","34. Supervisory deductions","ALL","All banks","POL","Poland","2000","2000",4749,,
"BC34TE","34. Supervisory deductions","ALL","All banks","POL","Poland","2001","2001",4115,,
"BC34TE","34. Supervisory deductions","ALL","All banks","POL","Poland","2002","2002",7012,,
"BC34TE","34. Supervisory deductions","ALL","All banks","POL","Poland","2003","2003",8315,,
"BC34TE","34. Supervisory deductions","ALL","All banks","POL","Poland","2004","2004",9394.1,,
"BC34TE","34. Supervisory deductions","ALL","All banks","POL","Poland","2005","2005",9693.3,,
"BC34TE","34. Supervisory deductions","ALL","All banks","POL","Poland","2006","2006",9025.903,,
"BC34TE","34. Supervisory deductions","ALL","All banks","POL","Poland","2007","2007",9203.434,,
"BC34TE","34. Supervisory deductions","ALL","All banks","POL","Poland","2008","2008",5768.389,,
"BC34TE","34. Supervisory deductions","ALL","All banks","POL","Poland","2009","2009",9305.952,,
"BC34TE","34. Supervisory deductions","ALL","All banks","SVK","Slovak Republic","2000","2000",2254.131,,
"BC34TE","34. Supervisory deductions","ALL","All banks","SVK","Slovak Republic","2001","2001",1508.395,,
"BC34TE","34. Supervisory deductions","ALL","All banks","SVK","Slovak Republic","2002","2002",105.837,,
"BC34TE","34. Supervisory deductions","ALL","All banks","SVK","Slovak Republic","2003","2003",204.294,,
"BC34TE","34. Supervisory deductions","ALL","All banks","SVK","Slovak Republic","2004","2004",154.684,,
"BC34TE","34. Supervisory deductions","ALL","All banks","SVK","Slovak Republic","2005","2005",242.709,,
"BC34TE","34. Supervisory deductions","ALL","All banks","SVK","Slovak Republic","2006","2006",307.191,,
"BC34TE","34. Supervisory deductions","ALL","All banks","SVK","Slovak Republic","2007","2007",374.617,,
"BC34TE","34. Supervisory deductions","ALL","All banks","SVK","Slovak Republic","2008","2008",322.179,,
"BC34TE","34. Supervisory deductions","ALL","All banks","SVK","Slovak Republic","2009","2009",299.785,,
"BC34TE","34. Supervisory deductions","ALL","All banks","ESP","Spain","2000","2000",5550,,
"BC34TE","34. Supervisory deductions","ALL","All banks","ESP","Spain","2001","2001",5741,,
"BC34TE","34. Supervisory deductions","ALL","All banks","ESP","Spain","2002","2002",5854,,
"BC34TE","34. Supervisory deductions","ALL","All banks","ESP","Spain","2003","2003",6718,,
"BC34TE","34. Supervisory deductions","ALL","All banks","ESP","Spain","2004","2004",2707,,
"BC34TE","34. Supervisory deductions","ALL","All banks","ESP","Spain","2005","2005",4964,,
"BC34TE","34. Supervisory deductions","ALL","All banks","ESP","Spain","2006","2006",10926,,
"BC34TE","34. Supervisory deductions","ALL","All banks","ESP","Spain","2007","2007",25504,,
"BC34TE","34. Supervisory deductions","ALL","All banks","ESP","Spain","2008","2008",11713,,
"BC34TE","34. Supervisory deductions","ALL","All banks","ESP","Spain","2009","2009",15513,,
"BC34TE","34. Supervisory deductions","ALL","All banks","SWE","Sweden","2000","2000",12085,,
"BC34TE","34. Supervisory deductions","ALL","All banks","SWE","Sweden","2001","2001",16142,,
"BC34TE","34. Supervisory deductions","ALL","All banks","SWE","Sweden","2002","2002",17111,,
"BC34TE","34. Supervisory deductions","ALL","All banks","SWE","Sweden","2003","2003",17130,,
"BC34TE","34. Supervisory deductions","ALL","All banks","SWE","Sweden","2004","2004",33030,,
"BC34TE","34. Supervisory deductions","ALL","All banks","SWE","Sweden","2005","2005",35443,,
"BC34TE","34. Supervisory deductions","ALL","All banks","SWE","Sweden","2006","2006",18405,,
"BC34TE","34. Supervisory deductions","ALL","All banks","SWE","Sweden","2007","2007",13642,,
"BC34TE","34. Supervisory deductions","ALL","All banks","SWE","Sweden","2008","2008",12207,,
"BC34TE","34. Supervisory deductions","ALL","All banks","SWE","Sweden","2009","2009",14599,,
"BC34TE","34. Supervisory deductions","ALL","All banks","CHE","Switzerland","2000","2000",31991,,
"BC34TE","34. Supervisory deductions","ALL","All banks","CHE","Switzerland","2001","2001",35766,,
"BC34TE","34. Supervisory deductions","ALL","All banks","CHE","Switzerland","2002","2002",35100,,
"BC34TE","34. Supervisory deductions","ALL","All banks","CHE","Switzerland","2003","2003",38808,,
"BC34TE","34. Supervisory deductions","ALL","All banks","CHE","Switzerland","2004","2004",35876,,
"BC34TE","34. Supervisory deductions","ALL","All banks","CHE","Switzerland","2005","2005",40285,,
"BC34TE","34. Supervisory deductions","ALL","All banks","CHE","Switzerland","2006","2006",43005,,
"BC34TE","34. Supervisory deductions","ALL","All banks","CHE","Switzerland","2008","2008",47043,,
"BC34TE","34. Supervisory deductions","ALL","All banks","CHE","Switzerland","2009","2009",47663.377,,
"BC34TE","34. Supervisory deductions","ALL","All banks","CHL","Chile","2000","2000",282282,,
"BC34TE","34. Supervisory deductions","ALL","All banks","CHL","Chile","2001","2001",301459,,
"BC34TE","34. Supervisory deductions","ALL","All banks","CHL","Chile","2002","2002",32226,,
"BC34TE","34. Supervisory deductions","ALL","All banks","CHL","Chile","2003","2003",23272,,
"BC34TE","34. Supervisory deductions","ALL","All banks","CHL","Chile","2004","2004",28520,,
"BC34TE","34. Supervisory deductions","ALL","All banks","CHL","Chile","2005","2005",24666,,
"BC34TE","34. Supervisory deductions","ALL","All banks","CHL","Chile","2006","2006",20049,,
"BC34TE","34. Supervisory deductions","ALL","All banks","CHL","Chile","2007","2007",243375,,
"BC34TE","34. Supervisory deductions","ALL","All banks","CHL","Chile","2008","2008",247978.391,,
"BC34TE","34. Supervisory deductions","ALL","All banks","CHL","Chile","2009","2009",10515.158,,
"BC34TE","34. Supervisory deductions","ALL","All banks","EST","Estonia","2000","2000",81.873,,
"BC34TE","34. Supervisory deductions","ALL","All banks","EST","Estonia","2001","2001",86.429,,
"BC34TE","34. Supervisory deductions","ALL","All banks","EST","Estonia","2002","2002",9.032,,
"BC34TE","34. Supervisory deductions","ALL","All banks","EST","Estonia","2003","2003",20.07,,
"BC34TE","34. Supervisory deductions","ALL","All banks","EST","Estonia","2004","2004",9.019,,
"BC34TE","34. Supervisory deductions","ALL","All banks","EST","Estonia","2005","2005",92.094,,
"BC34TE","34. Supervisory deductions","ALL","All banks","EST","Estonia","2006","2006",96.951,,
"BC34TE","34. Supervisory deductions","ALL","All banks","EST","Estonia","2007","2007",99.574,,
"BC34TE","34. Supervisory deductions","ALL","All banks","EST","Estonia","2008","2008",17.703,,
"BC34TE","34. Supervisory deductions","ALL","All banks","EST","Estonia","2009","2009",13.957,,
"BC34TE","34. Supervisory deductions","ALL","All banks","ISR","Israel","2000","2000",1150.443,,
"BC34TE","34. Supervisory deductions","ALL","All banks","ISR","Israel","2001","2001",1164.82,,
"BC34TE","34. Supervisory deductions","ALL","All banks","ISR","Israel","2005","2005",1204.206,,
"BC34TE","34. Supervisory deductions","ALL","All banks","ISR","Israel","2006","2006",1645.191,,
"BC34TE","34. Supervisory deductions","ALL","All banks","ISR","Israel","2007","2007",1919.514,,
"BC34TE","34. Supervisory deductions","ALL","All banks","ISR","Israel","2008","2008",3690.475,,
"BC34TE","34. Supervisory deductions","ALL","All banks","ISR","Israel","2009","2009",2661.292,,
"BC34TE","34. Supervisory deductions","ALL","All banks","RUS","Russia","2004","2004",37844.384,,
"BC34TE","34. Supervisory deductions","ALL","All banks","RUS","Russia","2005","2005",112707.695,,
"BC34TE","34. Supervisory deductions","ALL","All banks","RUS","Russia","2006","2006",131963.895,,
"BC34TE","34. Supervisory deductions","ALL","All banks","RUS","Russia","2007","2007",195439.826,,
"BC34TE","34. Supervisory deductions","ALL","All banks","RUS","Russia","2008","2008",508051.028,,
"BC34TE","34. Supervisory deductions","ALL","All banks","RUS","Russia","2009","2009",502796.28,,
"BC34TE","34. Supervisory deductions","ALL","All banks","SVN","Slovenia","2002","2002",68.059,,
"BC34TE","34. Supervisory deductions","ALL","All banks","SVN","Slovenia","2003","2003",95.756,,
"BC34TE","34. Supervisory deductions","ALL","All banks","SVN","Slovenia","2004","2004",97.818,,
"BC34TE","34. Supervisory deductions","ALL","All banks","SVN","Slovenia","2005","2005",96.884,,
"BC34TE","34. Supervisory deductions","ALL","All banks","SVN","Slovenia","2006","2006",147.892,,
"BC34TE","34. Supervisory deductions","ALL","All banks","SVN","Slovenia","2007","2007",145.892,,
"BC34TE","34. Supervisory deductions","ALL","All banks","SVN","Slovenia","2008","2008",143.314,,
"BC34TE","34. Supervisory deductions","ALL","All banks","SVN","Slovenia","2009","2009",175.035,,
"BC35TD","35. Total regulatory capital","ALL","All banks","AUT","Austria","2000","2000",35858,,
"BC35TD","35. Total regulatory capital","ALL","All banks","AUT","Austria","2001","2001",39564,,
"BC35TD","35. Total regulatory capital","ALL","All banks","AUT","Austria","2002","2002",39233,,
"BC35TD","35. Total regulatory capital","ALL","All banks","AUT","Austria","2003","2003",43539,,
"BC35TD","35. Total regulatory capital","ALL","All banks","AUT","Austria","2004","2004",47132,,
"BC35TD","35. Total regulatory capital","ALL","All banks","AUT","Austria","2005","2005",51817,,
"BC35TD","35. Total regulatory capital","ALL","All banks","AUT","Austria","2006","2006",59471,,
"BC35TD","35. Total regulatory capital","ALL","All banks","AUT","Austria","2007","2007",78621,,
"BC35TD","35. Total regulatory capital","ALL","All banks","AUT","Austria","2008","2008",87757,,
"BC35TD","35. Total regulatory capital","ALL","All banks","BEL","Belgium","2000","2000",30109.242,,
"BC35TD","35. Total regulatory capital","ALL","All banks","BEL","Belgium","2001","2001",29921.244,,
"BC35TD","35. Total regulatory capital","ALL","All banks","BEL","Belgium","2002","2002",31035.008,,
"BC35TD","35. Total regulatory capital","ALL","All banks","BEL","Belgium","2003","2003",29423.572,,
"BC35TD","35. Total regulatory capital","ALL","All banks","BEL","Belgium","2004","2004",28542.881,,
"BC35TD","35. Total regulatory capital","ALL","All banks","BEL","Belgium","2005","2005",25489.214,,
"BC35TD","35. Total regulatory capital","ALL","All banks","BEL","Belgium","2006","2006",34512.532,,
"BC35TD","35. Total regulatory capital","ALL","All banks","BEL","Belgium","2007","2007",79889.976,,
"BC35TD","35. Total regulatory capital","ALL","All banks","BEL","Belgium","2008","2008",75768.253,,
"BC35TD","35. Total regulatory capital","ALL","All banks","BEL","Belgium","2009","2009",67042.902,,
"BC35TD","35. Total regulatory capital","ALL","All banks","CZE","Czech Republic","2000","2000",124227.96,,
"BC35TD","35. Total regulatory capital","ALL","All banks","CZE","Czech Republic","2001","2001",132312.34,,
"BC35TD","35. Total regulatory capital","ALL","All banks","CZE","Czech Republic","2002","2002",130538.632,,
"BC35TD","35. Total regulatory capital","ALL","All banks","CZE","Czech Republic","2003","2003",143676.197,,
"BC35TD","35. Total regulatory capital","ALL","All banks","CZE","Czech Republic","2004","2004",146696.406,,
"BC35TD","35. Total regulatory capital","ALL","All banks","CZE","Czech Republic","2005","2005",167141.521,,
"BC35TD","35. Total regulatory capital","ALL","All banks","CZE","Czech Republic","2006","2006",195699.675,,
"BC35TD","35. Total regulatory capital","ALL","All banks","CZE","Czech Republic","2007","2007",221271.553,,
"BC35TD","35. Total regulatory capital","ALL","All banks","CZE","Czech Republic","2008","2008",230851.822,,
"BC35TD","35. Total regulatory capital","ALL","All banks","CZE","Czech Republic","2009","2009",264693.994,,
"BC35TD","35. Total regulatory capital","ALL","All banks","IRL","Ireland","2000","2000",26418.5,,
"BC35TD","35. Total regulatory capital","ALL","All banks","IRL","Ireland","2001","2001",32045.6,,
"BC35TD","35. Total regulatory capital","ALL","All banks","IRL","Ireland","2002","2002",29739,,
"BC35TD","35. Total regulatory capital","ALL","All banks","IRL","Ireland","2003","2003",32942,,
"BC35TD","35. Total regulatory capital","ALL","All banks","IRL","Ireland","2004","2004",44838,,
"BC35TD","35. Total regulatory capital","ALL","All banks","IRL","Ireland","2005","2005",56647.15,,
"BC35TD","35. Total regulatory capital","ALL","All banks","IRL","Ireland","2006","2006",66409.852,,
"BC35TD","35. Total regulatory capital","ALL","All banks","IRL","Ireland","2007","2007",73848.306,,
"BC35TD","35. Total regulatory capital","ALL","All banks","IRL","Ireland","2008","2008",76863.355,,
"BC35TD","35. Total regulatory capital","ALL","All banks","IRL","Ireland","2009","2009",79127.503,,
"BC35TD","35. Total regulatory capital","ALL","All banks","ITA","Italy","2000","2000",160524,,
"BC35TD","35. Total regulatory capital","ALL","All banks","ITA","Italy","2001","2001",171569,,
"BC35TD","35. Total regulatory capital","ALL","All banks","ITA","Italy","2002","2002",181918,,
"BC35TD","35. Total regulatory capital","ALL","All banks","ITA","Italy","2003","2003",195332,,
"BC35TD","35. Total regulatory capital","ALL","All banks","ITA","Italy","2004","2004",205166,,
"BC35TD","35. Total regulatory capital","ALL","All banks","ITA","Italy","2005","2005",227497,,
"BC35TD","35. Total regulatory capital","ALL","All banks","ITA","Italy","2006","2006",244881,,
"BC35TD","35. Total regulatory capital","ALL","All banks","ITA","Italy","2007","2007",279097,,
"BC35TD","35. Total regulatory capital","ALL","All banks","ITA","Italy","2008","2008",204532,,
"BC35TD","35. Total regulatory capital","ALL","All banks","ITA","Italy","2009","2009",218652,,
"BC35TD","35. Total regulatory capital","ALL","All banks","KOR","Korea","2000","2000",40494000,,
"BC35TD","35. Total regulatory capital","ALL","All banks","KOR","Korea","2001","2001",48672000,,
"BC35TD","35. Total regulatory capital","ALL","All banks","KOR","Korea","2002","2002",57566000,,
"BC35TD","35. Total regulatory capital","ALL","All banks","KOR","Korea","2003","2003",61026000,,
"BC35TD","35. Total regulatory capital","ALL","All banks","KOR","Korea","2004","2004",73724757.232,,
"BC35TD","35. Total regulatory capital","ALL","All banks","KOR","Korea","2005","2005",88096490.036,,
"BC35TD","35. Total regulatory capital","ALL","All banks","KOR","Korea","2006","2006",104327190.362,,
"BC35TD","35. Total regulatory capital","ALL","All banks","KOR","Korea","2007","2007",117558493.578,,
"BC35TD","35. Total regulatory capital","ALL","All banks","KOR","Korea","2008","2008",129307788.528,,
"BC35TD","35. Total regulatory capital","ALL","All banks","KOR","Korea","2009","2009",144527395.829,,
"BC35TD","35. Total regulatory capital","ALL","All banks","MEX","Mexico","2000","2000",150034.83,,
"BC35TD","35. Total regulatory capital","ALL","All banks","MEX","Mexico","2001","2001",153719.334,,
"BC35TD","35. Total regulatory capital","ALL","All banks","MEX","Mexico","2002","2002",197310.535,,
"BC35TD","35. Total regulatory capital","ALL","All banks","MEX","Mexico","2003","2003",215096.486,,
"BC35TD","35. Total regulatory capital","ALL","All banks","MEX","Mexico","2004","2004",241490.527,,
"BC35TD","35. Total regulatory capital","ALL","All banks","MEX","Mexico","2005","2005",303872.789,,
"BC35TD","35. Total regulatory capital","ALL","All banks","MEX","Mexico","2006","2006",386995.839,,
"BC35TD","35. Total regulatory capital","ALL","All banks","MEX","Mexico","2007","2007",476429.108,,
"BC35TD","35. Total regulatory capital","ALL","All banks","MEX","Mexico","2008","2008",526528.227,,
"BC35TD","35. Total regulatory capital","ALL","All banks","MEX","Mexico","2009","2009",584901.177,,
"BC35TD","35. Total regulatory capital","ALL","All banks","NLD","Netherlands","2000","2000",87195.252,,
"BC35TD","35. Total regulatory capital","ALL","All banks","NLD","Netherlands","2001","2001",91441.88,,
"BC35TD","35. Total regulatory capital","ALL","All banks","NLD","Netherlands","2002","2002",91862.933,,
"BC35TD","35. Total regulatory capital","ALL","All banks","NLD","Netherlands","2003","2003",95414.088,,
"BC35TD","35. Total regulatory capital","ALL","All banks","NLD","Netherlands","2004","2004",103258.792,,
"BC35TD","35. Total regulatory capital","ALL","All banks","NLD","Netherlands","2005","2005",119144.782,,
"BC35TD","35. Total regulatory capital","ALL","All banks","NLD","Netherlands","2006","2006",121363,,
"BC35TD","35. Total regulatory capital","ALL","All banks","NLD","Netherlands","2007","2007",133240,,
"BC35TD","35. Total regulatory capital","ALL","All banks","NLD","Netherlands","2008","2008",130246,,
"BC35TD","35. Total regulatory capital","ALL","All banks","NLD","Netherlands","2009","2009",137973,,
"BC35TD","35. Total regulatory capital","ALL","All banks","NZL","New Zealand","2000","2000",8456.42,,
"BC35TD","35. Total regulatory capital","ALL","All banks","NZL","New Zealand","2001","2001",8888.83,,
"BC35TD","35. Total regulatory capital","ALL","All banks","NZL","New Zealand","2002","2002",10015.506,,
"BC35TD","35. Total regulatory capital","ALL","All banks","NZL","New Zealand","2003","2003",10074.452,,
"BC35TD","35. Total regulatory capital","ALL","All banks","NZL","New Zealand","2004","2004",11706.919,,
"BC35TD","35. Total regulatory capital","ALL","All banks","NZL","New Zealand","2005","2005",13533.251,,
"BC35TD","35. Total regulatory capital","ALL","All banks","NZL","New Zealand","2006","2006",17550.364,,
"BC35TD","35. Total regulatory capital","ALL","All banks","NZL","New Zealand","2007","2007",19496.615,,
"BC35TD","35. Total regulatory capital","ALL","All banks","NZL","New Zealand","2008","2008",22863.296,,
"BC35TD","35. Total regulatory capital","ALL","All banks","NZL","New Zealand","2009","2009",24091.839,,
"BC35TD","35. Total regulatory capital","ALL","All banks","NOR","Norway","2000","2000",112873,,
"BC35TD","35. Total regulatory capital","ALL","All banks","NOR","Norway","2001","2001",121770,,
"BC35TD","35. Total regulatory capital","ALL","All banks","NOR","Norway","2002","2002",120949,,
"BC35TD","35. Total regulatory capital","ALL","All banks","NOR","Norway","2003","2003",129142,,
"BC35TD","35. Total regulatory capital","ALL","All banks","NOR","Norway","2004","2004",136856,,
"BC35TD","35. Total regulatory capital","ALL","All banks","NOR","Norway","2005","2005",159146,,
"BC35TD","35. Total regulatory capital","ALL","All banks","NOR","Norway","2006","2006",183617,,
"BC35TD","35. Total regulatory capital","ALL","All banks","NOR","Norway","2007","2007",53706,,
"BC35TD","35. Total regulatory capital","ALL","All banks","NOR","Norway","2008","2008",223810,,
"BC35TD","35. Total regulatory capital","ALL","All banks","NOR","Norway","2009","2009",235144,,
"BC35TD","35. Total regulatory capital","ALL","All banks","POL","Poland","2000","2000",30689,,
"BC35TD","35. Total regulatory capital","ALL","All banks","POL","Poland","2001","2001",37769,,
"BC35TD","35. Total regulatory capital","ALL","All banks","POL","Poland","2002","2002",40558,,
"BC35TD","35. Total regulatory capital","ALL","All banks","POL","Poland","2003","2003",40555,,
"BC35TD","35. Total regulatory capital","ALL","All banks","POL","Poland","2004","2004",42718.7,,
"BC35TD","35. Total regulatory capital","ALL","All banks","POL","Poland","2005","2005",45645.5,,
"BC35TD","35. Total regulatory capital","ALL","All banks","POL","Poland","2006","2006",51216.927,,
"BC35TD","35. Total regulatory capital","ALL","All banks","POL","Poland","2007","2007",61498.915,,
"BC35TD","35. Total regulatory capital","ALL","All banks","POL","Poland","2008","2008",77132.285,,
"BC35TD","35. Total regulatory capital","ALL","All banks","POL","Poland","2009","2009",89823.203,,
"BC35TD","35. Total regulatory capital","ALL","All banks","SVK","Slovak Republic","2000","2000",253.747,,
"BC35TD","35. Total regulatory capital","ALL","All banks","SVK","Slovak Republic","2001","2001",1330.347,,
"BC35TD","35. Total regulatory capital","ALL","All banks","SVK","Slovak Republic","2002","2002",2295.31,,
"BC35TD","35. Total regulatory capital","ALL","All banks","SVK","Slovak Republic","2003","2003",2527.431,,
"BC35TD","35. Total regulatory capital","ALL","All banks","SVK","Slovak Republic","2004","2004",2579.736,,
"BC35TD","35. Total regulatory capital","ALL","All banks","SVK","Slovak Republic","2005","2005",2598.117,,
"BC35TD","35. Total regulatory capital","ALL","All banks","SVK","Slovak Republic","2006","2006",2647.422,,
"BC35TD","35. Total regulatory capital","ALL","All banks","SVK","Slovak Republic","2007","2007",3175.247,,
"BC35TD","35. Total regulatory capital","ALL","All banks","SVK","Slovak Republic","2008","2008",3834.843,,
"BC35TD","35. Total regulatory capital","ALL","All banks","SVK","Slovak Republic","2009","2009",4170.992,,
"BC35TD","35. Total regulatory capital","ALL","All banks","ESP","Spain","2000","2000",94613,,
"BC35TD","35. Total regulatory capital","ALL","All banks","ESP","Spain","2001","2001",109000,,
"BC35TD","35. Total regulatory capital","ALL","All banks","ESP","Spain","2002","2002",110508,,
"BC35TD","35. Total regulatory capital","ALL","All banks","ESP","Spain","2003","2003",121303,,
"BC35TD","35. Total regulatory capital","ALL","All banks","ESP","Spain","2004","2004",152345,,
"BC35TD","35. Total regulatory capital","ALL","All banks","ESP","Spain","2005","2005",184472,,
"BC35TD","35. Total regulatory capital","ALL","All banks","ESP","Spain","2006","2006",209142,,
"BC35TD","35. Total regulatory capital","ALL","All banks","ESP","Spain","2007","2007",223903,,
"BC35TD","35. Total regulatory capital","ALL","All banks","ESP","Spain","2008","2008",231222,,
"BC35TD","35. Total regulatory capital","ALL","All banks","ESP","Spain","2009","2009",251907,,
"BC35TD","35. Total regulatory capital","ALL","All banks","SWE","Sweden","2000","2000",202283,,
"BC35TD","35. Total regulatory capital","ALL","All banks","SWE","Sweden","2001","2001",224331,,
"BC35TD","35. Total regulatory capital","ALL","All banks","SWE","Sweden","2002","2002",209308,,
"BC35TD","35. Total regulatory capital","ALL","All banks","SWE","Sweden","2003","2003",221191,,
"BC35TD","35. Total regulatory capital","ALL","All banks","SWE","Sweden","2004","2004",291687,,
"BC35TD","35. Total regulatory capital","ALL","All banks","SWE","Sweden","2005","2005",337625,,
"BC35TD","35. Total regulatory capital","ALL","All banks","SWE","Sweden","2006","2006",419112,,
"BC35TD","35. Total regulatory capital","ALL","All banks","SWE","Sweden","2007","2007",450855,,
"BC35TD","35. Total regulatory capital","ALL","All banks","SWE","Sweden","2008","2008",532914,,
"BC35TD","35. Total regulatory capital","ALL","All banks","SWE","Sweden","2009","2009",571788,,
"BC35TD","35. Total regulatory capital","ALL","All banks","CHE","Switzerland","2000","2000",123335,,
"BC35TD","35. Total regulatory capital","ALL","All banks","CHE","Switzerland","2001","2001",120766,,
"BC35TD","35. Total regulatory capital","ALL","All banks","CHE","Switzerland","2002","2002",118032,,
"BC35TD","35. Total regulatory capital","ALL","All banks","CHE","Switzerland","2003","2003",114604,,
"BC35TD","35. Total regulatory capital","ALL","All banks","CHE","Switzerland","2004","2004",122050,,
"BC35TD","35. Total regulatory capital","ALL","All banks","CHE","Switzerland","2005","2005",135739,,
"BC35TD","35. Total regulatory capital","ALL","All banks","CHE","Switzerland","2006","2006",153656,,
"BC35TD","35. Total regulatory capital","ALL","All banks","CHE","Switzerland","2007","2007",163948,,
"BC35TD","35. Total regulatory capital","ALL","All banks","CHE","Switzerland","2008","2008",175213,,
"BC35TD","35. Total regulatory capital","ALL","All banks","CHE","Switzerland","2009","2009",170554,,
"BC35TD","35. Total regulatory capital","ALL","All banks","USA","United States","2000","2000",748324.756,,
"BC35TD","35. Total regulatory capital","ALL","All banks","USA","United States","2001","2001",814798.313,,
"BC35TD","35. Total regulatory capital","ALL","All banks","USA","United States","2002","2002",861162.804,,
"BC35TD","35. Total regulatory capital","ALL","All banks","USA","United States","2003","2003",912667.768,,
"BC35TD","35. Total regulatory capital","ALL","All banks","USA","United States","2004","2004",1000345.688,,
"BC35TD","35. Total regulatory capital","ALL","All banks","USA","United States","2005","2005",1093796.601,,
"BC35TD","35. Total regulatory capital","ALL","All banks","USA","United States","2006","2006",1212781.472,,
"BC35TD","35. Total regulatory capital","ALL","All banks","USA","United States","2007","2007",1320162.876,,
"BC35TD","35. Total regulatory capital","ALL","All banks","USA","United States","2008","2008",1371810.665,,
"BC35TD","35. Total regulatory capital","ALL","All banks","USA","United States","2009","2009",1456710.296,,
"BC35TD","35. Total regulatory capital","ALL","All banks","CHL","Chile","2000","2000",3665687,,
"BC35TD","35. Total regulatory capital","ALL","All banks","CHL","Chile","2001","2001",3825752,,
"BC35TD","35. Total regulatory capital","ALL","All banks","CHL","Chile","2002","2002",4490676.211,,
"BC35TD","35. Total regulatory capital","ALL","All banks","CHL","Chile","2003","2003",4632164.1,,
"BC35TD","35. Total regulatory capital","ALL","All banks","CHL","Chile","2004","2004",5106148.506,,
"BC35TD","35. Total regulatory capital","ALL","All banks","CHL","Chile","2005","2005",5658623.163,,
"BC35TD","35. Total regulatory capital","ALL","All banks","CHL","Chile","2006","2006",6495089.83,,
"BC35TD","35. Total regulatory capital","ALL","All banks","CHL","Chile","2007","2007",7731560.634,,
"BC35TD","35. Total regulatory capital","ALL","All banks","CHL","Chile","2008","2008",9715767.349,,
"BC35TD","35. Total regulatory capital","ALL","All banks","CHL","Chile","2009","2009",10556336.354,,
"BC35TD","35. Total regulatory capital","ALL","All banks","EST","Estonia","2000","2000",351.535,,
"BC35TD","35. Total regulatory capital","ALL","All banks","EST","Estonia","2001","2001",456.384,,
"BC35TD","35. Total regulatory capital","ALL","All banks","EST","Estonia","2002","2002",616.738,,
"BC35TD","35. Total regulatory capital","ALL","All banks","EST","Estonia","2003","2003",676.693,,
"BC35TD","35. Total regulatory capital","ALL","All banks","EST","Estonia","2004","2004",791.129,,
"BC35TD","35. Total regulatory capital","ALL","All banks","EST","Estonia","2005","2005",922.978,,
"BC35TD","35. Total regulatory capital","ALL","All banks","EST","Estonia","2006","2006",1543.379,,
"BC35TD","35. Total regulatory capital","ALL","All banks","EST","Estonia","2007","2007",2258.682,,
"BC35TD","35. Total regulatory capital","ALL","All banks","EST","Estonia","2008","2008",2230.023,,
"BC35TD","35. Total regulatory capital","ALL","All banks","EST","Estonia","2009","2009",2472.2,,
"BC35TD","35. Total regulatory capital","ALL","All banks","ISR","Israel","2000","2000",51889.156,,
"BC35TD","35. Total regulatory capital","ALL","All banks","ISR","Israel","2001","2001",58995.421,,
"BC35TD","35. Total regulatory capital","ALL","All banks","ISR","Israel","2005","2005",76793.59,,
"BC35TD","35. Total regulatory capital","ALL","All banks","ISR","Israel","2006","2006",81608.916,,
"BC35TD","35. Total regulatory capital","ALL","All banks","ISR","Israel","2007","2007",91183.347,,
"BC35TD","35. Total regulatory capital","ALL","All banks","ISR","Israel","2008","2008",93678.344,,
"BC35TD","35. Total regulatory capital","ALL","All banks","ISR","Israel","2009","2009",115379.705,,
"BC35TD","35. Total regulatory capital","ALL","All banks","RUS","Russia","2004","2004",946589.097,,
"BC35TD","35. Total regulatory capital","ALL","All banks","RUS","Russia","2005","2005",1241786.314,,
"BC35TD","35. Total regulatory capital","ALL","All banks","RUS","Russia","2006","2006",1692713.898,,
"BC35TD","35. Total regulatory capital","ALL","All banks","RUS","Russia","2007","2007",2671534.636,,
"BC35TD","35. Total regulatory capital","ALL","All banks","RUS","Russia","2008","2008",3811085.68,,
"BC35TD","35. Total regulatory capital","ALL","All banks","RUS","Russia","2009","2009",4620577.008,,
"BC35TD","35. Total regulatory capital","ALL","All banks","SVN","Slovenia","2002","2002",1535.574,,
"BC35TD","35. Total regulatory capital","ALL","All banks","SVN","Slovenia","2003","2003",1729.842,,
"BC35TD","35. Total regulatory capital","ALL","All banks","SVN","Slovenia","2004","2004",1963.247,,
"BC35TD","35. Total regulatory capital","ALL","All banks","SVN","Slovenia","2005","2005",2240.604,,
"BC35TD","35. Total regulatory capital","ALL","All banks","SVN","Slovenia","2006","2006",2895.191,,
"BC35TD","35. Total regulatory capital","ALL","All banks","SVN","Slovenia","2007","2007",3949.786,,
"BC35TD","35. Total regulatory capital","ALL","All banks","SVN","Slovenia","2008","2008",5076.766,,
"BC35TD","35. Total regulatory capital","ALL","All banks","SVN","Slovenia","2009","2009",5215.548,,
"BC36TE","36. Risk-weighted assets","ALL","All banks","AUT","Austria","2000","2000",240599,,
"BC36TE","36. Risk-weighted assets","ALL","All banks","AUT","Austria","2001","2001",260778,,
"BC36TE","36. Risk-weighted assets","ALL","All banks","AUT","Austria","2002","2002",262341,,
"BC36TE","36. Risk-weighted assets","ALL","All banks","AUT","Austria","2003","2003",270159,,
"BC36TE","36. Risk-weighted assets","ALL","All banks","AUT","Austria","2004","2004",285892,,
"BC36TE","36. Risk-weighted assets","ALL","All banks","AUT","Austria","2005","2005",317139,,
"BC36TE","36. Risk-weighted assets","ALL","All banks","AUT","Austria","2006","2006",350760,,
"BC36TE","36. Risk-weighted assets","ALL","All banks","AUT","Austria","2007","2007",436488,,
"BC36TE","36. Risk-weighted assets","ALL","All banks","AUT","Austria","2008","2008",454725,,
"BC36TE","36. Risk-weighted assets","ALL","All banks","BEL","Belgium","2000","2000",219407.6,,
"BC36TE","36. Risk-weighted assets","ALL","All banks","BEL","Belgium","2001","2001",215499.475,,
"BC36TE","36. Risk-weighted assets","ALL","All banks","BEL","Belgium","2002","2002",202112.4,,
"BC36TE","36. Risk-weighted assets","ALL","All banks","BEL","Belgium","2003","2003",214166.825,,
"BC36TE","36. Risk-weighted assets","ALL","All banks","BEL","Belgium","2004","2004",226280.863,,
"BC36TE","36. Risk-weighted assets","ALL","All banks","BEL","Belgium","2005","2005",250361.425,,
"BC36TE","36. Risk-weighted assets","ALL","All banks","BEL","Belgium","2006","2006",299730.625,,
"BC36TE","36. Risk-weighted assets","ALL","All banks","BEL","Belgium","2007","2007",405853.088,,
"BC36TE","36. Risk-weighted assets","ALL","All banks","BEL","Belgium","2008","2008",332159.85,,
"BC36TE","36. Risk-weighted assets","ALL","All banks","BEL","Belgium","2009","2009",311410.725,,
"BC36TE","36. Risk-weighted assets","ALL","All banks","CZE","Czech Republic","2000","2000",774369.02,,
"BC36TE","36. Risk-weighted assets","ALL","All banks","CZE","Czech Republic","2001","2001",791540.39,,
"BC36TE","36. Risk-weighted assets","ALL","All banks","IRL","Ireland","2000","2000",193557.5,,
"BC36TE","36. Risk-weighted assets","ALL","All banks","IRL","Ireland","2001","2001",231386.5,,
"BC36TE","36. Risk-weighted assets","ALL","All banks","IRL","Ireland","2002","2002",191070,,
"BC36TE","36. Risk-weighted assets","ALL","All banks","IRL","Ireland","2003","2003",220125,,
"BC36TE","36. Risk-weighted assets","ALL","All banks","IRL","Ireland","2004","2004",308181,,
"BC36TE","36. Risk-weighted assets","ALL","All banks","IRL","Ireland","2005","2005",404518.937,,
"BC36TE","36. Risk-weighted assets","ALL","All banks","IRL","Ireland","2006","2006",493382.601,,
"BC36TE","36. Risk-weighted assets","ALL","All banks","IRL","Ireland","2007","2007",566830.189,,
"BC36TE","36. Risk-weighted assets","ALL","All banks","IRL","Ireland","2008","2008",642336.513,,
"BC36TE","36. Risk-weighted assets","ALL","All banks","IRL","Ireland","2009","2009",607521.95,,
"BC36TE","36. Risk-weighted assets","ALL","All banks","ITA","Italy","2000","2000",1181523,,
"BC36TE","36. Risk-weighted assets","ALL","All banks","ITA","Italy","2001","2001",1226808,,
"BC36TE","36. Risk-weighted assets","ALL","All banks","ITA","Italy","2002","2002",1234749,,
"BC36TE","36. Risk-weighted assets","ALL","All banks","ITA","Italy","2003","2003",1279122,,
"BC36TE","36. Risk-weighted assets","ALL","All banks","ITA","Italy","2004","2004",1336484,,
"BC36TE","36. Risk-weighted assets","ALL","All banks","ITA","Italy","2005","2005",1516637,,
"BC36TE","36. Risk-weighted assets","ALL","All banks","ITA","Italy","2006","2006",1661956,,
"BC36TE","36. Risk-weighted assets","ALL","All banks","ITA","Italy","2007","2007",1835226,,
"BC36TE","36. Risk-weighted assets","ALL","All banks","ITA","Italy","2008","2008",1912332,,
"BC36TE","36. Risk-weighted assets","ALL","All banks","ITA","Italy","2009","2009",1826701,,
"BC36TE","36. Risk-weighted assets","ALL","All banks","KOR","Korea","2000","2000",396406000,,
"BC36TE","36. Risk-weighted assets","ALL","All banks","KOR","Korea","2001","2001",452762000,,
"BC36TE","36. Risk-weighted assets","ALL","All banks","KOR","Korea","2002","2002",546122000,,
"BC36TE","36. Risk-weighted assets","ALL","All banks","KOR","Korea","2003","2003",586412000,,
"BC36TE","36. Risk-weighted assets","ALL","All banks","KOR","Korea","2004","2004",658778589.634,,
"BC36TE","36. Risk-weighted assets","ALL","All banks","KOR","Korea","2005","2005",726915809.02,,
"BC36TE","36. Risk-weighted assets","ALL","All banks","KOR","Korea","2006","2006",857794211.171,,
"BC36TE","36. Risk-weighted assets","ALL","All banks","KOR","Korea","2007","2007",994619998.437,,
"BC36TE","36. Risk-weighted assets","ALL","All banks","KOR","Korea","2008","2008",1089878235.77,,
"BC36TE","36. Risk-weighted assets","ALL","All banks","KOR","Korea","2009","2009",1036506276.545,,
"BC36TE","36. Risk-weighted assets","ALL","All banks","MEX","Mexico","2000","2000",1062853.341,,
"BC36TE","36. Risk-weighted assets","ALL","All banks","MEX","Mexico","2001","2001",1084338.574,,
"BC36TE","36. Risk-weighted assets","ALL","All banks","MEX","Mexico","2002","2002",1222041.5,,
"BC36TE","36. Risk-weighted assets","ALL","All banks","MEX","Mexico","2003","2003",1491818.098,,
"BC36TE","36. Risk-weighted assets","ALL","All banks","MEX","Mexico","2004","2004",1711184.286,,
"BC36TE","36. Risk-weighted assets","ALL","All banks","MEX","Mexico","2005","2005",2095842.831,,
"BC36TE","36. Risk-weighted assets","ALL","All banks","MEX","Mexico","2006","2006",2370515.081,,
"BC36TE","36. Risk-weighted assets","ALL","All banks","MEX","Mexico","2007","2007",2952472.596,,
"BC36TE","36. Risk-weighted assets","ALL","All banks","MEX","Mexico","2008","2008",3446813.209,,
"BC36TE","36. Risk-weighted assets","ALL","All banks","MEX","Mexico","2009","2009",3589583.371,,
"BC36TE","36. Risk-weighted assets","ALL","All banks","NLD","Netherlands","2000","2000",722843.706,,
"BC36TE","36. Risk-weighted assets","ALL","All banks","NLD","Netherlands","2001","2001",833532.125,,
"BC36TE","36. Risk-weighted assets","ALL","All banks","NLD","Netherlands","2002","2002",800391.925,,
"BC36TE","36. Risk-weighted assets","ALL","All banks","NLD","Netherlands","2003","2003",830029.2,,
"BC36TE","36. Risk-weighted assets","ALL","All banks","NLD","Netherlands","2004","2004",898591.8,,
"BC36TE","36. Risk-weighted assets","ALL","All banks","NLD","Netherlands","2005","2005",1037410.363,,
"BC36TE","36. Risk-weighted assets","ALL","All banks","NLD","Netherlands","2006","2006",1111552,,
"BC36TE","36. Risk-weighted assets","ALL","All banks","NLD","Netherlands","2007","2007",1507446,,
"BC36TE","36. Risk-weighted assets","ALL","All banks","NLD","Netherlands","2008","2008",1088919,,
"BC36TE","36. Risk-weighted assets","ALL","All banks","NLD","Netherlands","2009","2009",922319,,
"BC36TE","36. Risk-weighted assets","ALL","All banks","NZL","New Zealand","2000","2000",75198.38,,
"BC36TE","36. Risk-weighted assets","ALL","All banks","NZL","New Zealand","2001","2001",82369.11,,
"BC36TE","36. Risk-weighted assets","ALL","All banks","NZL","New Zealand","2002","2002",90385.191,,
"BC36TE","36. Risk-weighted assets","ALL","All banks","NZL","New Zealand","2003","2003",97827.5,,
"BC36TE","36. Risk-weighted assets","ALL","All banks","NZL","New Zealand","2004","2004",108037.7,,
"BC36TE","36. Risk-weighted assets","ALL","All banks","NZL","New Zealand","2005","2005",124056.12,,
"BC36TE","36. Risk-weighted assets","ALL","All banks","NZL","New Zealand","2006","2006",164521.395,,
"BC36TE","36. Risk-weighted assets","ALL","All banks","NZL","New Zealand","2007","2007",186015.686,,
"BC36TE","36. Risk-weighted assets","ALL","All banks","NZL","New Zealand","2008","2008",202191.325,,
"BC36TE","36. Risk-weighted assets","ALL","All banks","NZL","New Zealand","2009","2009",191127.084,,
"BC36TE","36. Risk-weighted assets","ALL","All banks","NOR","Norway","2000","2000",931145,,
"BC36TE","36. Risk-weighted assets","ALL","All banks","NOR","Norway","2001","2001",967188,,
"BC36TE","36. Risk-weighted assets","ALL","All banks","NOR","Norway","2002","2002",1005338,,
"BC36TE","36. Risk-weighted assets","ALL","All banks","NOR","Norway","2003","2003",1045051,,
"BC36TE","36. Risk-weighted assets","ALL","All banks","NOR","Norway","2004","2004",1125164,,
"BC36TE","36. Risk-weighted assets","ALL","All banks","NOR","Norway","2005","2005",1337937,,
"BC36TE","36. Risk-weighted assets","ALL","All banks","NOR","Norway","2006","2006",1637694,,
"BC36TE","36. Risk-weighted assets","ALL","All banks","NOR","Norway","2007","2007",394864,,
"BC36TE","36. Risk-weighted assets","ALL","All banks","NOR","Norway","2008","2008",1993217,,
"BC36TE","36. Risk-weighted assets","ALL","All banks","NOR","Norway","2009","2009",1802198,,
"BC36TE","36. Risk-weighted assets","ALL","All banks","POL","Poland","2000","2000",237237,,
"BC36TE","36. Risk-weighted assets","ALL","All banks","POL","Poland","2001","2001",251079,,
"BC36TE","36. Risk-weighted assets","ALL","All banks","POL","Poland","2002","2002",293956,,
"BC36TE","36. Risk-weighted assets","ALL","All banks","POL","Poland","2003","2003",294300,,
"BC36TE","36. Risk-weighted assets","ALL","All banks","POL","Poland","2004","2004",278988,,
"BC36TE","36. Risk-weighted assets","ALL","All banks","POL","Poland","2005","2005",316634.1,,
"BC36TE","36. Risk-weighted assets","ALL","All banks","POL","Poland","2006","2006",389386.825,,
"BC36TE","36. Risk-weighted assets","ALL","All banks","POL","Poland","2007","2007",509059.863,,
"BC36TE","36. Risk-weighted assets","ALL","All banks","POL","Poland","2008","2008",606698.343,,
"BC36TE","36. Risk-weighted assets","ALL","All banks","POL","Poland","2009","2009",590746.548,,
"BC36TE","36. Risk-weighted assets","ALL","All banks","SVK","Slovak Republic","2000","2000",10424.924,,
"BC36TE","36. Risk-weighted assets","ALL","All banks","SVK","Slovak Republic","2001","2001",9951.252,,
"BC36TE","36. Risk-weighted assets","ALL","All banks","SVK","Slovak Republic","2002","2002",10773.913,,
"BC36TE","36. Risk-weighted assets","ALL","All banks","SVK","Slovak Republic","2003","2003",11274.034,,
"BC36TE","36. Risk-weighted assets","ALL","All banks","SVK","Slovak Republic","2004","2004",13805.972,,
"BC36TE","36. Risk-weighted assets","ALL","All banks","SVK","Slovak Republic","2005","2005",17563.863,,
"BC36TE","36. Risk-weighted assets","ALL","All banks","SVK","Slovak Republic","2006","2006",20390.519,,
"BC36TE","36. Risk-weighted assets","ALL","All banks","SVK","Slovak Republic","2007","2007",23679.169,,
"BC36TE","36. Risk-weighted assets","ALL","All banks","SVK","Slovak Republic","2008","2008",34594.515,,
"BC36TE","36. Risk-weighted assets","ALL","All banks","SVK","Slovak Republic","2009","2009",33299.967,,
"BC36TE","36. Risk-weighted assets","ALL","All banks","ESP","Spain","2000","2000",813022,,
"BC36TE","36. Risk-weighted assets","ALL","All banks","ESP","Spain","2001","2001",891792,,
"BC36TE","36. Risk-weighted assets","ALL","All banks","ESP","Spain","2002","2002",903751,,
"BC36TE","36. Risk-weighted assets","ALL","All banks","ESP","Spain","2003","2003",1005370,,
"BC36TE","36. Risk-weighted assets","ALL","All banks","ESP","Spain","2004","2004",1212748,,
"BC36TE","36. Risk-weighted assets","ALL","All banks","ESP","Spain","2005","2005",1445286,,
"BC36TE","36. Risk-weighted assets","ALL","All banks","ESP","Spain","2006","2006",1853710,,
"BC36TE","36. Risk-weighted assets","ALL","All banks","ESP","Spain","2007","2007",2091371,,
"BC36TE","36. Risk-weighted assets","ALL","All banks","ESP","Spain","2008","2008",2051378,,
"BC36TE","36. Risk-weighted assets","ALL","All banks","ESP","Spain","2009","2009",2064370,,
"BC36TE","36. Risk-weighted assets","ALL","All banks","SWE","Sweden","2000","2000",1109288,,
"BC36TE","36. Risk-weighted assets","ALL","All banks","SWE","Sweden","2001","2001",1209505,,
"BC36TE","36. Risk-weighted assets","ALL","All banks","SWE","Sweden","2002","2002",1201261,,
"BC36TE","36. Risk-weighted assets","ALL","All banks","SWE","Sweden","2003","2003",1172786,,
"BC36TE","36. Risk-weighted assets","ALL","All banks","SWE","Sweden","2004","2004",1225403,,
"BC36TE","36. Risk-weighted assets","ALL","All banks","SWE","Sweden","2005","2005",1445143,,
"BC36TE","36. Risk-weighted assets","ALL","All banks","SWE","Sweden","2006","2006",1653984,,
"BC36TE","36. Risk-weighted assets","ALL","All banks","SWE","Sweden","2007","2007",2320438,,
"BC36TE","36. Risk-weighted assets","ALL","All banks","SWE","Sweden","2008","2008",2904853,,
"BC36TE","36. Risk-weighted assets","ALL","All banks","SWE","Sweden","2009","2009",2683030,,
"BC36TE","36. Risk-weighted assets","ALL","All banks","CHE","Switzerland","2000","2000",972807,,
"BC36TE","36. Risk-weighted assets","ALL","All banks","CHE","Switzerland","2001","2001",1020729,,
"BC36TE","36. Risk-weighted assets","ALL","All banks","CHE","Switzerland","2002","2002",971168,,
"BC36TE","36. Risk-weighted assets","ALL","All banks","CHE","Switzerland","2003","2003",1026012,,
"BC36TE","36. Risk-weighted assets","ALL","All banks","CHE","Switzerland","2004","2004",1109026,,
"BC36TE","36. Risk-weighted assets","ALL","All banks","CHE","Switzerland","2005","2005",1304044,,
"BC36TE","36. Risk-weighted assets","ALL","All banks","CHE","Switzerland","2006","2006",1368131,,
"BC36TE","36. Risk-weighted assets","ALL","All banks","CHE","Switzerland","2008","2008",1172627,,
"BC36TE","36. Risk-weighted assets","ALL","All banks","CHE","Switzerland","2009","2009",955129,,
"BC36TE","36. Risk-weighted assets","ALL","All banks","CHL","Chile","2000","2000",27486383,,
"BC36TE","36. Risk-weighted assets","ALL","All banks","CHL","Chile","2001","2001",30044726,,
"BC36TE","36. Risk-weighted assets","ALL","All banks","CHL","Chile","2002","2002",32049346.239,,
"BC36TE","36. Risk-weighted assets","ALL","All banks","CHL","Chile","2003","2003",32935937.606,,
"BC36TE","36. Risk-weighted assets","ALL","All banks","CHL","Chile","2004","2004",37693083.208,,
"BC36TE","36. Risk-weighted assets","ALL","All banks","CHL","Chile","2005","2005",43695210.971,,
"BC36TE","36. Risk-weighted assets","ALL","All banks","CHL","Chile","2006","2006",51812698.539,,
"BC36TE","36. Risk-weighted assets","ALL","All banks","CHL","Chile","2007","2007",63475800.435,,
"BC36TE","36. Risk-weighted assets","ALL","All banks","CHL","Chile","2008","2008",77564695.143,,
"BC36TE","36. Risk-weighted assets","ALL","All banks","CHL","Chile","2009","2009",73622259.183,,
"BC36TE","36. Risk-weighted assets","ALL","All banks","EST","Estonia","2000","2000",0,,
"BC36TE","36. Risk-weighted assets","ALL","All banks","EST","Estonia","2001","2001",0,,
"BC36TE","36. Risk-weighted assets","ALL","All banks","EST","Estonia","2002","2002",0,,
"BC36TE","36. Risk-weighted assets","ALL","All banks","EST","Estonia","2003","2003",0,,
"BC36TE","36. Risk-weighted assets","ALL","All banks","EST","Estonia","2004","2004",0,,
"BC36TE","36. Risk-weighted assets","ALL","All banks","EST","Estonia","2005","2005",0,,
"BC36TE","36. Risk-weighted assets","ALL","All banks","EST","Estonia","2006","2006",0,,
"BC36TE","36. Risk-weighted assets","ALL","All banks","EST","Estonia","2007","2007",0,,
"BC36TE","36. Risk-weighted assets","ALL","All banks","EST","Estonia","2008","2008",11825.113,,
"BC36TE","36. Risk-weighted assets","ALL","All banks","EST","Estonia","2009","2009",1107.915,,
"BC36TE","36. Risk-weighted assets","ALL","All banks","ISR","Israel","2000","2000",0,,
"BC36TE","36. Risk-weighted assets","ALL","All banks","ISR","Israel","2001","2001",0,,
"BC36TE","36. Risk-weighted assets","ALL","All banks","ISR","Israel","2005","2005",725001.54,,
"BC36TE","36. Risk-weighted assets","ALL","All banks","ISR","Israel","2006","2006",760526.587,,
"BC36TE","36. Risk-weighted assets","ALL","All banks","ISR","Israel","2007","2007",836225.433,,
"BC36TE","36. Risk-weighted assets","ALL","All banks","ISR","Israel","2008","2008",910523.666,,
"BC36TE","36. Risk-weighted assets","ALL","All banks","ISR","Israel","2009","2009",844424.999,,
"BC36TE","36. Risk-weighted assets","ALL","All banks","RUS","Russia","2004","2004",5563476.621,,
"BC36TE","36. Risk-weighted assets","ALL","All banks","RUS","Russia","2005","2005",7764140.516,,
"BC36TE","36. Risk-weighted assets","ALL","All banks","RUS","Russia","2006","2006",11349382.599,,
"BC36TE","36. Risk-weighted assets","ALL","All banks","RUS","Russia","2007","2007",17244661.238,,
"BC36TE","36. Risk-weighted assets","ALL","All banks","RUS","Russia","2008","2008",22691198.942,,
"BC36TE","36. Risk-weighted assets","ALL","All banks","RUS","Russia","2009","2009",22145014.75,,
"BC36TE","36. Risk-weighted assets","ALL","All banks","SVN","Slovenia","2002","2002",12913.775,,
"BC36TE","36. Risk-weighted assets","ALL","All banks","SVN","Slovenia","2003","2003",14555.969,,
"BC36TE","36. Risk-weighted assets","ALL","All banks","SVN","Slovenia","2004","2004",17685.234,,
"BC36TE","36. Risk-weighted assets","ALL","All banks","SVN","Slovenia","2005","2005",22506.894,,
"BC36TE","36. Risk-weighted assets","ALL","All banks","SVN","Slovenia","2006","2006",26867.635,,
"BC36TE","36. Risk-weighted assets","ALL","All banks","SVN","Slovenia","2007","2007",37384.215,,
"BC36TE","36. Risk-weighted assets","ALL","All banks","SVN","Slovenia","2008","2008",3478.942,,
"BC36TE","36. Risk-weighted assets","ALL","All banks","SVN","Slovenia","2009","2009",3572.616,,
