"NAICS2012Code","NAICS2012Part","ISIC4Code","ISIC4Part","Detail"
"111110",0,"0111",-1,
"111120",0,"0111",-1,
"111130",0,"0111",-1,
"111140",0,"0111",-1,
"111150",0,"0111",-1,
"111160",0,"0112",0,
"111191",0,"0111",-1,
"111199",0,"0111",-1,
"111211",0,"0113",-1,
"111219",-1,"0113",-1,"except kale, mangold wurzel, and pepper farming"
"111219",-1,"0119",-1,"kale, mangold wurzel, etc. farming"
"111219",-1,"0128",-1,"pepper farming (e.g., bell, chili, red, green)"
"111310",0,"0123",-1,
"111320",0,"0123",-1,
"111331",0,"0124",-1,
"111332",0,"0121",0,
"111333",0,"0125",-1,
"111334",0,"0125",-1,
"111335",-1,"0125",-1,"except nuts used chiefly for oil extraction"
"111335",-1,"0126",-1,"nuts used chiefly for oil extraction including tung nuts"
"111336",0,"012",-1,"Link to ISIC group level - combination fruit and tree nut farming"
"111339",-1,"0122",-1,"banana and other tropical or subtropical fruit farming"
"111339",-1,"0124",-1,"growing of apricots, peaches, cherries and other stone or pome fruits"
"111339",-1,"0125",-1,"other noncitrus fruit seed growing"
"111339",-1,"0126",-1,"growing of olives and coconuts and other oleaginous fruits"
"111339",-1,"0127",-1,"growing coffee"
"111411",0,"0113",-1,
"111419",-1,"0113",-1,"growing melons, vegetables, etc. under cover"
"111419",-1,"0122",-1,"tropical and subtropical fruit grown under cover"
"111419",-1,"0128",-1,"herbs and ginseng grown under cover"
"111419",-1,"0322",-1,"seaweed grown under cover"
"111421",-1,"0129",-1,"short rotation tree farming (such as Christmas trees)"
"111421",-1,"0130",0,"except short rotation tree farming (such as Christmas tree farms)"
"111422",0,"0119",-1,
"111910",0,"0115",0,
"111920",0,"0116",-1,
"111930",0,"0114",0,
"111940",0,"0119",-1,
"111991",0,"0113",-1,
"111992",0,"0111",-1,
"111998",-1,"0111",-1,"field crops, n.e.c.; and combinations of grains, cereal crops, and other similar crops"
"111998",-1,"0116",-1,"sisal, abaca, and other textile fibers"
"111998",-1,"012",-1,"ISIC group level link - combinations of fruit, nut, beverage and spice crops, based on primary"
"111998",-1,"0127",-1,"tea and mate growing"
"111998",-1,"0128",-1,"spice crop production"
"111998",-1,"0129",-1,"natural rubber latex; growing maple trees for the harvest of maple sap"
"111998",-1,"0150",-1,"combinations of crops, livestock, and animal specialties (primarily but less than 66% crops)"
"111998",-1,"0230",-1,"gathering maple sap in the wild"
"111998",-1,"1072",-1,"maple sugars and syrups produced in a separate central facility"
"112111",0,"0141",-1,
"112112",0,"0141",-1,
"112120",0,"0141",-1,
"112130",0,"0141",-1,"null set for U.S."
"112210",0,"0145",0,
"112310",0,"0146",-1,
"112320",0,"0146",-1,
"112330",0,"0146",-1,
"112340",0,"0146",-1,
"112390",-1,"0146",-1,"except emu, ostriches"
"112390",-1,"0149",-1,"emu, ostriches"
"112410",0,"0144",-1,
"112420",0,"0144",-1,
"112511",-1,"0321",-1,"saltwater finfish farming and hatcheries"
"112511",-1,"0322",-1,"freshwater finfish farming and hatcheries"
"112512",-1,"0321",-1,"saltwater shellfish farming including production of cultured pearls"
"112512",-1,"0322",-1,"freshwater shellfish farming"
"112519",-1,"0321",-1,"saltwater alligator, frog, algae, seaweed, turtle, worm, snake, and other animal aquaculture n.e.c."
"112519",-1,"0322",-1,"freshwater alligator, frog, algae, seaweed, turtle, worm, snake and other animal aquaculture n.e.c."
"112910",0,"0149",-1,
"112920",0,"0142",0,
"112930",0,"0149",-1,
"112990",-1,"014",0,"ISIC group level link - other general livestock farms including combinations of animals, such as horses, asses, mules, cattle, sheep and goats"
"112990",-1,"0143",0,
"112990",-1,"0149",-1,"other animal farms including cats, crickets and other insects, dogs, pet birds"
"112990",-1,"0150",-1,"combinations of crops, livestock, and animal specialties (primarily but less than 66% livestock)"
"113110",0,"0210",-1,"operating timber tracts"
"113210",-1,"0210",-1,"except gathering forest products in the wild"
"113210",-1,"0230",-1,"gathering forest products in the wild"
"113310",-1,"0220",0,"except separate log hauling in the forest and production of wood chips in the forest"
"113310",-1,"0240",-1,"separate log hauling in the forest without logging"
"113310",-1,"1610",-1,"production of wood chips in the forest, portable chipper mills"
"114111",-1,"0311",-1,"marine finfish fishing"
"114111",-1,"0312",-1,"freshwater finfish fishing"
"114112",-1,"0311",-1,"marine shellfish fishing"
"114112",-1,"0312",-1,"freshwater shellfish fishing"
"114119",-1,"0311",-1,"saltwater seaweed gathering, sponge gathering, and catching turtles and frogs in the wild"
"114119",-1,"0312",-1,"freshwater seaweed gathering, sponge gathering, and catching turtles and frogs in the wild"
"114210",0,"0170",0,
"115111",0,"0163",-1,
"115112",0,"0161",-1,
"115113",0,"0161",-1,
"115114",-1,"0163",-1,"except seed processing"
"115114",-1,"0164",0,"seed processing"
"115115",0,"0161",-1,
"115116",-1,"0161",-1,"crop farm management services - running a farm on a contract or fee basis"
"115116",-1,"0162",-1,"animal farm management services - running a farm on a contract or fee basis"
"115210",-1,"0162",-1,"except vaccinating livestock not performed by veterinarians"
"115210",-1,"7500",-1,"vaccinating livestock not performed by veterinarians"
"115310",0,"0240",-1,
"211111",-1,"0510",-1,"liquefying and extracting coal"
"211111",-1,"0610",0,"extraction of crude petroleum"
"211111",-1,"0620",-1,"extraction of natural gas"
"211112",0,"0620",-1,
"212111",0,"0520",-1,
"212112",0,"0520",-1,
"212113",0,"0510",-1,
"212210",0,"0710",0,
"212221",0,"0729",-1,
"212222",0,"0729",-1,
"212231",0,"0729",-1,
"212234",0,"0729",-1,
"212291",-1,"0721",-1,"uranium and radium mining and/or beneficiating"
"212291",-1,"0729",-1,"vanadium mining and/or beneficiating"
"212299",-1,"0721",-1,"thorium mining and/or beneficiating"
"212299",-1,"0729",-1,"except thorium mining and/or beneficiating"
"212311",0,"0810",-1,"mining or quarrying slate"
"212312",-1,"0810",-1,"except quarrying or mining marl"
"212312",-1,"0891",-1,"quarrying or mining marl"
"212313",0,"0810",-1,
"212319",0,"0810",-1,
"212321",0,"0810",-1,
"212322",0,"0810",-1,
"212324",0,"0810",-1,
"212325",-1,"0810",-1,"except non-clay ceramic and refractory minerals"
"212325",-1,"0899",-1,"ceramic and refractory minerals except clays and bentonite (for example fullers earth, feldspar, and magnesite)"
"212391",0,"0891",-1,
"212392",0,"0891",-1,
"212393",-1,"0891",-1,"except salt extraction or evaporation of brine to obtain salt"
"212393",-1,"0893",-1,"salt extraction or evaporation of brine to obtain salt"
"212399",-1,"0810",-1,"other crushed stone including anhydrite, pulpstone, millstone, grindstone, gypsum, alabaster and pulpstone"
"212399",-1,"0892",0,"peat mining, digging or beneficiating in combination with mining"
"212399",-1,"0899",-1,"quarrying or mining abrasives, bitumins, natural asphalt, gem stones, mica, graphite, and other nonmetallic minerals n.e.c.."
"213111",0,"0910",-1,
"213112",0,"0910",-1,
"213113",-1,"0990",-1,"except overburden removal for coal mining"
"213113",-1,"4312",-1,"overburden removal for coal mining"
"213114",-1,"0990",-1,"except overburden removal for metal mining"
"213114",-1,"4312",-1,"overburden removal for ferrous metal mining, performed on a contract or fee basis"
"213115",-1,"0990",-1,"except overburden removal for nonmetallic mineral mining"
"213115",-1,"4312",-1,"overburden removal for nonmetallic mining, performed on a contract or fee basis"
"221111",0,"3510",-1,
"221112",0,"3510",-1,
"221113",0,"3510",-1,
"221114",0,"3510",-1,
"221115",0,"3510",-1,
"221116",0,"3510",-1,
"221117",0,"3510",-1,
"221118",0,"3510",-1,"except solar, wind, geothermal, and biomass electric power generation"
"221121",0,"3510",-1,
"221122",0,"3510",-1,
"221210",0,"3520",0,
"221310",-1,"3600",0,"except long distance water pipelines"
"221310",-1,"4930",-1,"water pipelines (long distance)"
"221320",0,"3700",-1,
"221330",0,"3530",-1,
"236115",0,"4100",-1,
"236116",0,"4100",-1,
"236117",0,"4100",-1,
"236118",0,"4100",-1,
"236210",-1,"4100",-1,"except chemical plant and industrial oven construction"
"236210",-1,"4290",-1,"chemical plant construction"
"236210",-1,"4390",-1,"industrial oven construction"
"236220",-1,"4100",-1,"except stadium construction"
"236220",-1,"4290",-1,"stadium construction"
"237110",0,"4220",-1,
"237120",-1,"4220",-1,"except refinery construction"
"237120",-1,"4290",-1,"refinery construction"
"237130",0,"4220",-1,
"237210",0,"4290",-1,
"237310",-1,"4210",-1,"except traffic signaling and highway lighting installation contractors"
"237310",-1,"4321",-1,"traffic signaling and lighting installation contractors (if they are specialized in this activity only)"
"237990",-1,"4210",-1,"construction of tunnels, subways, and railroads"
"237990",-1,"4220",-1,"construction of hydroelectric generating facilities"
"237990",-1,"4290",-1,"marine construction projects, ski lift construction, outdoor recreational facility construction including athletic fields, golf courses, playgrounds, tennis courts, and similar"
"237990",-1,"4312",-1,"microtunneling (horizontal drilling to install cables, conduit, drains, and similar), drainage projects (such as urban storm water runoff control systems), soil stabilization using anchored earth procedures"
"238110",0,"4390",-1,
"238120",0,"4390",-1,
"238130",0,"4390",-1,
"238140",-1,"4330",-1,"glass block and stucco installation contractors"
"238140",-1,"4390",-1,"except glass block and stucco installation contractors"
"238150",0,"4330",-1,
"238160",0,"4390",-1,
"238170",0,"4390",-1,
"238190",0,"4390",-1,"except building fireproofing contractors"
"238210",0,"4321",-1,
"238220",-1,"3320",-1,"industrial furnace and power boiler installation"
"238220",-1,"4322",0,"except boiler chipping, cleaning, and scaling; industrial furnace and power boiler installation; chimney liner installation"
"238220",-1,"4390",-1,"chimney liner installation"
"238220",-1,"8129",-1,"boiler chipping, cleaning, and scaling"
"238290",-1,"331",0,"ISIC group level link - servicing, repair and maintenance of miscellaneous building equipment performed by millwrights and machine rigging contractors"
"238290",-1,"3320",-1,"installation of industrial machinery and equipment by specialty contractors"
"238290",-1,"4321",-1,"installation of residential satellite dishes"
"238290",-1,"4329",-1,"except repair and maintenance of miscellaneous building equipment, installation of industrial machinery and equipment by specialty contractors, and installation of satellite dishes"
"238310",-1,"4329",-1,"soundproofing and building insulation contractors (wall cavity, attic, for example)"
"238310",-1,"4330",-1,"fireproof flooring construction contractors"
"238310",-1,"4330",-1,"except soundproofing and building insulation contractors"
"238310",-1,"4390",-1,"building fireproofing contractors"
"238320",0,"4330",-1,
"238330",0,"4330",-1,"except fireproof flooring construction contractors"
"238340",0,"4330",-1,
"238350",0,"4330",-1,
"238390",-1,"4330",-1,"except waterproofing, damp proofing, bathtub refinishing and installation of custom sheet metal work fabricated on site"
"238390",-1,"4390",-1,"waterproofing, damp proofing, bathtub refinishing and installation of custom sheet metal work fabricated on site"
"238910",-1,"4311",0,"demolition of buildings and other structures"
"238910",-1,"4312",-1,"except demolition, septic and cess pool installation, pile driving and rental of construction equipment (except bulldozers) with operator"
"238910",-1,"4390",-1,"septic tank and cess pool installation, pile driving, rental of construction equipment (except bulldozers) with operator"
"238990",-1,"4210",-1,"interlocking block walkways, driveways, patios, etc."
"238990",-1,"4390",-1,"except interlocking block walkways, driveways, patios, etc."
"311111",0,"1080",-1,
"311119",0,"1080",-1,
"311211",-1,"1030",-1,"potato flour"
"311211",-1,"1061",-1,"except potato flour"
"311212",0,"1061",-1,
"311213",0,"1103",-1,
"311221",-1,"1040",-1,"vegetable oils (except corn), margarine, and other edible and inedible oils produced by wet milling"
"311221",-1,"1062",-1,"wet corn milling and starches and starch products"
"311224",0,"1040",-1,
"311225",-1,"1040",-1,"except corn oil made from purchased oil"
"311225",-1,"1062",-1,"corn oil made from purchased oil"
"311230",0,"1061",-1,
"311313",0,"1072",-1,
"311314",0,"1072",-1,
"311340",0,"1073",-1,
"311351",0,"1073",-1,
"311352",0,"1073",-1,
"311411",0,"1030",-1,
"311412",-1,"1010",-1,"frozen meat entrees - prepared"
"311412",-1,"1071",-1,"frozen french toast, waffles, and pancakes"
"311412",-1,"1074",-1,"frozen pasta (plain)"
"311412",-1,"1075",-1,"except frozen meat entrees, frozen french toast and waffles, frozen soup, and frozen nondairy whipped toppings"
"311412",-1,"1079",-1,"frozen soup, frozen nondairy whipped topping"
"311421",-1,"1030",-1,"except catsup and similar tomato sauces"
"311421",-1,"1079",-1,"catsup and similar tomato sauces"
"311422",-1,"1074",-1,"canned pasta (plain)"
"311422",-1,"1075",-1,"except canned pasta, canned soups, and canned baby foods"
"311422",-1,"1079",-1,"canned soups, canned baby foods"
"311423",-1,"1030",-1,"except soup mixes"
"311423",-1,"1079",-1,"soup mixes"
"311511",0,"1050",-1,
"311512",0,"1050",-1,
"311513",-1,"1050",-1,"except imitation or substitute cheese products"
"311513",-1,"1079",-1,"imitation or substitute cheese products"
"311514",-1,"1050",-1,"except infant formula and dietary drinks (dairy and nondairy)"
"311514",-1,"1079",-1,"infant formula, dietary drinks (dairy and nondairy)"
"311520",0,"1050",-1,
"311611",0,"1010",-1,"animal slaughtering"
"311612",-1,"1010",-1,"except meat extracts made from purchased carcasses"
"311612",-1,"1079",-1,"meat extracts made from purchased carcasses"
"311613",0,"1010",-1,
"311615",0,"1010",-1,
"311710",-1,"0311",-1,"gathering & processing of seafood into fresh, frozen, or canned seafood in factory ships (i.e. factory ships that also fish)"
"311710",-1,"1010",-1,"whale slaughtering"
"311710",-1,"1020",0,"except soups, chowders, stews, broth, fish oils, whale slaughtering, or the combined gathering and processing of seafood"
"311710",-1,"1040",-1,"frozen or canned fish oils"
"311710",-1,"1075",-1,"seafood dinners and stews - canned, or prepared and packaged"
"311710",-1,"1079",-1,"soups, chowders, and broth"
"311811",0,"1071",-1,
"311812",0,"1071",-1,
"311813",0,"1071",-1,
"311821",0,"1071",-1,
"311824",-1,"1061",-1,
"311824",-1,"1074",-1,"manufacture of plain dry pasta"
"311824",-1,"1075",-1,"manufacture of dried pasta mixed with other ingredients to make a dish when the pasta is made in the same establishment"
"311830",0,"1071",-1,
"311911",0,"1030",-1,
"311919",-1,"1030",-1,"potato chips and potato snacks"
"311919",-1,"1071",-1,"except potato chips and potato snacks"
"311920",0,"1079",-1,
"311930",-1,"1030",-1,"fruit juice based flavoring syrups and concentrates"
"311930",-1,"1079",-1,"except fruit juice based flavoring syrups and concentrates"
"311941",-1,"1030",-1,"apple cider, non-alcoholic"
"311941",-1,"1079",-1,"except non-alcoholic apple cider"
"311942",-1,"0893",-1,"mining and processing of table salt"
"311942",-1,"1030",-1,"fruit and fruit juice extracts"
"311942",-1,"1079",-1,"except the combined mining and processing of table salt, fruit and fruit juice extracts"
"311991",-1,"1030",-1,"cole slaw, fresh cut or peeled potatoes and tofu"
"311991",-1,"1074",-1,"fresh pasta"
"311991",-1,"1079",-1,"except cole slaw, fresh cut or peeled potatoes, tofu, and fresh pasta"
"311999",-1,"1030",-1,"fresh cut or peeled fruits and vegetables"
"311999",-1,"1075",-1,"fried noodles and dried pasta dish mixes made entirely of purchased dried ingredients"
"311999",-1,"1079",-1,"except fresh cut or peeled fruits and vegetables, fried noodles, and dried pasta dish mixes made entirely from purchased dried ingredients"
"312111",0,"1104",-1,
"312112",0,"1104",-1,
"312113",0,"3530",-1,
"312120",0,"1103",-1,
"312130",-1,"1101",-1,"brandies and fruit spirits"
"312130",-1,"1102",0,"except brandies and fruit spirits"
"312140",-1,"1101",-1,"except potable ethyl alcohol"
"312140",-1,"2011",-1,"manufacture of potable ethyl alcohol"
"312230",0,"1200",0,
"313110",0,"1311",-1,
"313210",-1,"1312",0,"except artificial fur on woven base"
"313210",-1,"1420",-1,"artificial fur on woven base"
"313220",0,"1399",-1,
"313230",0,"1399",-1,
"313240",-1,"1391",0,
"313240",-1,"1399",-1,"lace and lace products except knit lace, except finishing"
"313240",-1,"1420",-1,"artificial fur on knit base"
"313310",-1,"1311",-1,"preparation of fibers"
"313310",-1,"1313",-1,"except preparation of fibers"
"313320",-1,"1313",-1,"except rubberizing fabric"
"313320",-1,"2219",-1,"rubberized fabric"
"314110",0,"1393",-1,
"314120",-1,"1392",-1,"except plastics shower curtains and table cloths made from purchased materials"
"314120",-1,"2220",-1,"plastics shower curtains and table cloths made from purchased materials"
"314910",-1,"1392",-1,"except plastics blanket bags"
"314910",-1,"1512",-1,"plastics blanket bags - sewn"
"314910",-1,"2220",-1,"plastics blanket bags - heat seamed"
"314994",-1,"1394",-1,
"314994",-1,"1399",-1,
"314999",-1,"1311",-1,"processing textile mill waste"
"314999",-1,"1313",-1,"embroidery, decorative stitching, dyeing, etc. on textile articles and apparel"
"314999",-1,"1392",-1,"miscellaneous textile products, such as dust cloths, sleeping bags, etc."
"314999",-1,"1393",-1,"rug binding for the trade and carpet cutting, carpets made from purchased fabric"
"314999",-1,"1394",-1,"knotted rope net products made from purchased rope"
"314999",-1,"1399",-1,"bats, batting, upholstery filling, textile fire hose, and similar industrial textile products; powder puffs and mitts"
"314999",-1,"1410",-1,"cloth diapers"
"315110",0,"1430",-1,
"315190",0,"1430",-1,
"315210",-1,"1410",-1,"cutting and sewing contractors except for fur apparel"
"315210",-1,"1420",-1,"cutting and sewing contractors for fur apparel"
"315220",0,"1410",-1,
"315240",-1,"1410",-1,"except artificial fur coats"
"315240",-1,"1420",-1,"cut and sew artificial fur coats"
"315280",-1,"1410",-1,"except fur apparel"
"315280",-1,"1420",-1,"fur apparel (except hats)"
"315990",-1,"1399",-1,"hat, cap, apparel, umbrella, and similar trimmings made from purchased fabrics"
"315990",-1,"1410",-1,"except fur gloves and mittens; rubber bathing caps and aprons; and hat, cap, umbrella, and similar trimmings made from purchased fabrics"
"315990",-1,"1420",-1,"fur gloves and mittens"
"315990",-1,"2219",-1,"rubber bathing caps and aprons"
"316110",0,"1511",0,
"316210",0,"1520",-1,
"316992",0,"1512",-1,
"316998",-1,"1410",-1,"leather industrial work accessories; protective leather garments"
"316998",-1,"1512",-1,"except leather garments and leather footwear cut stock (uppers, soles, etc.)"
"316998",-1,"1520",-1,"footwear cut stock (uppers, soles, etc.)"
"321113",-1,"1610",-1,"except shingles and shakes made in sawmills"
"321113",-1,"1622",-1,"shingles and shakes made in sawmills"
"321114",0,"1610",-1,
"321211",0,"1621",-1,
"321212",0,"1621",-1,
"321213",-1,"1621",-1,"LVL (laminated veneer lumber) and similar"
"321213",-1,"1622",-1,"fabricated wood I-joists, and similar fabricated engineered wood members"
"321214",0,"1622",-1,
"321219",0,"1621",-1,
"321911",0,"1622",-1,
"321912",-1,"1610",-1,"cutting, resawing, or planing lumber initially cut in other locations"
"321912",-1,"1622",-1,"dimension lumber (i.e. building lumber or solid wood structural members) made by cutting, resawing, or planing purchased rough lumber"
"321912",-1,"1629",-1,"blocks for the manufacture of smoking pipes"
"321918",-1,"1610",-1,"wood flooring, strip"
"321918",-1,"1622",-1,"except strip wood flooring"
"321920",-1,"1623",-1,"except wooden jewelry boxes"
"321920",-1,"1629",-1,"jewelry boxes, wood or part wood"
"321991",0,"1622",-1,
"321992",0,"1622",-1,
"321999",-1,"1610",-1,"excelsior, wood wool, kiln drying of lumber"
"321999",-1,"1623",-1,"wooden cable reels (cable drums)"
"321999",-1,"1629",-1,"except excelsior, wood wool, kiln drying of lumber, cable drums, plastic shoe lasts, and furniture"
"321999",-1,"2220",-1,"plastic shoe lasts"
"321999",-1,"3100",-1,"wood television, radio, and sewing machine cabinet manufacturing"
"322110",0,"1701",-1,
"322121",-1,"1701",-1,"paper mills"
"322121",-1,"1702",-1,"corrugated paper or paperboard or containers made in paper mills"
"322121",-1,"1709",-1,"manufacture of other articles of paper in paper mills"
"322121",-1,"2399",-1,"tar paper made in paper mills"
"322122",0,"1701",-1,
"322130",-1,"1701",-1,"paperboard"
"322130",-1,"1702",-1,"corrugated paperboard or containers made in paperboard mills"
"322130",-1,"1709",-1,"manufacture of other articles of paper in paperboard mills"
"322211",0,"1702",-1,
"322212",0,"1702",-1,
"322219",-1,"1702",-1,"except cones, bobbins, spools, paper cups, dishes, straws, etc. made from purchased paper or paperboard"
"322219",-1,"1709",-1,"cones, bobbins, spools, paper cups, dishes, straws, etc. made from purchased paper or paperboard"
"322220",-1,"1399",-1,"pressure-sensitive cloth tape"
"322220",-1,"1701",-1,"laminating purchased foil and purchased paper, paper as primary component; coating and laminating paper for other than packaging uses; coating purchased paperboard"
"322220",-1,"1702",-1,"except foil bag manufacturing"
"322220",-1,"1709",-1,"labels, gummed stock (including printing done at the same establishment), wallpaper, paper pressure sensitive tape, and chipboard, coated or laminated, made from purchased paperboard"
"322220",-1,"2220",-1,"vinyl wallpaper, plastic wallpaper, plastics self-adhesive tape"
"322220",-1,"2420",-1,"aluminum foil laminates made from purchased aluminum, foil as primary component; precious metal foil laminates made from purchased foil; laminating purchased foil and paper for packaging uses, foil as primary component"
"322220",-1,"2599",-1,"foil bag manufacturing"
"322230",0,"1709",-1,
"322291",0,"1709",-1,
"322299",-1,"1701",-1,"crepe paper (or crinkling paper) made from purchased paper"
"322299",-1,"1702",-1,"die-cut paper products (except office use) made from purchased paper or paperboard"
"322299",-1,"1709",-1,"except crepe paper and die-cut paper products (except office use) made from purchased paper"
"323111",-1,"1709",-1,"except printing only of looseleaf fillers and looseleaf binding fittings"
"323111",-1,"1811",-1,"lithographic, gravure, flexographic, digital, quick, and other commercial printing, except screen and books; printing manifold business forms and looseleaf fillers"
"323111",-1,"2599",-1,"looseleaf binding fittings"
"323111",-1,"8219",-1,"quick printing combined with photocopy services, photocopy primary"
"323113",-1,"1313",-1,"screen printing on made up textile products, including apparel"
"323113",-1,"1811",-1,"except screen printing on made up textile products and apparel"
"323117",0,"1811",-1,
"323120",0,"1812",0,
"324110",0,"1920",-1,
"324121",0,"2399",-1,
"324122",0,"2399",-1,
"324191",0,"1920",-1,
"324199",-1,"1629",-1,"fire logs made of pressed wood and purchased refined petroleum binders"
"324199",-1,"1910",-1,"coke oven products, such as coke, gasses, tar"
"324199",-1,"1920",-1,"except coke oven products and fire logs made of pressed wood with purchased petroleum binders"
"325110",-1,"1920",-1,"manufacture of paraffin and similar from purchased refined petroleum in petrochemical plants"
"325110",-1,"2011",-1,"except manufacture of paraffin and similar from purchased refined petroleum in petrochemical plants"
"325120",0,"2011",-1,
"325130",0,"2011",-1,
"325180",-1,"2011",-1,"except ammonium chloride and other ammonium compounds not specified elsewhere, potassium nitrate, etc."
"325180",-1,"2012",-1,"ammonium chloride and other ammonium compounds not specified elsewhere, potassium nitrate, etc."
"325193",0,"2011",-1,
"325194",-1,"1910",-1,"coal tar distillates"
"325194",-1,"2011",-1,"except prepared water pigments for finishing leather and coal tar distillates"
"325194",-1,"2022",-1,"prepared water pigments for finishing leather"
"325199",-1,"2011",-1,"except synthetic plasticizer compounds, synthetic accelerators, synthetic essential oils, naphthenic acid soaps, and salicylic acid (nonmedicinal)"
"325199",-1,"2029",-1,"synthetic plasticizer compounds, synthetic accelerators, synthetic essential oils, naphthenic acid soaps"
"325199",-1,"2100",-1,"salicylic acid (nonmedicinal)"
"325211",0,"2013",-1,
"325212",0,"2013",-1,
"325220",-1,"2030",0,"except cellophane film or sheet"
"325220",-1,"2220",-1,"cellophane film or sheet"
"325311",0,"2012",-1,
"325312",-1,"2011",-1,"phosphoric acid"
"325312",-1,"2012",-1,"except phosphoric acid"
"325314",0,"2012",-1,
"325320",0,"2021",-1,
"325411",0,"2100",-1,
"325412",0,"2100",-1,
"325413",-1,"2029",-1,"diagnostic reagents"
"325413",-1,"2100",-1,"except diagnostic reagents"
"325414",0,"2100",-1,
"325510",0,"2022",-1,
"325520",-1,"2022",-1,"except glues"
"325520",-1,"2029",-1,"glues"
"325611",0,"2023",-1,
"325612",-1,"2011",-1,"household lye"
"325612",-1,"2021",-1,"household and industrial disinfectants"
"325612",-1,"2023",-1,"except household and industrial disinfectants, household lye, and laundry starch"
"325612",-1,"2029",-1,"laundry starch"
"325613",-1,"2023",-1,"except leather and textile finishing agents, mordants"
"325613",-1,"2029",-1,"leather and textile finishing agents, mordants"
"325620",0,"2023",-1,
"325910",0,"2022",-1,
"325920",0,"2029",-1,
"325991",0,"2013",-1,
"325992",-1,"2029",-1,"except toner cartridges"
"325992",-1,"2817",-1,"toner cartridges"
"325998",-1,"2011",-1,"distilled water"
"325998",-1,"2022",-1,"textile dye preparations and other household dye or tinting preparations (except hair)"
"325998",-1,"2023",-1,"incense and engine degreasers"
"325998",-1,"2029",-1,"except distilled water, textile dye preparations, household dye (except hair) drilling mud compounds, and aerosol packaging"
"325998",-1,"2399",-1,"drilling mud compounds"
"325998",-1,"8292",-1,"aerosol packaging"
"326111",0,"2220",-1,
"326112",0,"2220",-1,
"326113",0,"2220",-1,
"326121",0,"2220",-1,
"326122",0,"2220",-1,
"326130",0,"2220",-1,
"326140",0,"2220",-1,
"326150",0,"2220",-1,
"326160",0,"2220",-1,
"326191",0,"2220",-1,
"326199",-1,"2220",-1,"except plastics battery separators, plastics air cargo containers, and plastics counter tops not fabricated at the site of construction"
"326199",-1,"2720",-1,"plastics battery separators"
"326199",-1,"2920",-1,"plastics air cargo containers"
"326199",-1,"3100",-1,"plastics counter tops, not fabricated at the construction site"
"326211",-1,"2211",-1,"except rubber tire repair materials"
"326211",-1,"2219",-1,"rubber tire repair materials"
"326212",0,"2211",-1,
"326220",-1,"2219",-1,"except plastics hose and belting"
"326220",-1,"2220",-1,"plastics (reinforced) hose and belting manufacturing"
"326291",0,"2219",-1,
"326299",-1,"2219",-1,"except rubber battery separators"
"326299",-1,"2720",-1,"rubber battery separators"
"327110",-1,"2392",-1,
"327110",-1,"2393",0,
"327120",-1,"2391",0,
"327120",-1,"2392",-1,"except adobe bricks and similar articles of fibre cement"
"327120",-1,"2395",-1,"adobe bricks and similar articles of fibre cement"
"327211",0,"2310",-1,
"327212",0,"2310",-1,
"327213",0,"2310",-1,
"327215",0,"2310",-1,
"327310",0,"2394",-1,
"327320",0,"2395",-1,
"327331",0,"2395",-1,
"327332",0,"2395",-1,
"327390",0,"2395",-1,
"327410",0,"2394",-1,
"327420",-1,"2394",-1,"manufacturing gypsum plaster"
"327420",-1,"2395",-1,"except manufacturing of gypsum plaster"
"327910",0,"2399",-1,
"327991",0,"2396",-1,
"327992",0,"2399",-1,
"327993",-1,"2310",-1,"fiberglass insulation products"
"327993",-1,"2399",-1,"except fiberglass insulation products"
"327999",-1,"2395",-1,"dry mix mortar, dry mix concrete, stucco, and asbestos cement products"
"327999",-1,"2399",-1,"except dry mix mortar, dry mix concrete, stucco, asbestos cement products, and manufacturing/working but not setting synthetic precious or semiprecious stones for jewelry uses"
"327999",-1,"3211",-1,"manufacturing and working but not setting synthetic precious or semiprecious stones for jewelry uses"
"331110",0,"2410",-1,
"331210",0,"2431",-1,
"331221",0,"2410",-1,
"331222",-1,"2410",-1,"drawing steel wire from purchased steel"
"331222",-1,"2599",-1,"wire products except steel wire, steel wire shopping carts made in drawing plants, and insulated steel wire to be used as a conductor"
"331222",-1,"2732",-1,"insulated steel cable capable of being used as a conductor, made in steel wire drawing plants"
"331222",-1,"3099",-1,"shopping carts made in wire drawing plants"
"331313",0,"2420",-1,
"331314",0,"2420",-1,
"331315",0,"2420",-1,
"331318",-1,"2420",-1,"except aluminum wire products made in drawing plants and insulated aluminum wire capable of being used as a conductor, made in drawing plants"
"331318",-1,"2599",-1,"aluminum wire products, made in drawing plants"
"331318",-1,"2732",-1,"insulated aluminum wire capable of being used as a conductor, made in wire drawing plants"
"331410",0,"2420",-1,
"331420",-1,"2420",-1,"drawing copper wire from purchased wire, except copper mechanical wire products made in drawing mills"
"331420",-1,"2599",-1,"copper mechanical wire products made in drawing mills, except drawing copper wire from purchased wire and drawing and insulating copper wire capable of being used as a conductor"
"331420",-1,"2732",-1,"insulated copper wire made in integrated secondary smelting and drawing plants or made from purchased copper in drawing plants"
"331491",-1,"2420",-1,"except other nonferrous wire products made in drawing plants"
"331491",-1,"2599",-1,"other nonferrous wire products made in drawing plants"
"331492",0,"2420",-1,
"331511",-1,"2431",-1,"except rolling mill rolls and steel ingot molds"
"331511",-1,"2823",-1,"rolling mill rolls and steel ingot molds"
"331512",0,"2431",-1,
"331513",0,"2431",-1,
"331523",0,"2432",-1,
"331524",0,"2432",-1,
"331529",0,"2432",-1,
"332111",0,"2591",-1,
"332112",0,"2591",-1,
"332114",0,"2591",-1,
"332117",0,"2591",-1,
"332119",-1,"2591",-1,"metal stamping"
"332119",-1,"2599",-1,"except metal stamping"
"332215",-1,"2593",-1,
"332215",-1,"2599",-1,"except kitchen hand sieves"
"332215",-1,"3290",-1,"kitchen hand sieves"
"332216",-1,"2593",-1,"except electric soldering irons, mechanical jacks, machinists' precision tools, and non-powered lawn mowers"
"332216",-1,"2790",-1,"electric hand held soldering irons and soldering guns"
"332216",-1,"2816",-1,"jacks (except hydraulic and pneumatic)"
"332216",-1,"2819",-1,"levels, tape measures and similar hand tools, machinists' precision tools (except optical)"
"332216",-1,"2821",-1,"non-powered lawn mowers (e.g., rotary push mowers)"
"332311",0,"2511",-1,
"332312",-1,"2511",-1,"except prefabricated ship and boat sections"
"332312",-1,"3011",-1,"prefabricated ship and barge sections"
"332312",-1,"3012",-1,"prefabricated boat sections"
"332313",-1,"2511",-1,"except platework containers, such as hoppers over 300 liters, reactor containment vessels, laminated crane hooks, ladle bails, and metal plate buoys"
"332313",-1,"2512",-1,"metal platework containers over 300 liters, such as hoppers"
"332313",-1,"2513",-1,"platework for nuclear reactors, such as reactor containment vessels"
"332313",-1,"2816",-1,"laminated crane hooks"
"332313",-1,"2823",-1,"ladle bails"
"332313",-1,"3011",-1,"fabricated metal plate buoys"
"332321",0,"2511",-1,
"332322",-1,"2511",-1,"except sheet metal countertops not fabricated at the site of construction"
"332322",-1,"2599",-1,"sheet metal countertops not fabricated at the site of construction"
"332323",-1,"2511",-1,"except chain ladders"
"332323",-1,"2599",-1,"chain ladders"
"332410",-1,"2513",-1,"except heat exchangers"
"332410",-1,"2819",-1,"heat exchangers"
"332420",-1,"2512",-1,"except autoclaves, fractioning columns, gas absorbers, ladles, annealing pots, smelting pots, retorts, and metal containers for one or more modes of transportation"
"332420",-1,"2819",-1,"industrial autoclaves, fractioning columns, gas absorbers"
"332420",-1,"2823",-1,"ladles, annealing pots, smelting pots, retorts, etc. for metallurgy"
"332420",-1,"2920",-1,"heavy gauge containers for one or more modes of transportation including tanks for tanker trailers"
"332431",0,"2599",-1,
"332439",-1,"2512",-1,"light gauge containers over 300 liters, such as hoppers and bins"
"332439",-1,"2599",-1,"except light gauge containers over 300 liters and light gauge metal air cargo containers"
"332439",-1,"2920",-1,"air cargo containers, light gauge metal"
"332510",0,"2593",-1,
"332613",0,"2599",-1,
"332618",-1,"2599",-1,"except hand sieves manufacturing"
"332618",-1,"3290",-1,"other hand sieves manufacturing"
"332710",0,"2592",-1,
"332721",0,"2599",-1,
"332722",0,"2599",-1,
"332811",0,"2592",-1,
"332812",0,"2592",-1,
"332813",0,"2592",-1,
"332911",0,"2813",-1,
"332912",-1,"2410",-1,"ferrous fluid power hose fittings made from purchased ferrous materials"
"332912",-1,"2420",-1,"fluid power hose fittings made from purchased nonferrous metal"
"332912",-1,"2812",-1,"except ferrous and nonferrous fluid power hose fittings"
"332913",-1,"2220",-1,"plastics plumbing fixture fittings and trim"
"332913",-1,"2420",-1,"copper pipe fittings (such as copper elbows, unions, and compression fittings)"
"332913",-1,"2813",-1,"except plastics plumbing fixture fittings and trim and copper pipe fittings"
"332919",-1,"2410",-1,"flanges, unions, and other pipe fittings made from purchased pipe"
"332919",-1,"2813",-1,"aerosol valves, hose nozzles (fire and garden), inline plumbing and heating valves (stops, cut-off etc.)"
"332919",-1,"2819",-1,"lawn sprinklers"
"332991",0,"2814",-1,
"332992",-1,"1709",-1,"ammunition wads"
"332992",-1,"2029",-1,"small arms percussion caps and primers"
"332992",-1,"2520",-1,"except ammunition wads, percussion caps and primers"
"332993",-1,"2029",-1,"detonators, fuses, and primers for ammunition"
"332993",-1,"2520",-1,"except detonators, fuses and primers"
"332994",0,"2520",-1,
"332996",-1,"2410",-1,"fabricated metal pipe fittings made from purchased pipe, steel"
"332996",-1,"2420",-1,"pipe and pipe fittings made from purchased other nonferrous metal pipe"
"332999",-1,"2023",-1,"soap impregnated metal scouring pads"
"332999",-1,"2420",-1,"miscellaneous nonferrous metal foil made from purchased foil"
"332999",-1,"2593",-1,"saddlery parts, horse bits, shower rods, metal car seals and hand bellows"
"332999",-1,"2599",-1,"except soap impregnated scouring pads, nonferrous metal foils, precious metal foils, hand bellows, horse bits, saddlery parts, and shower rods"
"333111",-1,"2813",-1,"farm type windmills"
"333111",-1,"2818",-1,"electric hand held animal hair clippers"
"333111",-1,"2821",-1,"except cotton ginning machinery, farm type windmills, electric hand held animal hair clippers, and crop dryers, cream separators and similar of the type used on farms"
"333111",-1,"2825",-1,"crop dryers, cream separators, etc. of the type used on farms (not the type used in food processing factories)"
"333111",-1,"2826",-1,"cotton ginning machinery"
"333112",-1,"2818",-1,"powered hand tools for lawn and garden use, such as hedge trimmers and blowers"
"333112",-1,"2821",-1,"except powered hand tools for lawn and garden use and garden wagons"
"333112",-1,"3099",-1,"garden wagons"
"333120",-1,"2593",-1,"construction and surface mining drill bits"
"333120",-1,"2816",-1,"construction cranes"
"333120",-1,"2818",-1,"hand held construction drilling equipment"
"333120",-1,"2819",-1,"highway line painting equipment (spraying equipment)"
"333120",-1,"2821",-1,"logging machinery"
"333120",-1,"2824",-1,"except logging machinery, highway lane painting equipment, hand held construction drills, construction cranes, and bits for construction and surface mining drills"
"333131",-1,"2593",-1,"underground mining drill bits"
"333131",-1,"2816",-1,"rotary rail car dumpers"
"333131",-1,"2818",-1,"hand held portable rock drills"
"333131",-1,"2824",-1,"except mining rail cars, portable rock drills, rotary rail car dumpers, and underground mining drill bits"
"333131",-1,"3020",-1,"mining rail cars"
"333132",0,"2824",-1,
"333241",-1,"2819",-1,"beverage distilling machinery"
"333241",-1,"2825",-1,"except beverage distilling machinery"
"333242",0,"2829",-1,
"333243",-1,"2821",-1,"log debarking machinery, log splitters, and similar"
"333243",-1,"2822",-1,
"333243",-1,"2829",-1,"except log debarking machinery and log splitters"
"333244",0,"2829",-1,
"333249",-1,"2815",-1,"cement kilns and chemical kilns"
"333249",-1,"2819",-1,"calendering machinery for textiles; distilling equipment, except beverage and laboratory types"
"333249",-1,"2822",-1,"hard plastic and hard rubber working machinery; electroplating machinery; other tools for working stone, glass etc."
"333249",-1,"2823",-1,"metal casting machinery (except die-casting)"
"333249",-1,"2825",-1,"tobacco processing machinery including cigarette making machines"
"333249",-1,"2826",-1,"sewing machines, domestic and industrial types, leather working machinery; except calendering machinery for textiles"
"333249",-1,"2829",-1,"except hard plastic and hard rubber working machinery; except industrial sewing machines, tobacco processing machinery, metal casting machinery, electroplating machinery, cement and chemical kilns, and distilling apparatus, except beverage and laboratory types"
"333249",-1,"3250",-1,"laboratory distilling apparatus"
"333314",0,"2670",-1,
"333316",-1,"2670",-1,"digital cameras; except duplicating, blueprinting, and photocopy machinery"
"333316",-1,"2817",-1,"duplicators,  blueprinting, and photocopy machinery"
"333318",-1,"2790",-1,"electrical teaching machines (except flight simulators)"
"333318",-1,"2817",-1,
"333318",-1,"2819",-1,"except electrical teaching machines, brake service machinery, portable floor sanding machines, commercial food service equipment, car washing machinery, wheel alignment and tire balancing equipment, carnival and amusement rides, type specific flight simulators and mechanical carpet sweepers"
"333318",-1,"2822",-1,"brake service machinery, such as drum or disc turning machines, portable floor sanding machines"
"333318",-1,"2825",-1,"commercial and service industry food processing equipment (restaurant, hotel, or catering type)"
"333318",-1,"2826",-1,
"333318",-1,"2829",-1,"car washing machinery, wheel alignment and tire balancing equipment, carnival and amusement park rides, shooting galleries, roundabouts"
"333318",-1,"3030",-1,"flight simulators - type specific"
"333318",-1,"3290",-1,"mechanical carpet sweepers"
"333413",0,"2819",-1,
"333414",-1,"2512",-1,"central heating boilers and radiators"
"333414",-1,"2815",-1,"except central heating boilers and radiators"
"333415",-1,"2813",-1,"air-conditioning compressors"
"333415",-1,"2815",-1,"forced air heating furnaces and heat pumps"
"333415",-1,"2819",-1,"except separate air-conditioning compressors and forced air heating furnaces"
"333511",0,"2593",-1,
"333514",-1,"2593",-1,"except jigs, fixtures, and similar noncutting machine tool accessories"
"333514",-1,"2822",-1,"jigs, fixtures, and similar machine tool accessories (noncutting)"
"333515",-1,"2593",-1,"except noncutting accessories, such as work holders, dividing heads, and other special attachments for machine tools"
"333515",-1,"2822",-1,"parts and accessories for the machine tools: work holders, dividing heads and other special attachments for machine tools"
"333517",-1,"2822",-1,"except die-casting machinery"
"333517",-1,"2823",-1,"die-casting machinery"
"333519",-1,"2822",-1,
"333519",-1,"2823",-1,
"333611",0,"2811",-1,
"333612",0,"2814",-1,
"333613",0,"2814",-1,
"333618",-1,"2790",-1,"electric outboard motors"
"333618",-1,"2811",-1,"except automotive diesel engines, motorcycle engines and electric outboard boat motors"
"333618",-1,"2910",-1,"automotive diesel engines"
"333618",-1,"3091",-1,"motorcycle engines"
"333911",0,"2813",-1,
"333912",-1,"2813",-1,"except airless paint spraying systems, manual pump sprayers"
"333912",-1,"2819",-1,"airless paint spraying systems, manual pump sprayers"
"333913",0,"2813",-1,
"333921",0,"2816",-1,
"333922",-1,"2816",-1,"except mining conveyors"
"333922",-1,"2824",-1,"mining conveyors"
"333923",-1,"2816",-1,"except locomotive cranes"
"333923",-1,"3020",-1,"locomotive cranes"
"333924",-1,"2816",-1,"except grocery carts made from purchased wire"
"333924",-1,"3099",-1,"grocery carts made from purchased wire, and similar"
"333991",-1,"2818",-1,"except pneumatic spray guns"
"333991",-1,"2819",-1,"spray guns, pneumatic"
"333992",-1,"2599",-1,"welding rods and electrodes"
"333992",-1,"2710",-1,"arc welding transformers"
"333992",-1,"2790",-1,"welding, soldering, and brazing equipment, electrical"
"333992",-1,"2819",-1,"except electrical welding and soldering equipment, welding rods and electrodes, and arc welding transformers"
"333993",0,"2819",-1,
"333994",0,"2815",-1,
"333995",0,"2812",-1,
"333996",0,"2812",-1,
"333997",-1,"2651",-1,"laboratory scales and balances, incubators, and miscellaneous measuring devices for laboratories"
"333997",-1,"2819",-1,"except laboratory scales and balances, incubators, and miscellaneous measuring devices for laboratories"
"333999",-1,"2599",-1,"industrial bellows, weather vanes"
"333999",-1,"2815",-1,"cremating ovens"
"333999",-1,"2816",-1,"hydraulic and pneumatic jacks, bridge and gate lifting machinery"
"333999",-1,"2819",-1,"except industrial bellows, cremating ovens, balancing equipment (except wheel balancing equipment), aircraft carrier catapults, and laboratory centrifuges"
"333999",-1,"2829",-1,"balancing equipment (except wheel balancing) and aircraft carrier catapults"
"333999",-1,"3250",-1,"laboratory centrifuges"
"334111",0,"2620",-1,
"334112",0,"2620",-1,
"334118",0,"2620",-1,"except digital cameras"
"334210",0,"2630",-1,
"334220",-1,"2630",-1,"except GPS equipment and satellite manufacturing"
"334220",-1,"2651",-1,"GPS equipment manufacturing"
"334220",-1,"3030",-1,"satellites"
"334290",-1,"2630",-1,"except motion detectors, traffic and pedestrian signaling equipment, and electromechanical safety and traffic control equipment"
"334290",-1,"2651",-1,"motion detectors"
"334290",-1,"2790",-1,"signaling equipment, such as traffic and pedestrian signaling equipment, sirens"
"334290",-1,"3020",-1,"electromechanical signaling, safety, and traffic control equipment (such as railroad crossing equipment)"
"334310",0,"2640",-1,
"334412",0,"2610",-1,
"334413",0,"2610",-1,
"334416",0,"2610",-1,
"334417",0,"2610",-1,
"334418",0,"2610",-1,
"334419",0,"2610",-1,
"334510",0,"2660",-1,
"334511",0,"2651",-1,
"334512",0,"2651",-1,
"334513",0,"2651",-1,
"334514",-1,"2651",-1,"except parking meters"
"334514",-1,"2652",-1,"parking meters"
"334515",0,"2651",-1,
"334516",0,"2651",-1,
"334517",0,"2660",-1,
"334519",-1,"2651",-1,
"334519",-1,"2652",-1,
"334613",0,"2680",0,
"334614",0,"1820",0,
"335110",0,"2740",-1,
"335121",0,"2740",-1,
"335122",0,"2740",-1,
"335129",-1,"1399",-1,"incandescent mantles"
"335129",-1,"2740",-1,"except incandescent mantles and bug zappers without light"
"335129",-1,"2790",-1,"bug zappers without light"
"335210",0,"2750",-1,
"335221",0,"2750",-1,
"335222",0,"2750",-1,
"335224",0,"2750",-1,
"335228",0,"2750",-1,
"335311",0,"2710",-1,
"335312",0,"2710",-1,
"335313",0,"2710",-1,
"335314",-1,"2710",-1,"except electromagnetic brakes and clutches"
"335314",-1,"2790",-1,"electromagnetic brakes and clutches"
"335911",0,"2720",-1,
"335912",0,"2720",-1,
"335921",0,"2731",0,
"335929",0,"2732",-1,
"335931",0,"2733",-1,
"335932",0,"2733",-1,
"335991",-1,"2399",-1,"carbon and graphite fibers and products (except electrodes and electrical applications)"
"335991",-1,"2790",-1,"except carbon and graphite fibers"
"335999",0,"2790",-1,
"336111",0,"2910",-1,
"336112",0,"2910",-1,
"336120",0,"2910",-1,
"336211",-1,"2816",-1,"dump truck lifting mechanisms and tail gate loaders"
"336211",-1,"2910",-1,"assembly of completed vehicles on purchased chassis (upfitters)"
"336211",-1,"2920",-1,"except assembly of completed vehicles on purchased chassis, dump truck lifting mechanisms, and fifth wheel assemblies"
"336211",-1,"2930",-1,"fifth wheel assemblies"
"336212",0,"2920",-1,
"336213",0,"2910",-1,
"336214",0,"2920",-1,
"336310",-1,"2811",-1,
"336310",-1,"2813",-1,"pumps for mounting on internal combustion engines"
"336310",-1,"2910",-1,"motor vehicle engines, gasoline, new; factory rebuilding of automotive engines"
"336310",-1,"2930",-1,"except complete motor vehicle engines and pumps for internal combustion engines"
"336320",-1,"2740",-1,
"336320",-1,"2813",-1,"electric fuel pumps"
"336320",-1,"2930",-1,"except electric fuel pumps"
"336330",-1,"2813",-1,"power steering pumps"
"336330",-1,"2930",-1,"except power steering pumps"
"336340",-1,"2399",-1,"asbestos based brake linings"
"336340",-1,"2813",-1,"brake master cylinders - hydraulic pumps"
"336340",-1,"2930",-1,"except asbestos based brake linings and brake master cylinders - hydraulic pumps"
"336350",-1,"2399",-1,"asbestos based clutch facings"
"336350",-1,"2930",-1,"except asbestos based clutch facings"
"336360",-1,"1392",-1,"automobile motor vehicle interior systems (headliners, panels ), seat belts, tire covers and seat covers made from purchased fabrics"
"336360",-1,"1399",-1,"automotive trimmings"
"336360",-1,"2220",-1,"plastic motor vehicle interior panels and trim"
"336360",-1,"2930",-1,"motor vehicle seats"
"336360",-1,"3011",-1,"ship and floating structure seats"
"336360",-1,"3020",-1,"railway equipment seats"
"336360",-1,"3030",-1,"aircraft seats"
"336370",0,"2591",-1,
"336390",-1,"2813",-1,"motor vehicle air-conditioning compressors"
"336390",-1,"2819",-1,"filters, automotive type including fuel, oil, air, etc.; except individual air-conditioning compressors"
"336390",-1,"2930",-1,"except motor vehicle filters"
"336411",0,"3030",-1,
"336412",-1,"2813",-1,"pumps used on aircraft engines"
"336412",-1,"3030",-1,"except pumps used on aircraft engines"
"336413",0,"3030",-1,
"336414",0,"3030",-1,
"336415",0,"3030",-1,
"336419",0,"3030",-1,
"336510",-1,"2910",-1,"trackless trolley buses (electric power from overhead or underground wires)"
"336510",-1,"3020",-1,"except trackless trolley buses"
"336611",-1,"3011",-1,"except repairs performed in a shipyard"
"336611",-1,"3315",-1,"repair and maintenance performed in a shipyard"
"336612",0,"3012",-1,
"336991",-1,"3091",-1,"except bicycles and parts, metal tricycles"
"336991",-1,"3092",-1,"bicycles and bicycle parts, children's metal tricycles"
"336992",0,"3040",0,
"336999",-1,"2910",-1,"except ATV, snowmobile, and golf cart parts; personal watercraft, and animal drawn vehicles"
"336999",-1,"2930",-1,"ATV, snowmobile, and golf cart parts"
"336999",-1,"3012",-1,"personal watercraft"
"336999",-1,"3099",-1,"animal drawn wagons and buggies, vendor carts and similar"
"337110",0,"3100",-1,
"337121",0,"3100",-1,
"337122",0,"3100",-1,
"337124",0,"3100",-1,
"337125",0,"3100",-1,
"337127",-1,"3100",-1,"except hydraulic beauty and barber chairs"
"337127",-1,"3250",-1,"hydraulic type beauty and barber chairs"
"337211",0,"3100",-1,
"337212",0,"3100",-1,
"337214",0,"3100",-1,
"337215",-1,"1622",-1,"wood partitions (except free standing)"
"337215",-1,"2220",-1,"finished plastic furniture parts (e.g., frames)"
"337215",-1,"2511",-1,"room partitions for floor attachment, metal"
"337215",-1,"3100",-1,"except wood partitions, finished plastics furniture parts, and metal room partitions"
"337910",-1,"2219",-1,"rubber waterbed mattresses"
"337910",-1,"2220",-1,"plastic waterbed mattresses"
"337910",-1,"3100",-1,"except rubber and plastic waterbed mattresses"
"337920",-1,"1392",-1,"except wooden blinds and drapery rods, plastics shades and drapery rods, metal drapery rods, and metal shades and blinds"
"337920",-1,"1629",-1,"wooden window blinds and curtain and drapery rods and fixtures"
"337920",-1,"2220",-1,"plastic shades, blinds (e.g., miniblinds), and plastics hardware for hanging shades, blinds, and drapery"
"337920",-1,"2593",-1,"drapery and curtain rods and hardware"
"337920",-1,"2599",-1,"metal blinds"
"339112",0,"3250",-1,
"339113",-1,"2100",-1,"surgical dressings, surgical sutures, etc., medicated"
"339113",-1,"2813",-1,"laboratory pumps (vacuum pumps and similar)"
"339113",-1,"3092",-1,"wheel chairs"
"339113",-1,"3250",-1,"except medicated surgical dressings, laboratory pumps, wheel chairs, and personal safety devices"
"339113",-1,"3290",-1,"personal safety devices"
"339114",0,"3250",-1,
"339115",0,"3250",-1,
"339116",0,"3250",-1,
"339910",-1,"2592",-1,"industrial engraving on precious metal; engraving (including laser) and etching precious jewelry; engraving (including laser), etching or chasing precious or precious clad hollowware and silverware"
"339910",-1,"2599",-1,"personal goods (cigar and cigarette cases, coin purses, compacts, etc.) of base metal and of base metal plated with precious metal"
"339910",-1,"3211",-1,"except engraving, chasing, or etching on precious jewelry, metal, or clad hollowware and silverware"
"339910",-1,"3212",0,"except personal goods of base metal or base metal plated with precious metal"
"339920",-1,"2219",-1,"rubber wet suits and diving suits"
"339920",-1,"2829",-1,"bowling alley equipment (pin setters and ball return equipment)"
"339920",-1,"3220",-1,"game calls (mouth blown signaling instruments)"
"339920",-1,"3230",-1,"except game calls, wet suits, bowling alley equipment, and pool tables and related equipment"
"339920",-1,"3240",-1,"billiard and pool tables and equipment"
"339930",-1,"2640",-1,"video game consoles (dedicated games)"
"339930",-1,"3092",-1,"baby carriages and strollers"
"339930",-1,"3230",-1,"miscellaneous sporting toys (wiffle ball bats, other)"
"339930",-1,"3240",-1,"except sporting toys, baby carriages, strollers, and dedicated video game consoles"
"339940",-1,"1399",-1,"artists' canvas boards and tracing cloth"
"339940",-1,"1629",-1,"frames for artists' canvases"
"339940",-1,"1701",-1,"bulk carbon paper or stencil paper in rolls or large sheets"
"339940",-1,"1709",-1,"ready to use carbon paper, duplicator stencils, etc."
"339940",-1,"2022",-1,"artists' paints and colors"
"339940",-1,"2817",-1,"staplers, hand-held punches, labelers, and similar office machinery, blackboards, whiteboards"
"339940",-1,"2819",-1,"artists' air brushes"
"339940",-1,"3290",-1,"except artists' canvas boards, canvas frames, hand-held office machines, artists' air brushes, and carbon paper"
"339950",-1,"1629",-1,"wooden signs"
"339950",-1,"1811",-1,"printing plastic, wood, glass, etc. signs"
"339950",-1,"2220",-1,"blanks for plastic name plates, plastic letters for signs"
"339950",-1,"2599",-1,"metal signs and metal sign letters"
"339950",-1,"2790",-1,"except wooden, plastic, and metal nonelectric signs"
"339991",-1,"1399",-1,"textile gaskets"
"339991",-1,"1512",-1,"leather gaskets"
"339991",-1,"1629",-1,"cork gaskets"
"339991",-1,"1709",-1,"paper or paperboard gaskets made from purchased paper"
"339991",-1,"2219",-1,"except textile, leather, cork, paper, plastic, nonmetallic mineral and multimaterial laminated gaskets"
"339991",-1,"2220",-1,"plastic gaskets"
"339991",-1,"2399",-1,"nonmetallic mineral gaskets"
"339991",-1,"2819",-1,"gaskets and sealing devices of a combination of materials or laminates of the same material"
"339992",0,"3220",-1,
"339993",-1,"2599",-1,"buckles, hooks, clasps, and similar"
"339993",-1,"2826",-1,"sewing needles, household or commercial"
"339993",-1,"3290",-1,"except metal buckles, hooks, and similar, and sewing needles"
"339994",0,"3290",-1,
"339995",0,"3290",-1,
"339999",-1,"1410",-1,"hair nets"
"339999",-1,"1629",-1,"wooden mirror and picture frames"
"339999",-1,"2023",-1,"potpourri"
"339999",-1,"2220",-1,"miscellaneous plastic items"
"339999",-1,"2599",-1,"metal picture frames"
"339999",-1,"2819",-1,"fire extinguishers"
"339999",-1,"3220",-1,"music boxes and whistles"
"339999",-1,"3240",-1,"coin operated game machines, puppets, slot machines"
"339999",-1,"3290",-1,"except coin operated game machines, puppets, slot machines, music boxes, whistles, fire extinguishers, picture frames, hair nets, potpourri, and miscellaneous plastics items"
"423110",-1,"4510",-1,"except motor vehicle bodies and motorcycles, wholesale"
"423110",-1,"4530",-1,"motor vehicle bodies, wholesale"
"423110",-1,"4540",-1,"motorcycle wholesalers"
"423120",-1,"4530",-1,"except new motorcycle parts, engine testing equipment, and mechanics' hand tools"
"423120",-1,"4540",-1,"new motorcycle parts wholesale"
"423120",-1,"4659",-1,"engine testing equipment"
"423120",-1,"4663",-1,"mechanics' hand tools"
"423130",-1,"4530",-1,"except wholesale of motorcycle tires and tubes"
"423130",-1,"4540",-1,"wholesale of motorcycle tires and tubes"
"423140",-1,"4530",-1,"except wholesale of used motorcycle parts"
"423140",-1,"4540",-1,"wholesale of used motorcycle parts"
"423210",-1,"4649",-1,"household furniture"
"423210",-1,"4659",-1,"except household furniture"
"423220",-1,"4641",-1,"linens (bed, bath, table, etc.)"
"423220",-1,"4649",-1,"except linens and floor coverings"
"423220",-1,"4663",-1,"floor coverings"
"423310",-1,"4649",-1,"kitchen cabinets"
"423310",-1,"4663",-1,"except kitchen cabinets"
"423320",0,"4663",-1,
"423330",0,"4663",-1,
"423390",0,"4663",-1,
"423410",-1,"4649",-1,"except motion picture and theater projection equipment, commercial video equipment, and television cameras"
"423410",-1,"4659",-1,"motion picture and theater projection equipment, commercial video equipment, and television cameras"
"423420",0,"4659",-1,
"423430",0,"4651",0,
"423440",0,"4659",-1,
"423450",-1,"4649",-1,"medical instruments and orthopedic devices"
"423450",-1,"4659",-1,"except household medical instruments and orthopedic devices"
"423460",0,"4649",-1,
"423490",0,"4659",-1,
"423510",0,"4662",-1,
"423520",-1,"4661",-1,"except metal ores"
"423520",-1,"4662",-1,"metal ores"
"423610",-1,"4649",-1,"lighting equipment and light bulbs"
"423610",-1,"4652",-1,"security systems merchant wholesalers"
"423610",-1,"4659",-1,"except lighting equipment, light bulbs, and security systems"
"423620",0,"4649",-1,"except water heaters"
"423690",-1,"4652",-1,"except sonar and radar equipment"
"423690",-1,"4659",-1,"sonar and radar equipment"
"423710",0,"4663",-1,
"423720",-1,"4659",-1,"power boilers"
"423720",-1,"4663",-1,"water heaters and other plumbing and heating equipment and supplies; except power boilers"
"423730",-1,"4530",-1,"automotive air-conditioners, wholesale"
"423730",-1,"4663",-1,"except automotive air-conditioners"
"423740",0,"4659",-1,
"423810",0,"4659",-1,
"423820",0,"4653",0,
"423830",-1,"4659",-1,"except chainsaws, ladders, and welding supplies and consumables"
"423830",-1,"4663",-1,"chainsaws, ladders, and welding supplies and consumables"
"423840",-1,"4659",-1,"except printing inks"
"423840",-1,"4669",-1,"printing inks"
"423850",-1,"4649",-1,"janitorial supplies"
"423850",-1,"4659",-1,"except janitorial supplies"
"423860",0,"4659",-1,
"423910",-1,"4510",-1,"wholesale of go-carts"
"423910",-1,"4649",-1,"except go-carts and hot tubs"
"423910",-1,"4663",-1,"hot tubs"
"423920",0,"4649",-1,
"423930",0,"4669",-1,
"423940",-1,"4649",-1,"except precious stones"
"423940",-1,"4669",-1,"precious stones"
"423990",-1,"4649",-1,"pre-recorded audio and video tapes, CDs, records, and similar; luggage, and musical instruments"
"423990",-1,"4659",-1,"coin-operated games and amusement devices"
"423990",-1,"4661",-1,"firewood"
"423990",-1,"4663",-1,"ties, poles, wood chips and shavings"
"423990",-1,"4690",-1,"except ties, poles, wood chips, firewood, coin-operated games, prerecorded audio and video tapes, luggage, and musical instruments"
"424110",0,"4669",-1,
"424120",0,"4649",-1,
"424130",-1,"4649",-1,"disposable cups, dishes, flatware, etc."
"424130",-1,"4669",-1,"except disposable cups, dishes, flatware, etc."
"424210",0,"4649",-1,
"424310",0,"4641",-1,
"424320",0,"4641",-1,
"424330",0,"4641",-1,
"424340",0,"4641",-1,
"424410",0,"4630",-1,
"424420",0,"4630",-1,
"424430",0,"4630",-1,
"424440",-1,"4620",-1,"live poultry"
"424440",-1,"4630",-1,"except live poultry"
"424450",0,"4630",-1,
"424460",0,"4630",-1,
"424470",0,"4630",-1,
"424480",0,"4630",-1,
"424490",-1,"4630",-1,"except flavoring extracts"
"424490",-1,"4669",-1,"flavoring extracts"
"424510",0,"4620",-1,
"424520",0,"4620",-1,
"424590",-1,"4620",-1,"except cacao beans and raw, unrefined sugar"
"424590",-1,"4630",-1,"cacao beans and raw, unrefined sugar"
"424610",0,"4669",-1,
"424690",-1,"4649",-1,"cleaning and polishing preparations"
"424690",-1,"4663",-1,"turpentine"
"424690",-1,"4669",-1,"except cleaning and polishing preparations and turpentine"
"424710",0,"4661",-1,
"424720",0,"4661",-1,
"424810",0,"4630",-1,
"424820",0,"4630",-1,
"424910",-1,"4620",-1,"except fertilizers, pesticides and agricultural chemicals"
"424910",-1,"4669",-1,"fertilizers, pesticides, agricultural chemicals"
"424920",0,"4649",-1,
"424930",0,"4620",-1,
"424940",0,"4630",-1,
"424950",-1,"4663",-1,"except pigments for paint"
"424950",-1,"4669",-1,"pigments for paint"
"424990",-1,"4620",-1,"dressed furs and skins, pet animals, bait, artificial and live Christmas trees, and oilseed cake"
"424990",-1,"4630",-1,"ice for food purposes"
"424990",-1,"4641",-1,"yarn, textile bags, and felt"
"424990",-1,"4649",-1,"leather goods (except belting, gloves, handbags, travel bags, and footwear)"
"424990",-1,"4661",-1,"charcoal"
"424990",-1,"4669",-1,"crude rubber, plastics foam, inedible animal and vegetable oils, plant food, etc.; sawdust and wood pulp"
"424990",-1,"4690",-1,"general merchandise, nondurable"
"425110",-1,"4510",-1,"motor vehicle B2B"
"425110",-1,"4530",-1,"parts B2B markets"
"425110",-1,"4540",-1,"motorcycle and parts B2B markets"
"425110",-1,"4610",-1,"except B2B of motor vehicles, motorcycles, and parts"
"425120",-1,"4510",-1,"motor vehicle agents and brokers"
"425120",-1,"4530",-1,"parts agents and brokers"
"425120",-1,"4540",-1,"motorcycle agents and brokers"
"425120",-1,"4610",-1,"except agents and brokers for motor vehicles, motorcycles, and parts"
"441110",0,"4510",-1,
"441120",0,"4510",-1,
"441210",-1,"4510",-1,"except RV parts and accessories dealers"
"441210",-1,"4530",-1,"RV parts and accessories dealers"
"441222",-1,"3315",-1,"retail and repair of new boats, primarily repair"
"441222",-1,"4763",-1,"except boat dealers with primary repair receipts"
"441228",-1,"4510",-1,"except retail aircraft and motorcycle dealers"
"441228",-1,"4540",-1,"retail motorcycle dealers"
"441228",-1,"4773",-1,"retail aircraft dealers"
"441310",-1,"4530",-1,"except auto audio stores"
"441310",-1,"4742",-1,"auto audio equipment stores (car stereo stores)"
"441320",-1,"4530",-1,"except motorcycle tire dealers, new and used"
"441320",-1,"4540",-1,"motorcycle tire dealers, new and used"
"442110",0,"4759",-1,
"442210",0,"4753",-1,
"442291",-1,"4753",-1,"except blind and shade stores with primary repair receipts"
"442291",-1,"9524",-1,"retailing new blinds and shades in combination with repair, repair as primary source of receipts"
"442299",-1,"4759",-1,"except custom picture framing shops"
"442299",-1,"4773",-1,"custom picture framing shops"
"443141",-1,"4759",-1,"except retail stores for appliances with primary repair receipts"
"443141",-1,"9522",-1,"retailing new electrical appliances combined with repair services, repair as primary source of receipts"
"443142",-1,"3313",-1,"retail and repair of cameras combined, repair as primary source of receipts"
"443142",-1,"4741",0,"telephone stores"
"443142",-1,"4742",-1,"except telephone stores, prerecorded tape, compact disc, and record stores, camera and photographic supplies stores, and consumer electronics stores with primary repair receipts"
"443142",-1,"4762",0,"prerecorded tape, compact disc, and record stores"
"443142",-1,"4773",-1,"camera and photographic supplies stores, except camera stores with primary repair receipts"
"443142",-1,"9521",-1,"retailing new and repairing consumer electronics with repair as primary source of receipts"
"444110",0,"4752",-1,
"444120",-1,"4752",-1,"except wallpaper stores"
"444120",-1,"4753",-1,"wallpaper stores"
"444130",0,"4752",-1,
"444190",-1,"4752",-1,"except lighting fixture stores"
"444190",-1,"4759",-1,"lighting fixture stores"
"444210",-1,"4752",-1,"except outdoor equipment stores with primary repair receipts"
"444210",-1,"9522",-1,"retailing new outdoor power equipment in combination with repair, repair as primary source of receipts"
"444220",0,"4773",-1,
"445110",0,"4711",-1,
"445120",0,"4711",-1,
"445210",0,"4721",-1,
"445220",0,"4721",-1,
"445230",-1,"4721",-1,"except fruit and vegetable stands"
"445230",-1,"4781",-1,"fruit and vegetable stands (market type)"
"445291",0,"4721",-1,
"445292",0,"4721",-1,
"445299",-1,"4721",-1,"except bottled water and soft drink stores"
"445299",-1,"4722",-1,"bottled water and bottled soft drink stores"
"445310",0,"4722",-1,
"446110",0,"4772",-1,
"446120",0,"4772",-1,
"446130",0,"4773",-1,
"446191",0,"4721",-1,
"446199",0,"4772",-1,
"447110",-1,"4711",-1,"gas stations with convenience stores, primarily selling food or beverages"
"447110",-1,"4730",-1,"except gas stations with convenience stores primarily selling goods other than fuels"
"447190",0,"4730",-1,
"448110",0,"4771",-1,
"448120",0,"4771",-1,
"448130",0,"4771",-1,
"448140",0,"4771",-1,
"448150",-1,"4771",-1,"except wig and hairpiece stores"
"448150",-1,"4773",-1,"wig and hairpiece stores"
"448190",0,"4771",-1,
"448210",0,"4771",-1,
"448310",-1,"4773",-1,"except jewelry stores with primary repair receipts"
"448310",-1,"9529",-1,"retailing new jewelry, clocks, and watches in combination with repair of these items, repair primary source of revenue"
"448320",-1,"4771",-1,"except luggage and leather goods stores with primary repair receipts"
"448320",-1,"9523",-1,"retailing new luggage and leather goods with repair as primary source of receipts"
"451110",-1,"4763",-1,"except sporting goods stores with primary repair receipts"
"451110",-1,"9529",-1,"sporting goods stores with primary repair receipts"
"451120",0,"4764",0,
"451130",0,"4751",0,
"451140",-1,"4759",-1,"except musical instrument stores with primary repair receipts"
"451140",-1,"9529",-1,"retail sale of new musical instruments combined with repair, repair as primary source of receipts"
"451211",0,"4761",-1,
"451212",0,"4761",-1,
"452111",0,"4719",-1,
"452112",0,"4719",-1,
"452910",-1,"4711",-1,"except warehouse clubs and superstores with lines other than grocery or beverage predominant"
"452910",-1,"4719",-1,"warehouse clubs and superstores with lines other than grocery or beverage predominant"
"452990",-1,"4530",-1,"auto and home stores"
"452990",-1,"4719",-1,"except auto and home stores"
"453110",0,"4773",-1,
"453210",0,"4761",-1,
"453220",0,"4773",-1,
"453310",0,"4774",-1,
"453910",0,"4773",-1,
"453920",0,"4773",-1,
"453930",0,"4773",-1,
"453991",0,"4723",0,
"453998",-1,"2396",-1,"custom finishing and lettering of tombstones"
"453998",-1,"4752",-1,"sauna and hot tub stores"
"453998",-1,"4759",-1,"home security equipment stores and candle stores"
"453998",-1,"4773",-1,"except sauna and hot tub stores, candle stores, home security stores, and general merchandise auction houses"
"453998",-1,"4774",-1,"general merchandise auction houses"
"454111",0,"4791",-1,
"454112",0,"4791",-1,
"454113",0,"4791",-1,
"454210",0,"4799",-1,
"454310",0,"4799",-1,
"454390",-1,"4781",-1,"temporary food, beverage, and tobacco stands"
"454390",-1,"4782",0,"temporary apparel stands"
"454390",-1,"4789",0,"temporary stands (except newsstands), seasonal stands, such as temporary fruit stands and Christmas tree stands, etc., flea market stands, bazaars, street vendors"
"454390",-1,"4799",-1,"except temporary stands for food, beverage, tobacco, apparel, street vendors, and flea market stands"
"481111",0,"5110",-1,
"481112",0,"5120",-1,
"481211",0,"5110",-1,
"481212",0,"5120",-1,
"481219",0,"5110",-1,
"482111",-1,"4911",-1,"interurban passenger rail transportation"
"482111",-1,"4912",-1,"except interurban passenger rail transportation"
"482112",0,"4912",-1,
"483111",0,"5012",-1,
"483112",0,"5011",-1,
"483113",0,"5012",-1,
"483114",0,"5011",-1,
"483211",0,"5022",0,
"483212",0,"5021",-1,
"484110",0,"4923",-1,
"484121",0,"4923",-1,
"484122",0,"4923",-1,
"484210",0,"4923",-1,
"484220",0,"4923",-1,
"484230",0,"4923",-1,
"485111",0,"4921",-1,
"485112",0,"4921",-1,
"485113",0,"4921",-1,
"485119",0,"4921",-1,
"485210",0,"4922",-1,
"485310",0,"4922",-1,
"485320",0,"4922",-1,
"485410",0,"4922",-1,
"485510",0,"4922",-1,
"485991",0,"4922",-1,
"485999",0,"4922",-1,
"486110",0,"4930",-1,
"486210",0,"4930",-1,
"486910",0,"4930",-1,
"486990",0,"4930",-1,
"487110",-1,"4911",-1,"operation of scenic and sightseeing railroads"
"487110",-1,"4922",-1,"except operation of scenic and sightseeing railroads"
"487210",-1,"5011",-1,"except inland sightseeing by water and inland charter fishing boats"
"487210",-1,"5021",-1,"inland water sightseeing transportation and inland charter fishing boats"
"487990",-1,"4922",-1,"except air sightseeing transport (helicopter, hot air balloon, etc.)"
"487990",-1,"5110",-1,"sightseeing air transportation (helicopter, hot air balloon, etc.), nonscheduled sightseeing transportation"
"488111",0,"5223",-1,
"488119",-1,"5223",-1,"except contract baggage handling and sweeping runways"
"488119",-1,"5224",-1,"baggage or cargo handling on a contract basis at airports"
"488119",-1,"8129",-1,"cleaning and sweeping airport runways"
"488190",-1,"3315",-1,"except non-repair services, such as aircraft testing services"
"488190",-1,"5223",-1,"other services, such as aircraft testing services"
"488210",-1,"3315",-1,"repairing locomotives and railroad cars (except factory rebuilding or factory conversion)"
"488210",-1,"5221",-1,"except locomotive and railroad car repair, contract loading and unloading of rail cars, and freight car cleaning services"
"488210",-1,"5224",-1,"loading and unloading rail cars, contract basis at rail yards"
"488210",-1,"8129",-1,"freight car cleaning services"
"488310",0,"5222",-1,
"488320",-1,"5224",-1,"except ship hold cleaning services"
"488320",-1,"8129",-1,"ship hold cleaning services"
"488330",0,"5222",-1,
"488390",-1,"3315",-1,"ship scaling not done in shipyards, repairs and routine maintenance performed by floating dry-docks"
"488390",-1,"3830",-1,"ship breaking or dismantling done on a floating dry dock"
"488390",-1,"5222",-1,"vessel supply services"
"488390",-1,"5229",-1,"except vessel supply services, floating dry dock repair and maintenance services, and ship breaking or dismantling on a floating dry dock"
"488410",0,"5221",-1,
"488490",-1,"5221",-1,"except loading and unloading trucks, road cargo surveyors, street sweeping and snow removal"
"488490",-1,"5224",-1,"loading and unloading trucks at terminals"
"488490",-1,"5229",-1,"cargo surveyors-truck transportation"
"488490",-1,"8129",-1,"street sweeping and snow removal on highways, bridges, roads, etc."
"488510",0,"5229",-1,
"488991",0,"5229",-1,
"488999",-1,"0910",-1,"liquefaction of natural gas at the mine site"
"488999",-1,"5221",-1,"except liquefaction of natural gas at the mine site, nongovernment space flight centers, and arrangement of van or car pools"
"488999",-1,"5223",-1,"nongovernment space flight operations centers not providing space transportation"
"488999",-1,"5229",-1,"arrangement of car pools and van pools"
"491110",0,"5310",0,
"492110",0,"5320",-1,
"492210",0,"5320",-1,
"493110",0,"5210",-1,
"493120",0,"5210",-1,
"493130",0,"5210",-1,
"493190",0,"5210",-1,
"511110",0,"5813",-1,
"511120",0,"5813",-1,
"511130",0,"5811",-1,
"511140",0,"5812",-1,
"511191",0,"5819",-1,
"511199",-1,"5811",-1,"yearbook publishing"
"511199",-1,"5819",-1,"except yearbook publishing"
"511210",0,"5820",-1,
"512110",0,"5911",0,
"512120",0,"5913",-1,
"512131",0,"5914",-1,
"512132",0,"5914",-1,
"512191",0,"5912",-1,
"512199",-1,"5912",-1,"except motion picture booking agencies"
"512199",-1,"5913",-1,"motion picture booking agencies"
"512210",0,"5920",-1,
"512220",0,"5920",-1,
"512230",0,"5920",-1,
"512240",0,"5920",-1,
"512290",0,"5920",-1,
"515111",-1,"6010",-1,"except transmission only"
"515111",-1,"6120",-1,"transmission only"
"515112",-1,"6010",-1,"except transmission only"
"515112",-1,"6120",-1,"transmission only"
"515120",-1,"6020",-1,"except transmission only"
"515120",-1,"6120",-1,"transmission only"
"515210",-1,"6020",-1,"except transmission only"
"515210",-1,"6120",-1,"transmission only"
"517110",-1,"6110",0,"except direct-to-home satellite television service"
"517110",-1,"6130",-1,"direct-to-home satellite television service"
"517210",0,"6120",-1,
"517410",-1,"6130",-1,"except satellite telecommunications resellers"
"517410",-1,"6190",-1,"satellite telecommunications resellers"
"517911",0,"6190",-1,
"517919",0,"6190",-1,
"518210",-1,"6311",0,"except microfilming services"
"518210",-1,"7420",-1,"microfilming services"
"519110",0,"6391",0,
"519120",0,"9101",-1,
"519130",-1,"5811",-1,"Internet only book publishing"
"519130",-1,"5812",-1,"on-line directory, collection, and mailing list publishing"
"519130",-1,"5813",-1,"Internet only newspaper, journal and periodical publishing"
"519130",-1,"5819",-1,"other publishing exclusively on the Internet"
"519130",-1,"5820",-1,"Internet software publishing without traditional publishing"
"519130",-1,"5920",-1,"Internet music publishing without traditional music publishing"
"519130",-1,"6010",-1,"Internet radio broadcasting"
"519130",-1,"6020",-1,"Internet television broadcasting"
"519130",-1,"6312",0,"web search portals"
"519190",-1,"6399",0,"except stock photo libraries and services"
"519190",-1,"9101",-1,"stock photo libraries and services"
"521110",0,"6411",-1,
"522110",0,"6419",-1,
"522120",0,"6419",-1,
"522130",0,"6419",-1,
"522190",0,"6419",-1,
"522210",0,"6492",-1,
"522220",-1,"6491",0,"establishments providing a combination of sales financing and finance leasing (finance leasing primary)."
"522220",-1,"6492",-1,"except units providing a combination of sales financing and financial leasing with financial leasing primary"
"522291",0,"6492",-1,
"522292",0,"6492",-1,
"522293",0,"6492",-1,
"522294",0,"6499",-1,
"522298",-1,"6411",-1,"national office supervising credit unions (similar to oversight of banks by Central Bank)"
"522298",-1,"6492",-1,"except credit union oversight and factoring accounts receivable"
"522298",-1,"6499",-1,"factoring accounts receivable"
"522310",0,"6619",-1,
"522320",0,"6619",-1,
"522390",0,"6419",-1,
"523110",0,"6499",-1,
"523120",0,"6612",-1,
"523130",-1,"6499",-1,"except foreign currency exchanges"
"523130",-1,"6612",-1,"foreign currency exchanges (selling currency to the public)"
"523140",0,"6612",-1,
"523210",0,"6611",0,
"523910",-1,"6499",-1,"except buying and selling real estate as a trading stock"
"523910",-1,"6810",-1,"buying and selling of real estate as a trading stock of the seller"
"523920",0,"6630",0,
"523930",0,"6619",-1,
"523991",0,"6619",-1,
"523999",-1,"6612",-1,"gas and oil lease brokers offices"
"523999",-1,"6619",-1,"except gas and oil lease brokers offices"
"524113",0,"6511",0,
"524114",0,"6512",-1,
"524126",0,"6512",-1,
"524127",0,"6512",-1,
"524128",0,"6512",-1,
"524130",0,"6520",0,
"524210",0,"6622",0,
"524291",0,"6621",0,
"524292",0,"6629",-1,
"524298",0,"6629",-1,
"525110",0,"6530",0,
"525120",0,"6430",-1,
"525190",0,"6430",-1,
"525910",0,"6430",-1,
"525920",0,"6430",-1,
"525990",0,"6430",-1,
"531110",0,"6810",-1,
"531120",0,"6810",-1,
"531130",0,"6810",-1,
"531190",0,"6810",-1,
"531210",0,"6820",-1,
"531311",0,"6820",-1,
"531312",0,"6820",-1,
"531320",0,"6820",-1,
"531390",0,"6820",-1,
"532111",0,"7710",-1,
"532112",0,"7710",-1,
"532120",-1,"7710",-1,"except rental and leasing of RVs"
"532120",-1,"7730",-1,"rental and leasing of RVs"
"532210",0,"7729",-1,
"532220",0,"7729",-1,
"532230",0,"7722",0,
"532291",0,"7729",-1,
"532292",-1,"7721",0,"except rental of motorcycles"
"532292",-1,"7730",-1,"rental of motorcycles"
"532299",0,"7729",-1,
"532310",-1,"7729",-1,"renting a range of commercial and household equipment including do-it-yourself equipment (primarily household)"
"532310",-1,"7730",-1,"except general rental centers primarily renting personal or household goods"
"532411",0,"7730",-1,
"532412",0,"7730",-1,
"532420",0,"7730",-1,
"532490",0,"7730",-1,
"533110",0,"7740",0,
"541110",0,"6910",-1,
"541120",0,"6910",-1,"null set in US: legal activities carried out by notaries"
"541191",0,"6910",-1,
"541199",0,"6910",-1,
"541211",0,"6920",-1,
"541213",0,"6920",-1,
"541214",0,"6920",-1,
"541219",0,"6920",-1,
"541310",0,"7110",-1,
"541320",0,"7110",-1,
"541330",0,"7110",-1,
"541340",0,"7110",-1,
"541350",0,"7110",-1,
"541360",0,"7110",-1,
"541370",0,"7110",-1,
"541380",0,"7120",-1,
"541410",0,"7410",-1,
"541420",0,"7410",-1,
"541430",0,"7410",-1,
"541490",0,"7410",-1,
"541511",0,"6201",0,
"541512",0,"6202",-1,
"541513",0,"6202",-1,
"541519",0,"6209",0,
"541611",0,"7020",-1,
"541612",-1,"6629",-1,"actuarial consulting services"
"541612",-1,"7020",-1,"except actuarial consulting services"
"541613",0,"7020",-1,
"541614",-1,"7020",-1,"except freight rate auditors and consultants"
"541614",-1,"7490",-1,"freight rate auditors and consultants"
"541618",0,"7490",-1,
"541620",0,"7490",-1,
"541690",0,"7490",-1,
"541711",0,"7210",-1,
"541712",0,"7210",-1,
"541720",0,"7220",0,
"541810",0,"7310",-1,
"541820",0,"7020",-1,
"541830",0,"7310",-1,
"541840",0,"7310",-1,
"541850",0,"7310",-1,
"541860",0,"7310",-1,
"541870",0,"7310",-1,
"541890",0,"7310",-1,
"541910",0,"7320",0,
"541921",0,"7420",-1,
"541922",0,"7420",-1,
"541930",0,"7490",-1,
"541940",0,"7500",-1,
"541990",-1,"6910",-1,"arbitration and conciliation services not provided by lawyers or paralegals"
"541990",-1,"7490",-1,"except arbitration and conciliation services, handwriting analysis and consumer credit and debt counseling services"
"541990",-1,"8030",-1,"handwriting analysis services and expert services"
"541990",-1,"8890",-1,"consumer credit and debt counseling services"
"551111",0,"6420",-1,
"551112",0,"6420",-1,
"551114",0,"7010",0,
"561110",0,"8211",0,
"561210",-1,"8110",0,"except private contract operation of prisons"
"561210",-1,"8423",-1,"private contract operation of prisons"
"561311",0,"7810",-1,
"561312",0,"7810",-1,
"561320",0,"7820",0,
"561330",0,"7830",0,
"561410",0,"8219",-1,
"561421",0,"8220",-1,
"561422",0,"8220",-1,
"561431",0,"8219",-1,
"561439",0,"8219",-1,
"561440",-1,"8291",-1,"except tax collection on a contract or fee basis"
"561440",-1,"8411",-1,"tax collection on a contract or fee basis"
"561450",0,"8291",-1,
"561491",0,"8299",-1,
"561492",0,"8299",-1,
"561499",-1,"8292",-1,"barcode attaching services (labeling services)"
"561499",-1,"8299",-1,"except barcode attaching services (labeling services)"
"561510",0,"7911",0,
"561520",0,"7912",0,
"561591",0,"7990",-1,
"561599",0,"7990",-1,
"561611",-1,"8010",-1,"fingerprinting, polygraph services"
"561611",-1,"8030",-1,"except fingerprinting and polygraph services"
"561612",0,"8010",-1,
"561613",0,"8010",-1,
"561621",0,"8020",-1,
"561622",0,"8020",-1,
"561710",0,"8129",-1,
"561720",-1,"8121",0,"except cleaning transport equipment and window cleaning services"
"561720",-1,"8129",-1,"cleaning of transport equipment, window cleaning services"
"561730",0,"8130",0,
"561740",0,"9601",-1,
"561790",-1,"4390",-1,"power washing and other exterior cleaning"
"561790",-1,"8129",-1,"except power washing and other exterior cleaning"
"561910",0,"8292",-1,
"561920",0,"8230",0,
"561990",-1,"1313",-1,"cloth cutting, winding, or bolting for the trade"
"561990",-1,"8299",-1,"except cloth cutting for the trade, motor vehicle license issuing on a contract or fee basis and commercial fire fighting services"
"561990",-1,"8413",-1,"vehicle license issuing on a contract or fee basis"
"561990",-1,"8423",-1,"commercial fire fighting"
"562111",0,"3811",-1,
"562112",0,"3812",0,
"562119",0,"3811",-1,
"562211",0,"3822",0,
"562212",0,"3821",-1,
"562213",0,"3821",-1,"except treatment and filtration of nonhazardous industrial waste water (not part of sewer system)"
"562219",-1,"3700",-1,"treatment and filtration of nonhazardous industrial waste water (not part of sewer system)"
"562219",-1,"3821",-1,
"562910",0,"3900",0,
"562920",0,"3830",-1,
"562991",0,"3700",-1,
"562998",0,"3700",-1,
"611110",-1,"8510",-1,"preschools, kindergartens, elementary schools, and associated school boards"
"611110",-1,"8521",0,"jr. high schools, high schools, and associated school boards"
"611110",-1,"8522",-1,"technical and vocational high schools"
"611210",0,"8530",-1,
"611310",0,"8530",-1,
"611410",0,"8522",-1,
"611420",0,"8549",-1,
"611430",0,"8549",-1,
"611511",0,"8522",-1,
"611512",-1,"8522",-1,"except flight training not resulting in type rating (certificate for 747, 757, etc.)"
"611512",-1,"8549",-1,"flight training not resulting in type rating (certificate for 747, 757, etc.)"
"611513",0,"8522",-1,
"611519",0,"8522",-1,
"611610",0,"8542",0,
"611620",0,"8541",-1,
"611630",0,"8549",-1,
"611691",-1,"8510",-1,"adult literacy programs"
"611691",-1,"8549",-1,"except adult literacy programs"
"611692",0,"8549",-1,
"611699",-1,"8541",-1,"yoga instruction, card game instruction (such as bridge)"
"611699",-1,"8549",-1,"except yoga instruction and card game instruction"
"611710",0,"8550",0,
"621111",0,"8620",-1,
"621112",0,"8620",-1,
"621210",0,"8620",-1,
"621310",0,"8690",-1,
"621320",0,"8690",-1,
"621330",0,"8690",-1,
"621340",0,"8690",-1,
"621391",0,"8690",-1,
"621399",0,"8690",-1,
"621410",-1,"8620",-1,"except family planning and counseling provided by medical professionals (except doctors) and family planning social services"
"621410",-1,"8690",-1,"medical family planning centers, services by nurses and other medical professionals except doctors"
"621410",-1,"8890",-1,"family planning counseling and services not provided by doctors, nurses, or other medical professionals"
"621420",-1,"8620",-1,"except outpatient detoxification centers, drug addiction centers, mental health centers etc. without medical doctors providing services"
"621420",-1,"8690",-1,"outpatient detoxification centers, drug addiction centers, mental health centers etc. without medical doctors providing services"
"621491",0,"8620",-1,
"621492",0,"8690",-1,
"621493",0,"8620",-1,
"621498",-1,"8620",-1,"except nonmedical treatment facilities, biofeedback centers and sleep disorder centers"
"621498",-1,"8690",-1,"nonmedical treatment facilities, biofeedback centers and sleep disorder centers"
"621511",0,"8690",-1,
"621512",0,"8690",-1,
"621610",0,"8690",-1,
"621910",0,"8690",-1,
"621991",0,"8690",-1,
"621999",0,"8690",-1,
"622110",0,"8610",-1,
"622210",0,"8610",-1,
"622310",0,"8610",-1,
"623110",0,"8710",0,
"623210",0,"8720",-1,
"623220",0,"8720",-1,
"623311",0,"8730",-1,
"623312",0,"8730",-1,
"623990",0,"8790",0,
"624110",0,"8890",-1,
"624120",0,"8810",0,
"624190",0,"8890",-1,
"624210",0,"8890",-1,
"624221",0,"8890",-1,
"624229",0,"8890",-1,
"624230",0,"8890",-1,
"624310",0,"8890",-1,
"624410",0,"8890",-1,
"711110",0,"9000",-1,
"711120",0,"9000",-1,
"711130",0,"9000",-1,
"711190",-1,"9000",-1,"except carnivals"
"711190",-1,"9329",-1,"carnivals"
"711211",0,"9312",-1,
"711212",0,"9311",-1,
"711219",0,"9319",-1,
"711310",-1,"9000",-1,"arts facilities operators"
"711310",-1,"9311",-1,"except arts facilities operators, sports promoters with facilities and fair promoters with facilities"
"711310",-1,"9319",-1,"sports organizers and promoters with facilities"
"711310",-1,"9329",-1,"fair promoters and organizers with facilities, including agricultural fairs"
"711320",-1,"9000",-1,"arts events organizers without facilities"
"711320",-1,"9319",-1,"except arts events organizers without facilities, fair promoters and organizers without facilities and concert booking agencies"
"711320",-1,"9329",-1,"concert booking agencies and fair promoters and organizers without facilities, including agricultural fairs"
"711410",0,"7490",-1,
"711510",-1,"3290",-1,"taxidermists (wildlife artists)"
"711510",-1,"3319",-1,"restoration services for organs and similar instruments"
"711510",-1,"7420",-1,"independent photojournalists"
"711510",-1,"9000",-1,"except independent photojournalists, restoration services for organs and similar antique instruments, and taxidermists"
"712110",0,"9102",-1,
"712120",0,"9102",-1,
"712130",0,"9103",-1,
"712190",0,"9103",-1,
"713110",0,"9321",0,
"713120",0,"9329",-1,
"713210",0,"9200",-1,
"713290",0,"9200",-1,
"713910",0,"9311",-1,
"713920",-1,"4922",-1,"ski lift operators"
"713920",-1,"9329",-1,"except independent ski lift operators"
"713930",0,"9329",-1,
"713940",0,"9311",-1,
"713950",0,"9311",-1,
"713990",-1,"7990",-1,"tourist guide services"
"713990",-1,"9312",-1,"recreational sporting teams and clubs (such as little league), hunting guides"
"713990",-1,"9319",-1,"driving ranges, skeet shooting facilities, billiard rooms, and other miscellaneous sporting facility operation"
"713990",-1,"9329",-1,"except driving ranges, skeet shooting facilities, billiard rooms, recreational sporting teams and clubs, hunting guides, and tourist guide services"
"721110",-1,"5510",-1,"except separate operation of sleeping car services"
"721110",-1,"5590",-1,"separate operation of sleeping car services"
"721120",-1,"5510",-1,"casino hotels (hotel as plurality of revenue)"
"721120",-1,"9200",-1,"except casino hotels with hotel activities as primary source of receipts"
"721191",0,"5510",-1,
"721199",0,"5510",-1,
"721211",0,"5520",-1,
"721214",0,"5520",-1,
"721310",0,"5590",-1,
"722310",0,"5629",0,
"722320",0,"5621",0,
"722330",-1,"5610",-1,"except mobile beverage bars and carts"
"722330",-1,"5630",-1,"mobile beverage bars and carts"
"722410",0,"5630",-1,
"722511",0,"5610",-1,
"722513",0,"5610",-1,
"722514",0,"5610",-1,
"722515",-1,"5610",-1,"except nonalcoholic beverage bars"
"722515",-1,"5630",-1,"nonalcoholic beverage bars"
"811111",0,"4520",-1,
"811112",0,"4520",-1,
"811113",0,"4520",-1,
"811118",0,"4520",-1,
"811121",-1,"2920",-1,"custom fabrication of trailer bodies in a shop rather than on a factory basis, custom conversion of vans in a shop rather than a factory"
"811121",-1,"4520",-1,"except custom fabrication of trailer bodies in a shop rather than on a factory basis, custom conversion of vans in a shop rather than a factory"
"811122",0,"4520",-1,
"811191",0,"4520",-1,
"811192",0,"4520",-1,
"811198",-1,"4520",-1,"except motor vehicle emissions and safety inspection services"
"811198",-1,"7120",-1,"automobile emissions inspection services and safety inspection services"
"811211",-1,"3313",-1,"camera repair shops"
"811211",-1,"9512",-1,"cell phone repair"
"811211",-1,"9521",-1,"except camera and cell phone repair"
"811212",-1,"3312",-1,"repair of office machinery (except computers) and repair of dictating machines"
"811212",-1,"3313",-1,"repair of digital cameras"
"811212",-1,"9511",0,"except repair of office machines, dictating machines, and digital cameras"
"811213",-1,"3313",-1,"repair of GPS devices"
"811213",-1,"9512",-1,"except repair of public address equipment and GPS devices"
"811213",-1,"9521",-1,"repair and maintenance of public address equipment"
"811219",-1,"3312",-1,"weighing equipment repair and maintenance"
"811219",-1,"3313",-1,"except repair and maintenance of weighing equipment"
"811310",-1,"3311",-1,"fabricated metal products"
"811310",-1,"3312",-1,"except fabricated metal products, pulse generators, electrical equipment, shopping carts, trailers, other equipment, such as fishing nets, fertilizer bags, plastics and rubber products, non-metallic mineral products, commercial timing mechanisms, repair of trailers, and cleaning of industrial machinery"
"811310",-1,"3313",-1,"repair of pulse generators"
"811310",-1,"3314",0,"repair of electrical equipment"
"811310",-1,"3315",-1,"repair of shopping carts"
"811310",-1,"3319",-1,"repair of miscellaneous commercial and industrial equipment, such as fishing nets, fertilizer bags, plastics and rubber products, non-metallic mineral products, parking meters, and commercial timing mechanisms"
"811310",-1,"4520",-1,"repair of trailers"
"811310",-1,"8129",-1,"cleaning industrial machinery"
"811411",-1,"3312",-1,"repair of power tools,  hand-held type"
"811411",-1,"9522",-1,"except repair of hand-held power tools"
"811412",0,"9522",-1,
"811420",0,"9524",-1,
"811430",0,"9523",-1,
"811490",-1,"3311",-1,"gun repair"
"811490",-1,"3312",-1,"repair of bowling alley equipment"
"811490",-1,"3315",-1,"pleasure boat repair and maintenance services (not also selling new boats), repair of animal drawn vehicles"
"811490",-1,"3319",-1,"repair of pin ball machines and other coin-operated games, and similar equipment"
"811490",-1,"4540",-1,"general motorcycle repair shops, without retailing new motorcycles"
"811490",-1,"9522",-1,"outboard motor repair"
"811490",-1,"9529",-1,"except gun, bowling alley equipment, boat, animal drawn vehicles, coin-operated games, motorcycle, and outboard motor repair"
"812111",0,"9602",-1,
"812112",0,"9602",-1,
"812113",0,"9602",-1,
"812191",0,"9609",-1,
"812199",0,"9609",-1,
"812210",0,"9603",-1,
"812220",0,"9603",-1,
"812310",0,"9601",-1,
"812320",0,"9601",-1,
"812331",0,"9601",-1,
"812332",0,"9601",-1,
"812910",0,"9609",-1,
"812921",0,"7420",-1,
"812922",0,"7420",-1,
"812930",-1,"5221",-1,"except valet parking services"
"812930",-1,"9609",-1,"valet parking services"
"812990",-1,"6190",-1,"pay telephone concession operators"
"812990",-1,"9529",-1,"baby shoe bronzing"
"812990",-1,"9609",-1,"except baby shoe bronzing and pay telephone concession operators"
"813110",0,"9491",0,
"813211",0,"9499",-1,
"813212",0,"9499",-1,
"813219",0,"9499",-1,
"813311",0,"9499",-1,
"813312",0,"9499",-1,
"813319",0,"9499",-1,
"813410",0,"9499",-1,
"813910",0,"9411",0,
"813920",0,"9412",0,
"813930",0,"9420",0,
"813940",0,"9492",0,
"813990",-1,"9319",-1,"sports leagues and regulating bodies"
"813990",-1,"9499",-1,"except sports leagues and regulating bodies"
"814110",0,"9700",0,
"921110",0,"8411",-1,
"921120",0,"8411",-1,
"921130",0,"8411",-1,
"921140",0,"8411",-1,
"921150",-1,"8411",-1,"except tribal courts and tribal police"
"921150",-1,"8423",-1,"tribal courts and tribal police"
"921190",0,"8411",-1,
"922110",0,"8423",-1,
"922120",0,"8423",-1,
"922130",0,"8423",-1,
"922140",0,"8423",-1,
"922150",0,"8423",-1,
"922160",0,"8423",-1,
"922190",-1,"8411",-1,"justice statistics centers"
"922190",-1,"8422",-1,"civil defense activities"
"922190",-1,"8423",-1,"except civil defense activities and justice statistics centers"
"923110",-1,"8411",-1,"education statistics centers"
"923110",-1,"8412",-1,"except education statistics centers"
"923120",-1,"8411",-1,"health statistics centers"
"923120",-1,"8412",-1,"except health statistics centers"
"923130",-1,"8412",-1,"administration of human resource programs"
"923130",-1,"8430",0,"social security, workers compensation, unemployment insurance and similar social welfare programs"
"923140",0,"8412",-1,
"924110",0,"8412",-1,
"924120",-1,"8412",-1,"except agricultural conservation and stabilization program administration and fishery inspection and protection"
"924120",-1,"8413",-1,"conservation and stabilization program administration"
"924120",-1,"8423",-1,"fishery inspection and protection"
"925110",0,"8412",-1,
"925120",0,"8413",-1,
"926110",-1,"7990",-1,"tourism development and promotion"
"926110",-1,"8411",-1,"general government statistics centers"
"926110",-1,"8412",-1,"administration of art and cultural programs"
"926110",-1,"8413",-1,"except tourism development, statistics centers, art and cultural programs, and foreign cultural activities"
"926110",-1,"8421",-1,"foreign cultural activities"
"926120",-1,"8413",-1,"except coast guard activities"
"926120",-1,"8423",-1,"coast guard activities (except academy)"
"926130",0,"8413",-1,
"926140",0,"8413",-1,
"926150",0,"8413",-1,
"927110",-1,"5120",-1,"transportation of freight using government space vehicles and systems"
"927110",-1,"8413",-1,"except space transportation of freight"
"928110",-1,"8421",-1,"foreign military aid"
"928110",-1,"8422",-1,"except foreign military aid, military police, and military courts"
"928110",-1,"8423",-1,"military police, coast guard, and similar"
"928110",-1,"8423",-1,"military courts"
"928120",-1,"8421",-1,"except immigration and border police and extraterritorial bodies"
"928120",-1,"8423",-1,"immigration and border police"
"928120",-1,"9900",0,"UN, world bank, and similar"
"n/a",-1,"9810",0,"one to many links for ISIC 9810 to all of NAICS based on the goods"
"n/a",-1,"9820",0,"one to many links for ISIC 9820 to all of NAICS based on the services"