Country	1950	1951	1952	1953	1954	1955	1956	1957	1958	1959	1960	1961	1962	1963	1964	1965	1966	1967	1968	1969	1970	1971	1972	1973	1974	1975	1976	1977	1978	1979	1980	1981	1982	1983	1984	1985	1986	1987	1988	1989	1990	1991	1992	1993	1994	1995	1996	1997	1998	1999	2000	2001	2002	2003	2004	2005	2006	2007	2008	2009	2010	2011	2012	2013	2014	2015	2016	2017	2018	2019	2020	2021
Afghanistan	no data	no data	no data	no data	no data	no data	no data	no data	no data	no data	no data	no data	no data	no data	no data	no data	no data	no data	no data	no data	no data	no data	no data	no data	no data	no data	no data	no data	no data	no data	no data	no data	no data	no data	no data	no data	no data	no data	no data	no data	no data	no data	no data	no data	no data	no data	no data	no data	no data	no data	no data	no data	no data	no data	no data	no data	1.175832846	6.855054623	2.191003597	9.539459375	9.955620011	3.57410218	2.943504083	3.251558851	2.940146805	3.124990498	2.724768196	2.684245578	2.465668048	2.25588343	2.02434419	no data
Albania	no data	no data	no data	no data	no data	no data	no data	no data	no data	no data	no data	no data	no data	no data	no data	no data	no data	no data	no data	no data	no data	no data	no data	no data	no data	no data	no data	no data	no data	no data	no data	no data	no data	no data	no data	no data	no data	no data	no data	no data	no data	no data	no data	no data	no data	no data	no data	no data	no data	no data	no data	no data	no data	7.544839098	8.848490648	12.66872008	16.41242811	20.98059668	26.36284995	28.40407583	30.02878328	35.68116131	36.55152223	35.99516518	36.31287257	33.26356939	31.90646747	29.44504426	25.517285	25.78810053	28.63295767	26.20366183
Argentina	no data	no data	no data	no data	no data	no data	no data	no data	no data	no data	no data	no data	no data	no data	no data	no data	no data	no data	no data	no data	no data	no data	no data	no data	no data	no data	no data	no data	no data	no data	no data	no data	no data	no data	no data	no data	no data	no data	no data	no data	no data	no data	no data	no data	20.27264842	20.89531398	21.45003029	23.82835559	25.04155879	23.76898286	21.89419864	32.28999306	57.73750141	39.21088491	32.45303909	26.11385569	23.10264692	20.45568962	18.31296134	17.83720783	16.23616287	15.70836781	16.14508667	16.56666798	13.92865177	15.0928714	14.79686685	17.97937659	22.41343822	22.65469933	24.16059043	18.36347013
Australia	no data	no data	no data	no data	no data	no data	no data	no data	no data	no data	no data	no data	no data	no data	no data	no data	no data	no data	no data	no data	no data	no data	no data	no data	no data	no data	no data	34.99346045	35.8174282	36.67315703	38.49988693	40.63696331	44.51039894	47.38959983	47.50556946	51.63937132	62.30414181	69.13547193	74.79356902	74.24619982	75.45767929	73.46435162	70.97481491	64.53796752	60.99318992	59.84185701	59.17778905	61.1884559	62.63535551	63.30378975	68.68517329	65.76774209	64.68679715	63.29525914	63.62541996	69.84203624	74.18333882	79.49113979	82.45977948	75.71791443	68.40292014	66.24237592	67.52060251	70.8154791	73.24376823	78.32019687	76.97571565	72.77616876	73.16998858	72.22343696	71.50212903	65.40224965
Austria	no data	no data	no data	no data	no data	no data	no data	no data	no data	no data	no data	no data	no data	no data	no data	no data	no data	no data	no data	no data	no data	no data	no data	no data	no data	no data	no data	no data	no data	no data	no data	no data	no data	no data	no data	no data	no data	no data	no data	no data	no data	no data	no data	no data	no data	65.16667875	66.27778557	70.8617567	71.9599932	76.34022171	82.55464256	83.82450969	82.72333421	84.29478678	81.25742991	82.04506543	83.86801203	88.82166928	90.48348339	91.76060194	93.05852112	92.22303264	91.6808906	95.52184525	91.7066116	91.54664677	91.7966041	92.0306323	92.91639673	93.03768252	99.95766114	100.9618366
Bangladesh	no data	no data	no data	no data	no data	no data	no data	no data	no data	no data	no data	no data	no data	no data	no data	no data	no data	no data	no data	no data	no data	no data	no data	no data	no data	no data	no data	no data	no data	no data	no data	no data	no data	no data	no data	no data	no data	no data	no data	no data	no data	no data	no data	no data	no data	no data	no data	no data	no data	no data	no data	0.058883095	0.128718418	0.121124275	16.48840724	17.27413605	18.67647517	no data	no data	no data	no data	no data	no data	26.9451021	28.48382324	29.41240711	30.32191308	32.27938061	32.22141429	31.42883203	31.61232529	31.44420088
Belgium	no data	no data	no data	no data	no data	no data	no data	no data	no data	no data	no data	no data	no data	no data	no data	no data	no data	no data	no data	no data	no data	no data	no data	no data	no data	no data	no data	no data	no data	no data	55.19562333	58.76812942	57.91959123	56.91623446	54.41551442	51.84207136	50.07678017	50.33964246	52.85848183	57.05984826	57.20623153	59.66166844	67.26714703	71.16606477	72.1684629	68.56462808	71.04784216	77.29862874	81.99583878	94.17926093	105.4135332	113.0580513	109.8333059	116.1204974	118.0038407	113.5635424	113.5543178	122.9940719	142.222993	152.1088223	137.5307044	145.4251426	150.0244708	148.9602423	148.8421951	150.5617924	170.4918795	157.3342321	151.1579231	151.1188943	154.7745724	150.3564761
Brazil	no data	no data	no data	no data	no data	no data	no data	no data	no data	no data	no data	no data	no data	no data	no data	no data	no data	no data	no data	no data	no data	no data	no data	no data	no data	no data	no data	no data	no data	no data	no data	no data	no data	no data	no data	no data	no data	no data	no data	no data	no data	no data	no data	no data	63.67357219	38.83783386	33.11912191	35.16341434	36.69373303	36.46612014	33.35979778	38.19689973	42.21816672	38.26308201	33.43716001	32.98757385	35.16889747	30.6826215	36.45005809	36.92168018	36.82270558	39.06228935	42.15098112	44.9908555	47.48911221	53.86763303	46.59175593	44.51358815	46.01687116	47.03573397	55.26818134	54.35959947
Bulgaria	no data	no data	no data	no data	no data	no data	no data	no data	no data	no data	no data	no data	no data	no data	no data	no data	no data	no data	no data	no data	no data	no data	no data	no data	no data	no data	no data	no data	no data	no data	no data	no data	no data	no data	no data	no data	no data	no data	no data	no data	no data	no data	no data	no data	no data	35.67372336	51.84855649	9.988253163	10.57632646	17.2639502	25.11477382	28.02784215	33.0661165	40.80827643	53.14274451	65.83776504	84.94782426	109.2385507	120.8345628	120.2078969	116.3730013	109.7450946	109.6919442	112.3918464	113.1411283	95.03273753	90.28667228	84.86300957	83.20726881	78.4717953	77.48941867	72.54640111
Cameroon	no data	no data	no data	no data	no data	no data	no data	no data	no data	no data	no data	no data	no data	no data	no data	no data	no data	no data	no data	no data	no data	no data	no data	no data	no data	no data	no data	no data	no data	no data	no data	no data	no data	no data	no data	no data	no data	no data	no data	no data	no data	no data	no data	no data	no data	no data	no data	no data	no data	no data	no data	5.844777277	6.326506535	6.182184016	5.922875772	6.543963154	6.146269285	6.295541286	7.161906479	7.308232419	7.463766686	8.810390501	8.427136594	9.149954206	9.799276027	10.58407791	10.84813654	10.2702107	10.36596809	9.480296177	no data	no data
Canada	no data	no data	no data	no data	no data	no data	no data	no data	no data	no data	no data	no data	no data	no data	no data	no data	no data	no data	no data	52.5556895	52.05115354	53.90908963	54.66665248	55.43596046	56.70534852	57.68450986	58.17961777	60.40780156	62.13657242	66.05553392	70.03798229	76.78969915	75.85198657	68.94753582	66.73016065	67.38856102	68.53122686	68.95841459	71.92683293	75.86404578	79.18220103	82.76280222	82.80083403	84.18659317	82.21704808	81.93888803	80.91480449	83.13743348	86.99556004	81.33495779	82.60165939	87.83348463	89.8127996	84.60119849	84.13295791	77.42415183	78.25577107	81.10094627	84.22344408	88.50829932	85.29027975	85.40801539	89.84649198	95.25713538	99.11559388	108.6979217	109.6912668	110.091837	113.197267	116.3284723	131.7114109	123.0011363
Central African Republic	no data	no data	no data	no data	no data	no data	no data	no data	no data	no data	no data	no data	no data	no data	no data	no data	no data	no data	no data	no data	no data	no data	no data	no data	no data	no data	no data	no data	no data	no data	no data	no data	no data	no data	no data	no data	no data	no data	no data	no data	no data	no data	no data	no data	no data	no data	no data	no data	no data	no data	no data	3.369956796	3.684891074	3.828774625	4.500784804	4.288589793	3.58942465	4.269277916	5.035932504	4.947154588	5.32485458	5.089581785	5.835695687	7.681575141	7.223559493	6.849844156	6.99443842	6.508388431	8.38509611	7.772145225	no data	no data
Chad	no data	no data	no data	no data	no data	no data	no data	no data	no data	no data	no data	no data	no data	no data	no data	no data	no data	no data	no data	no data	no data	no data	no data	no data	no data	no data	no data	no data	no data	no data	no data	no data	no data	no data	no data	no data	no data	no data	no data	no data	no data	no data	no data	no data	no data	no data	no data	no data	no data	no data	no data	1.905150411	1.970845611	2.323582991	1.664445123	1.700680079	1.463104246	1.612848936	1.632624738	2.73864947	2.891369126	3.379420691	3.80246351	3.636312481	5.372058308	5.701094221	6.549536057	6.717023549	6.980829994	6.105194975	no data	no data
Chile	no data	no data	no data	no data	no data	no data	no data	no data	no data	no data	no data	no data	no data	no data	no data	no data	no data	no data	no data	no data	no data	no data	no data	no data	no data	no data	no data	no data	no data	no data	no data	no data	no data	no data	no data	no data	no data	no data	no data	no data	no data	no data	no data	no data	no data	no data	no data	no data	no data	no data	no data	no data	90.43544264	77.26286198	68.45944242	64.10367071	61.25025499	63.09735307	78.91035571	76.21986399	70.09085096	75.29205175	80.27686681	86.96898056	96.76115981	104.0621952	100.22376	93.54703667	97.34703089	105.6099091	110.3759355	101.9272843
China, People's Republic of	no data	no data	no data	no data	no data	no data	no data	no data	no data	no data	no data	no data	no data	no data	no data	no data	no data	no data	no data	no data	no data	no data	no data	no data	no data	no data	no data	no data	no data	no data	no data	no data	no data	no data	no data	no data	no data	no data	no data	no data	no data	no data	no data	no data	no data	no data	no data	no data	no data	no data	no data	no data	no data	no data	no data	no data	97.95359237	86.99823749	87.8810421	104.2207158	110.8623284	108.5380778	116.7479641	121.824436	131.7811413	140.8690733	144.8549076	142.2924307	136.0493872	133.6827594	139.1547252	131.4490197
Colombia	no data	no data	no data	no data	no data	no data	no data	no data	no data	no data	no data	no data	no data	no data	no data	no data	no data	no data	no data	no data	no data	no data	no data	no data	no data	no data	no data	no data	no data	no data	no data	no data	no data	no data	no data	no data	no data	no data	no data	no data	no data	no data	no data	no data	no data	no data	30.9564175	38.70233496	39.15801031	40.24039222	37.44020495	37.02499271	38.28048511	34.52834298	29.51525676	26.70238846	27.49736455	26.96348663	27.16764753	27.70595145	30.16987777	30.20708423	29.02616312	31.66618792	36.3632644	41.10307944	37.87281652	35.33454362	34.31927513	31.56060706	37.5382518	34.58693249
Congo, Republic of 	no data	no data	no data	no data	no data	no data	no data	no data	no data	no data	no data	no data	no data	no data	no data	no data	no data	no data	no data	no data	no data	no data	no data	no data	no data	no data	no data	no data	no data	no data	no data	no data	no data	no data	no data	no data	no data	no data	no data	no data	no data	no data	no data	no data	no data	no data	no data	no data	no data	no data	no data	1.612243183	2.027137979	2.620082889	2.136314052	1.542237632	1.592865752	1.721745948	2.681396664	3.895442737	4.676062534	4.950947585	5.275489559	6.64387744	8.596380468	11.93946737	15.53259102	13.17788586	10.96530141	9.269582855	no data	no data
Costa Rica	no data	no data	no data	no data	no data	no data	no data	no data	no data	no data	no data	no data	no data	no data	no data	no data	no data	no data	no data	no data	no data	no data	no data	no data	no data	no data	no data	no data	no data	no data	no data	no data	no data	no data	no data	no data	no data	no data	no data	no data	no data	no data	no data	no data	no data	no data	no data	no data	no data	no data	no data	30.81117823	32.49442217	29.36662032	26.94749328	27.75096486	29.62798913	33.99271228	35.38705802	30.52506369	27.82500078	31.06430691	29.97759938	32.23886138	33.93420001	33.89620319	35.36738013	35.14831449	35.5680461	32.77237704	35.77073331	33.8999803
Croatia	no data	no data	no data	no data	no data	no data	no data	no data	no data	no data	no data	no data	no data	no data	no data	no data	no data	no data	no data	no data	no data	no data	no data	no data	no data	no data	no data	no data	no data	no data	no data	no data	no data	no data	no data	no data	no data	no data	no data	no data	no data	no data	no data	no data	no data	30.28500948	33.63186135	38.91034985	39.06997857	45.4762643	44.04957352	54.65037937	58.08138962	57.72406384	59.46906325	61.21097967	66.77690098	73.52298759	81.00158381	92.58985705	100.4405475	99.62040691	99.35503731	99.81414177	99.01957392	97.85707849	94.89152118	92.11878449	90.35025687	84.74247261	93.66537771	84.64951942
Cyprus	no data	no data	no data	no data	no data	no data	no data	no data	no data	no data	no data	no data	no data	no data	no data	no data	no data	no data	no data	no data	no data	no data	no data	no data	no data	no data	no data	no data	no data	no data	no data	no data	no data	no data	no data	no data	no data	no data	no data	no data	no data	no data	no data	no data	no data	254.7751455	248.7931423	246.3192968	239.8695335	226.7584648	227.2251062	199.2782629	203.1986192	189.0651761	149.2108283	158.890598	160.8783695	169.6721031	187.0065651	192.8494552	196.1550351	203.5075316	200.4804378	212.8936532	222.120355	221.6549148	214.0333453	201.1716242	188.4345778	181.9894915	184.043316	170.7517302
Czech Republic	no data	no data	no data	no data	no data	no data	no data	no data	no data	no data	no data	no data	no data	no data	no data	no data	no data	no data	no data	no data	no data	no data	no data	no data	no data	no data	no data	no data	no data	no data	no data	no data	no data	no data	no data	no data	no data	no data	no data	no data	no data	no data	no data	no data	no data	59.54090256	62.04870289	69.44162019	59.69589507	58.13483724	54.41889059	47.95298873	47.07838997	40.80628961	46.23934019	43.64714401	45.5555993	46.72661174	51.19309103	52.58299784	54.92267467	56.26197129	58.57010373	60.45368712	59.85761774	55.73010465	56.84849276	57.24737088	59.95494904	54.55332973	55.74315951	51.55460619
Denmark	no data	no data	no data	no data	no data	no data	no data	no data	no data	no data	no data	no data	no data	no data	no data	no data	no data	no data	no data	no data	no data	no data	no data	no data	no data	no data	no data	no data	no data	no data	no data	no data	no data	no data	no data	no data	no data	no data	no data	no data	no data	no data	no data	no data	69.56297626	65.37444415	64.62908906	66.02319634	61.45573265	69.13237875	75.4252546	81.03127465	75.90698816	80.27347815	86.37279366	97.45507991	107.8679277	115.0896054	117.3926294	122.6788948	116.094915	125.2366998	128.5728458	120.524523	123.7724268	126.0911157	125.6167423	120.6367193	123.2250262	136.7675268	132.5371355	127.3059372
El Salvador	no data	no data	no data	no data	no data	no data	no data	no data	no data	no data	no data	no data	no data	no data	no data	no data	no data	no data	no data	no data	no data	no data	no data	no data	no data	no data	no data	no data	no data	no data	no data	no data	no data	no data	no data	no data	no data	no data	no data	no data	no data	no data	no data	no data	no data	no data	no data	no data	no data	no data	no data	31.32982528	32.92262368	30.60111772	28.83030191	29.04263652	28.09183351	29.01790824	25.9076675	19.64072037	19.71374047	16.99885659	19.48098168	21.11503755	21.47971706	22.30004216	24.30602996	27.10745727	28.41024302	27.79911109	32.54305961	29.58910176
Estonia	no data	no data	no data	no data	no data	no data	no data	no data	no data	no data	no data	no data	no data	no data	no data	no data	no data	no data	no data	no data	no data	no data	no data	no data	no data	no data	no data	no data	no data	no data	no data	no data	no data	no data	no data	no data	no data	no data	no data	no data	no data	no data	no data	no data	no data	32.43245132	36.63616823	46.29554713	60.20853103	61.77291979	64.19028947	70.17820059	75.83815058	78.57467962	81.43824527	78.57169934	88.63779237	90.52802425	97.58533933	102.2958054	95.63804601	87.86520559	87.43188614	86.67966102	89.12457608	85.63318868	83.11285228	78.18909667	76.164085	77.018217	81.45609427	75.40772882
Finland	no data	no data	no data	no data	no data	no data	no data	no data	no data	no data	no data	no data	no data	no data	no data	no data	no data	no data	no data	no data	72.80045704	63.13260985	71.52016907	71.33834629	56.94253078	62.37192905	63.0075188	67.03495824	65.48972671	62.60749914	61.60560537	62.44815457	65.09304009	64.91525424	64.9052301	67.22484344	68.58782276	71.57975528	73.16491649	73.44202772	86.49831243	96.70767213	119.1526503	104.0229617	99.26169985	83.77659844	83.21365947	86.66510239	79.10835533	81.12058369	90.14086572	85.33962995	84.92652506	87.29876309	87.48409529	87.60497186	90.27629166	93.88738026	103.4911075	106.1695654	108.269242	109.1803958	110.5219437	114.7008873	120.0520066	126.0898361	115.3490746	122.3869978	120.6106347	117.8518123	122.091963	116.1392191
France	no data	no data	no data	no data	no data	no data	no data	no data	no data	no data	no data	no data	no data	no data	no data	no data	no data	no data	no data	no data	no data	no data	no data	no data	no data	no data	no data	88.74282989	87.5139791	85.20760042	85.58337207	85.98586233	85.21132649	86.62253732	87.31326818	84.18269237	82.1478377	84.66967218	88.85826538	92.47092379	96.27496094	98.09792939	100.5076115	98.55820628	98.14199397	97.46665977	96.17006291	96.07581199	94.8099558	99.21741557	103.6729711	108.3080874	107.6058568	105.6721609	106.1190632	107.4420764	109.1948656	110.4174393	115.5165179	119.5968131	118.7186418	123.9110675	127.7663199	125.7578799	131.3373787	136.4667636	142.2643008	142.5044031	146.1951605	151.7045415	172.570889	166.1510374
Germany	no data	no data	no data	no data	no data	no data	no data	no data	no data	no data	no data	no data	no data	no data	no data	no data	no data	no data	no data	no data	53.65838325	54.87040823	56.7713385	56.9327992	58.3673856	59.58996614	58.72194149	59.15678133	58.65899364	58.46315282	60.65339124	62.77765927	63.68224663	62.9332176	62.70011145	61.43587584	59.45891273	59.45663758	59.68497179	60.22618498	59.61362345	56.26781435	56.02487574	60.1583766	58.24891367	55.26076607	56.99934422	58.16184382	60.25257891	60.90683085	69.41012475	71.93547645	74.34571361	74.28410586	68.59165886	68.276938	69.40199071	68.04256766	70.02293353	71.8460337	69.94439245	67.27394229	67.25961731	68.8844861	64.17803329	64.06390235	64.12152204	64.94668152	67.57652023	68.61801305	73.11528941	72.34036232
Greece	no data	no data	no data	no data	no data	no data	no data	no data	no data	no data	no data	no data	no data	no data	no data	no data	no data	no data	no data	no data	no data	no data	no data	no data	no data	no data	no data	no data	no data	no data	no data	no data	no data	no data	no data	no data	no data	no data	no data	no data	no data	no data	no data	no data	30.0921138	29.93638856	29.49651554	29.72816149	31.93404505	33.69139153	39.74153011	42.77118813	42.24528325	42.61708269	42.34649785	46.59117943	48.0404955	50.85943866	58.31346792	59.43998641	67.61346398	67.82418793	69.13011397	67.28669587	68.12498589	66.52246143	65.94668012	62.34603144	60.42392987	54.49877217	65.7422305	65.90439206
Honduras	no data	no data	no data	no data	no data	no data	no data	no data	no data	no data	no data	no data	no data	no data	no data	no data	no data	no data	no data	no data	no data	no data	no data	no data	no data	no data	no data	no data	no data	no data	no data	no data	no data	no data	no data	no data	no data	no data	no data	no data	no data	no data	no data	no data	no data	no data	no data	no data	no data	no data	no data	32.77443101	32.26519377	32.30950377	33.14765115	20.3879514	22.34062906	25.47532468	23.70148847	23.50477303	21.87685808	21.05040265	22.62674148	24.84691335	24.64116393	24.88856257	25.69956864	26.41911624	29.07252371	29.64282616	31.63161578	30.61430457
Hong Kong SAR	no data	no data	no data	no data	no data	no data	no data	no data	no data	no data	no data	no data	no data	no data	no data	no data	no data	no data	no data	no data	no data	no data	no data	no data	no data	no data	no data	no data	no data	no data	no data	no data	no data	no data	no data	no data	no data	no data	no data	no data	131.8301967	111.5616	103.9893251	105.6038187	107.7568811	116.2709583	120.5897996	124.5787764	118.4280859	108.0176773	105.0472486	101.6518285	100.5710145	108.8132197	112.0341031	118.8621404	124.4520911	135.9387456	140.569187	138.8729211	165.3844552	178.1266833	176.9211397	201.0846909	217.9408453	230.0202645	238.4788713	272.4269075	262.2900097	267.5723054	291.9966603	275.0425308
Hungary	no data	no data	no data	no data	no data	no data	no data	no data	no data	no data	no data	no data	no data	no data	no data	no data	no data	no data	no data	33.99341178	31.94567387	35.74353841	34.98454782	35.14091267	39.44752591	39.57212162	42.88010696	45.0123935	49.47703662	51.05679198	50.93195415	50.37701855	51.38712832	51.93535942	51.63459438	51.19697636	52.08327472	52.30540211	48.93447789	47.0009381	46.84578864	45.05189871	38.57120246	37.22354431	40.26965954	38.32830491	42.78711737	44.7079764	44.82578362	48.35397428	53.87083449	53.84941586	49.66183907	54.7193604	57.21618599	64.39374305	67.16417248	78.38923678	80.80119806	91.09370139	86.19250221	88.33593711	83.74471004	79.71258384	79.14989345	73.57458199	69.64275621	64.94577657	64.190676	63.52258261	69.8050866	74.11632565
Iceland	no data	no data	no data	no data	no data	no data	no data	no data	no data	no data	no data	no data	no data	no data	no data	no data	no data	no data	no data	no data	55.57290418	52.89877689	50.1576001	47.98127032	55.55224059	56.48253104	51.15048244	49.47795459	51.85108268	51.82556195	66.86139771	63.48644555	81.51532553	82.22291038	87.33470343	81.68529189	67.2332719	65.60156513	71.84798242	76.6496309	69.64012882	69.55688708	76.73202501	79.51831301	73.7447257	71.20302732	75.12112286	80.8047384	86.83459091	100.6959932	112.9219334	120.51997	113.7497366	150.5322601	167.6977312	222.1433033	317.8602547	446.1545893	514.3409924	566.6494096	404.2827135	354.3944535	285.5149225	236.6752515	239.3050097	200.7261404	174.8289051	124.5240369	114.7906648	105.5340148	138.6667824	119.4856888
India	no data	no data	no data	no data	no data	no data	no data	no data	no data	no data	no data	no data	no data	no data	no data	no data	no data	no data	no data	no data	no data	no data	no data	no data	no data	no data	no data	no data	no data	no data	no data	no data	no data	no data	no data	no data	no data	no data	no data	no data	no data	no data	no data	no data	no data	no data	no data	no data	49.15828609	52.49875526	56.985268	57.72131715	63.46151861	61.99956168	66.94139698	74.11558441	81.14640629	54.74534321	64.00429658	64.93343141	71.4019234	75.71237465	75.42531333	67.50441714	70.64491625	66.0282409	55.95651414	56.68508617	48.37376843	53.61265882	57.44922935	50.94619736
Indonesia	no data	no data	no data	no data	no data	no data	no data	no data	no data	no data	no data	no data	no data	no data	no data	no data	no data	no data	no data	no data	no data	no data	no data	no data	no data	no data	no data	no data	no data	no data	no data	no data	no data	no data	no data	no data	no data	no data	no data	no data	no data	no data	no data	no data	no data	no data	no data	no data	no data	no data	no data	21.49027313	18.4469589	16.86549762	16.75693576	16.24621304	15.19841407	15.08038727	15.46035366	14.63173385	14.05046716	15.47793459	18.51731667	21.71607446	23.27129879	25.0533658	23.69875266	23.32463901	24.38362585	23.82044333	24.87259137	23.0882312
Ireland	no data	no data	no data	no data	no data	no data	no data	no data	no data	no data	no data	no data	no data	no data	no data	no data	no data	no data	no data	no data	no data	no data	no data	no data	no data	no data	no data	no data	no data	no data	no data	no data	no data	no data	no data	no data	no data	no data	no data	no data	no data	no data	no data	no data	no data	no data	no data	no data	no data	no data	no data	no data	81.22031206	83.16904456	89.38109165	95.61553909	122.2549698	129.5478764	175.1637896	185.56445	197.7478016	209.0389163	214.7971415	203.3712811	219.7380629	267.0578304	250.3249373	221.2608685	223.2556004	197.1500259	180.648328	164.8505805
Israel	no data	no data	no data	no data	no data	no data	no data	no data	no data	no data	no data	no data	no data	no data	no data	no data	no data	no data	no data	no data	no data	no data	no data	no data	no data	no data	no data	no data	no data	no data	no data	no data	no data	no data	no data	no data	no data	no data	no data	no data	no data	no data	47.77858441	50.32466162	53.04509077	55.47675884	56.24107304	59.00003171	65.66994062	69.77869848	71.39660836	78.98706725	82.60741151	79.43998849	79.74206156	84.65796758	86.72709065	90.77442948	83.54672581	83.98258011	82.63583914	79.89620958	77.46081688	72.92363733	70.46441115	68.68570983	69.1826899	68.4300033	68.33703873	67.55719471	69.50096124	71.33845953
Italy	21.42012988	22.25304034	26.15870076	28.41633646	31.40977132	33.35752407	35.84502968	37.27877633	38.50899413	41.62411237	43.50717836	46.9896956	51.07089891	52.94711795	52.48563048	53.73846026	55.90395247	57.81488019	59.453205	61.21206839	60.88435601	64.14202359	66.78372262	62.9018036	60.27151314	60.697744	55.42873366	52.43196624	47.16723391	44.81652831	42.84928805	42.95452156	41.16094688	39.89022805	43.06380325	42.4087251	41.70851476	42.19431695	43.61117997	38.95273682	41.66095556	43.07170148	46.06072663	46.57128551	44.08540989	52.55185213	50.6941576	49.91229981	49.41691538	54.41292976	56.72763797	58.833421	59.6146369	62.00755292	63.48736056	66.16732591	69.55703242	74.86351589	77.48933107	82.61651881	82.16174852	81.18945435	83.19817233	81.69065261	80.55917242	77.0727125	73.84109787	71.49729384	69.66073555	68.22272551	77.06945249	72.87667529
Japan	no data	no data	no data	no data	no data	no data	no data	no data	no data	no data	no data	no data	no data	no data	89.96413621	95.56606645	94.93309761	94.71065334	91.89617073	92.37658981	91.97163083	102.0985228	107.9153714	103.6638283	97.87774931	100.640796	99.92699859	97.57859269	94.30693851	93.73304334	94.39303499	96.59956624	100.6135997	104.4673295	107.0036803	109.8841002	114.5835192	123.8663761	127.7661438	134.1053077	138.7182278	138.4475909	140.9317404	144.6242628	144.7266195	142.3530862	138.9828442	136.9612432	129.5267842	125.3567237	117.7845447	114.3466078	111.6524274	104.5674493	99.24163318	100.4336024	99.96987874	98.77414694	103.5566604	106.7976944	101.5474632	101.2355641	99.64571643	98.26339894	97.0634013	94.36403725	95.91751558	95.96827182	98.10858404	101.9360642	116.4078637	118.2481869
Kazakhstan	no data	no data	no data	no data	no data	no data	no data	no data	no data	no data	no data	no data	no data	no data	no data	no data	no data	no data	no data	no data	no data	no data	no data	no data	no data	no data	no data	no data	no data	no data	no data	no data	no data	no data	no data	no data	no data	no data	no data	no data	no data	no data	no data	no data	no data	no data	no data	no data	no data	no data	no data	no data	no data	22.95549583	25.32207853	31.76428565	40.33432059	45.83195055	45.4146419	48.27599227	41.14809685	34.10484761	34.23054031	32.70215974	32.44478822	38.08833135	41.87953524	37.14484868	32.38545695	28.18895679	29.16988929	24.50308079
Korea, Republic of	no data	no data	no data	no data	no data	no data	no data	no data	no data	no data	no data	no data	24.82724365	22.54076274	18.4542981	21.96526681	23.27001038	31.23773114	38.18944256	44.95229287	44.05152685	47.17131555	46.99578227	47.51606542	47.8114611	41.39450472	39.02231773	39.29831632	43.30090958	48.15746413	60.75007741	63.28957435	70.66215485	70.97332113	73.84694616	79.08972685	76.19339055	70.18502389	63.07011209	70.50053498	75.64614575	79.4938323	81.89832302	86.23140459	88.64021107	90.5296455	97.76023982	110.4018719	113.1776137	99.58581527	89.00105366	85.02754118	82.20341736	80.30708791	74.29168927	73.34245261	80.28157874	84.7944172	97.34994281	100.4622566	95.53955085	96.36727996	98.04623434	97.81323427	99.54321661	97.7541169	94.37896676	92.52958901	95.5741159	101.2654053	109.8380493	113.6949583
Latvia	no data	no data	no data	no data	no data	no data	no data	no data	no data	no data	no data	no data	no data	no data	no data	no data	no data	no data	no data	no data	no data	no data	no data	no data	no data	no data	no data	no data	no data	no data	no data	no data	no data	no data	no data	no data	no data	no data	no data	no data	no data	no data	no data	no data	no data	10.74067815	17.51310493	23.57308258	30.62519795	34.84978245	42.04708137	41.82858232	43.1101704	43.48192199	52.68222928	58.46756854	66.86637626	67.92244869	72.3176258	88.81575675	91.20418886	91.64718833	77.68949889	74.0647615	69.57649173	61.60639092	63.94621707	61.85788444	56.70663103	56.18454137	56.22128339	47.65032856
Lesotho	no data	no data	no data	no data	no data	no data	no data	no data	no data	no data	no data	no data	no data	no data	no data	no data	no data	no data	no data	no data	no data	no data	no data	no data	no data	no data	no data	no data	no data	no data	no data	no data	no data	no data	no data	no data	no data	no data	no data	no data	no data	no data	no data	no data	no data	no data	no data	no data	no data	no data	no data	9.753706358	8.657968353	2.5429372	2.615955315	3.974975497	4.511716389	4.464484174	4.736795516	6.185139302	6.249629261	6.252033044	7.013933709	6.560461252	6.625600315	6.914965673	6.304242778	6.475331597	6.512882876	6.391103211	5.978190077	5.661832039
Lithuania	no data	no data	no data	no data	no data	no data	no data	no data	no data	no data	no data	no data	no data	no data	no data	no data	no data	no data	no data	no data	no data	no data	no data	no data	no data	no data	no data	no data	no data	no data	no data	no data	no data	no data	no data	no data	no data	no data	no data	no data	no data	no data	no data	no data	no data	19.8072621	20.69363209	22.90315976	24.97216014	28.94355892	29.83432449	28.6880158	28.61075983	31.3155034	33.09933753	38.12964728	44.23509456	56.60828712	55.92131047	54.11624302	48.81625461	42.8499355	41.6672154	39.95936027	36.87047754	37.6329805	40.37346458	42.00982584	41.5469254	40.58297295	36.80461994	40.58711051
Luxembourg	no data	no data	no data	no data	no data	no data	no data	no data	no data	no data	no data	no data	no data	no data	no data	no data	no data	no data	no data	no data	no data	no data	no data	no data	no data	no data	no data	no data	no data	no data	no data	no data	no data	no data	no data	no data	no data	no data	no data	no data	no data	no data	no data	no data	no data	73.82660104	75.90440957	124.5523844	94.61123839	94.83844571	90.78569564	131.855661	141.5737076	193.7416118	173.2317822	161.9822265	169.0095099	283.2383149	265.7312245	307.3568464	275.3315237	289.7769575	300.9594594	305.575981	322.7163636	328.6850971	316.4241453	311.7564743	315.4374758	332.8713752	346.7266261	319.429573
Malaysia	no data	no data	no data	no data	no data	no data	no data	no data	no data	no data	no data	no data	no data	no data	no data	no data	no data	no data	no data	no data	no data	no data	no data	no data	no data	no data	no data	no data	no data	no data	no data	no data	no data	no data	no data	no data	no data	no data	no data	no data	no data	no data	no data	no data	no data	no data	no data	no data	no data	no data	no data	no data	no data	no data	no data	no data	61.23910516	62.70218992	58.72761755	70.01353476	64.97567861	67.85593694	66.51397787	70.55956802	69.65693478	74.20442744	73.71200015	76.16726864	71.99008536	70.98789836	82.32127845	77.62984584
Malta	no data	no data	no data	no data	no data	no data	no data	no data	no data	no data	no data	no data	no data	no data	no data	no data	no data	no data	no data	no data	no data	no data	no data	no data	no data	no data	no data	no data	no data	no data	no data	no data	no data	no data	no data	no data	no data	no data	no data	no data	no data	no data	no data	no data	no data	109.8803793	114.9848747	116.0559059	120.0572859	120.2218166	111.3968779	115.4243617	116.2636709	117.0605587	109.3585214	115.2356746	109.4021232	128.5188947	142.1812785	158.9147881	161.0345603	171.5579735	166.4928589	155.7120191	151.6654529	149.1430681	150.8158992	150.5668376	156.9453783	170.679494	178.7185461	163.4192739
Mauritius	no data	no data	no data	no data	no data	no data	no data	no data	no data	no data	no data	no data	no data	no data	no data	no data	no data	no data	no data	no data	no data	no data	no data	no data	no data	no data	no data	no data	no data	no data	no data	no data	no data	no data	no data	no data	no data	no data	no data	no data	no data	no data	no data	no data	no data	no data	no data	no data	no data	no data	no data	no data	no data	no data	no data	no data	no data	48.02600475	51.13019058	49.0153733	52.61139799	58.85630932	61.86553467	62.24984892	59.9279111	62.31699586	56.82552076	57.10067105	49.03	47.89	58.51	49.01
Mexico	no data	no data	no data	no data	no data	no data	no data	no data	no data	no data	no data	no data	no data	no data	no data	no data	no data	no data	no data	no data	no data	no data	no data	no data	no data	no data	no data	no data	no data	no data	no data	no data	no data	no data	no data	no data	no data	no data	no data	no data	no data	no data	no data	no data	38.77889829	37.76399309	29.63798345	24.88237185	22.74804402	18.53087446	17.4054702	15.81661236	15.91166913	15.55775359	13.93818287	13.06722769	13.67484041	14.69539208	16.68372036	16.75190929	16.58349133	18.31366128	18.03379226	20.53677939	21.92477693	24.50219787	26.82401316	26.52733449	25.74023789	25.14996166	26.99993474	24.76249745
Morocco	no data	no data	no data	no data	no data	no data	no data	no data	no data	no data	no data	no data	no data	no data	no data	no data	no data	no data	no data	no data	no data	no data	no data	no data	no data	no data	no data	no data	no data	no data	no data	no data	no data	no data	no data	no data	no data	no data	no data	no data	no data	no data	no data	no data	no data	no data	no data	no data	no data	no data	no data	34.45464364	30.76285273	26.77969647	24.82023685	26.80058687	27.43018151	31.53573507	35.53097152	37.53163979	40.08372347	42.6148587	42.27506596	38.94298485	39.01865921	37.19307351	38.08236409	37.53806703	36.04272165	36.57132228	41.19268262	37.94807934
Myanmar	no data	no data	no data	no data	no data	no data	no data	no data	no data	no data	no data	no data	no data	no data	no data	no data	no data	no data	no data	no data	no data	no data	no data	no data	no data	no data	no data	no data	no data	no data	no data	no data	no data	no data	no data	no data	no data	no data	no data	no data	no data	no data	no data	no data	no data	no data	no data	no data	no data	no data	no data	10.63005363	10.725084	3.819826322	4.08180393	4.277017191	3.530364078	3.094297313	2.806691639	3.248201534	4.574932597	6.486505483	8.605437769	11.53927988	14.76950398	17.39200438	21.33775163	24.12139102	25.83830423	25.9859145	25.77764056	no data
Nepal	no data	no data	no data	no data	no data	no data	no data	no data	no data	no data	no data	no data	no data	no data	no data	no data	no data	no data	no data	no data	no data	no data	no data	no data	no data	no data	no data	no data	no data	no data	no data	no data	no data	no data	no data	no data	no data	no data	no data	no data	no data	no data	no data	no data	no data	no data	no data	no data	no data	no data	no data	no data	11.9032442	12.89449098	14.26737821	15.3074864	14.56718944	15.77045435	21.11867637	25.94458309	24.9930387	25.40869302	27.23532386	27.26317615	29.03724383	30.00844473	36.08674182	36.80051094	43.2325889	48.74141632	55.32592332	67.2693539
Netherlands	no data	no data	no data	no data	no data	no data	no data	no data	no data	no data	no data	no data	no data	no data	no data	no data	no data	no data	no data	no data	no data	no data	no data	no data	no data	no data	no data	no data	no data	no data	no data	no data	no data	no data	no data	no data	no data	no data	no data	no data	111.6256336	113.6897574	118.4119958	118.3786398	120.0699791	116.8883346	118.9263692	118.2668285	122.2216868	127.4086383	130.1630284	126.1894534	121.5705486	129.6643981	126.1773408	127.4074531	121.9267603	121.1221474	123.1640085	131.5710212	144.0112205	156.2191036	161.2407078	164.0567299	172.6786884	172.3942331	173.7020655	166.2320191	159.3232186	148.9023498	147.894869	146.2587989
New Zealand	no data	no data	no data	no data	no data	no data	no data	no data	no data	no data	no data	no data	no data	no data	no data	no data	no data	no data	no data	no data	no data	no data	no data	no data	no data	no data	no data	no data	no data	no data	no data	no data	no data	no data	no data	no data	no data	no data	no data	no data	70.91380952	73.26572116	72.94587882	74.10071942	71.28027293	78.23767554	71.91365704	79.77990025	80.82594198	80.13739277	85.3319474	82.07988599	83.80021992	79.50824884	84.37346823	90.32163779	95.62744506	99.40510951	107.3585921	102.1926647	96.61789005	90.84916212	90.84349848	87.08862757	86.15009734	85.58619758	85.03326399	83.11307517	81.59897135	78.57053628	76.83502598	72.72599205
Nicaragua	no data	no data	no data	no data	no data	no data	no data	no data	no data	no data	no data	no data	no data	no data	no data	no data	no data	no data	no data	no data	no data	no data	no data	no data	no data	no data	no data	no data	no data	no data	no data	no data	no data	no data	no data	no data	no data	no data	no data	no data	no data	no data	no data	no data	no data	no data	no data	no data	no data	no data	no data	6.61426526	5.629466827	8.255419629	8.372931509	8.374927034	9.66210699	9.41094596	8.865070561	8.378199674	9.526978749	9.950449563	11.76103193	12.17800624	12.59782582	13.82763375	14.03466024	15.30844088	15.30601825	12.17406327	12.18471453	11.37485283
North Macedonia 	no data	no data	no data	no data	no data	no data	no data	no data	no data	no data	no data	no data	no data	no data	no data	no data	no data	no data	no data	no data	no data	no data	no data	no data	no data	no data	no data	no data	no data	no data	no data	no data	no data	no data	no data	no data	no data	no data	no data	no data	no data	no data	no data	no data	no data	no data	no data	no data	no data	no data	no data	no data	no data	no data	no data	26.8175732	37.73395572	45.56217575	53.13458025	57.06465766	58.34008662	59.38995715	63.68108821	62.59071693	64.24565164	65.90352374	67.26887297	67.12233409	66.27543072	65.78023523	68.71112774	68.46097916
Norway	no data	no data	no data	no data	no data	no data	no data	no data	no data	no data	no data	no data	no data	no data	no data	no data	no data	no data	no data	no data	no data	no data	no data	no data	no data	78.61476775	83.14924216	90.96440128	90.14638829	85.68230409	81.56334537	79.02513061	85.31874111	85.7370968	91.1592818	89.21678799	98.32174225	99.88548927	103.1351456	103.640379	100.5341004	92.61322789	100.5701685	96.06289455	88.3226729	86.74666896	85.55173025	96.76538104	109.0066181	108.174678	103.9851813	107.8459763	111.598974	110.0189772	114.2664692	112.6552586	112.9930479	127.7275758	144.3845267	143.7291871	143.7402734	137.0120418	142.6616191	137.5448681	140.1444976	153.9296496	154.3843935	143.4938347	134.1375672	144.2396823	166.431787	139.1609324
Pakistan	no data	no data	no data	no data	no data	no data	no data	no data	no data	no data	no data	no data	no data	no data	no data	no data	no data	no data	no data	no data	no data	no data	no data	no data	no data	no data	no data	no data	no data	no data	no data	no data	no data	no data	no data	no data	no data	no data	no data	no data	no data	no data	no data	no data	no data	no data	no data	no data	no data	no data	no data	no data	no data	no data	no data	no data	19.45821785	20.06420137	20.08309225	17.03150493	16.48709894	14.00555732	12.91401946	12.18190491	11.14783736	12.38432703	14.46445997	16.30875355	18.67986064	20.17291899	20.70481015	20.60172401
Peru	no data	no data	no data	no data	no data	no data	no data	no data	no data	no data	no data	no data	no data	no data	no data	no data	no data	no data	no data	no data	no data	no data	no data	no data	no data	no data	no data	no data	no data	no data	no data	no data	no data	no data	no data	no data	no data	no data	no data	no data	no data	no data	no data	no data	no data	no data	no data	no data	no data	no data	no data	24.99764168	22.01444572	17.76241861	15.89254151	14.64431595	14.02718149	18.02598851	20.91186697	20.31850661	19.63532468	21.49986949	21.71514506	24.48149352	28.86022451	34.23879127	36.06136769	41.14502552	42.08909071	40.94603247	53.58100499	47.02924071
Poland	no data	no data	no data	no data	no data	no data	no data	no data	no data	no data	no data	no data	no data	no data	no data	no data	no data	no data	no data	no data	no data	no data	no data	no data	no data	no data	no data	no data	no data	no data	no data	no data	no data	no data	no data	no data	no data	no data	no data	no data	no data	no data	no data	no data	no data	19.89278618	22.12852826	22.82555685	27.33298082	30.57960753	32.46547629	33.43260711	36.07928897	34.8375457	29.46795679	28.31170048	31.59744515	34.1851984	39.67117175	37.922282	38.46760206	41.50323977	42.74478725	43.92964722	46.55355443	47.55101029	49.93456353	47.01762649	46.58884639	44.25005711	45.88870413	43.77457541
Portugal	no data	no data	no data	no data	no data	no data	no data	no data	no data	no data	no data	no data	no data	no data	no data	no data	no data	no data	no data	no data	no data	no data	no data	no data	no data	no data	no data	no data	no data	104.3492866	101.7579222	107.4110827	116.4025193	122.955834	121.6397932	105.862731	89.02069481	77.77642008	72.31764426	67.75877221	61.30357604	65.54884089	67.92947352	72.71279935	71.1691617	65.02854139	69.48265848	68.86776135	74.93260197	78.47275117	83.93444666	90.90473879	92.92676049	96.1334394	100.8982689	101.0490518	100.4394312	107.1104161	117.3778411	123.2079783	127.1270993	132.6587399	141.1023223	134.0042923	126.3417078	119.6517562	111.6666971	107.5565803	101.0248352	97.39908674	106.9582058	104.0076259
Romania	no data	no data	no data	no data	no data	no data	no data	no data	no data	no data	no data	no data	no data	no data	no data	no data	no data	no data	no data	no data	no data	no data	no data	no data	no data	no data	no data	no data	no data	no data	no data	no data	no data	no data	no data	no data	no data	no data	no data	no data	no data	no data	no data	no data	no data	no data	no data	no data	no data	no data	no data	11.32440289	11.88624529	11.15685647	12.37975006	12.91041098	17.90063769	21.56394508	23.5336564	24.09593275	23.63694997	23.34030464	20.98482864	17.76467391	15.26721932	14.7470875	13.75639431	13.39405932	13.23395287	12.66336365	13.67739225	13.26586102
Russian Federation	no data	no data	no data	no data	no data	no data	no data	no data	no data	no data	no data	no data	no data	no data	no data	no data	no data	no data	no data	no data	no data	no data	no data	no data	no data	no data	no data	no data	no data	no data	no data	no data	no data	no data	no data	no data	no data	no data	no data	no data	no data	no data	no data	no data	no data	no data	no data	no data	33.20594404	25.02883227	23.11119685	25.23058605	28.46844363	32.7293842	35.11578627	38.8250921	39.98414039	49.2511922	54.32813763	59.72008044	52.82649131	51.99070932	55.58920113	65.08638405	80.70591927	87.80620166	83.86074348	82.88267504	80.2088277	76.95514573	91.68757979	79.84081746
Samoa	no data	no data	no data	no data	no data	no data	no data	no data	no data	no data	no data	no data	no data	no data	no data	no data	no data	no data	no data	no data	no data	no data	no data	no data	no data	no data	no data	no data	no data	no data	no data	no data	no data	no data	no data	no data	no data	no data	no data	no data	no data	no data	no data	no data	no data	7.947643609	9.064831386	9.289545055	10.4345466	14.07565483	16.15000326	16.34874421	17.51897452	17.23701648	17.67967754	18.94230651	20.7265089	19.31926401	19.01438185	18.58413294	20.65312122	21.82534516	23.40768643	23.05332965	24.43462028	24.82042831	27.05203091	26.39459397	26.72115723	27.32074252	28.67754154	28.87870274
Saudi Arabia	no data	no data	no data	no data	no data	no data	no data	no data	no data	no data	no data	no data	no data	no data	no data	no data	no data	no data	no data	no data	no data	no data	no data	no data	no data	no data	no data	no data	no data	no data	no data	no data	no data	no data	no data	no data	no data	no data	no data	no data	no data	no data	no data	no data	no data	no data	no data	no data	33.66787179	27.55324241	23.11406159	24.96755606	24.7347138	22.09722752	26.19906635	28.45073836	27.69042613	35.10864247	38.48681327	44.2617731	37.79841335	30.97007981	29.78296068	34.81746104	38.939242	50.92693792	52.40729739	48.65764489	42.90735592	48.58613174	63.80106128	61.02668063
Sierra Leone	no data	no data	no data	no data	no data	no data	no data	no data	no data	no data	no data	no data	no data	no data	no data	no data	no data	no data	no data	no data	no data	no data	no data	no data	no data	no data	no data	no data	no data	no data	no data	no data	no data	no data	no data	no data	no data	no data	no data	no data	no data	no data	no data	no data	no data	no data	no data	no data	no data	no data	no data	1.114167013	1.360309484	2.28773777	2.772264493	2.536120966	2.528386218	3.253439802	4.005552966	6.114026081	5.042266917	4.738410585	4.620709457	3.574561221	3.620227032	4.159879906	4.298606604	3.674009294	3.979087147	4.693011493	4.072079533	5.121251016
Singapore	no data	no data	no data	no data	no data	no data	no data	no data	no data	no data	no data	no data	no data	no data	no data	no data	no data	no data	no data	no data	no data	no data	no data	no data	no data	no data	no data	no data	no data	no data	no data	no data	no data	no data	no data	no data	no data	no data	no data	no data	no data	98.62266178	98.57960768	95.61380308	89.14632261	104.8895538	112.0320643	118.4056169	114.5545318	109.8217124	104.8786349	118.4761097	114.0085493	112.4384912	96.39155905	95.0752857	89.78788849	94.98030052	108.7344894	104.8143643	95.00761667	103.0236399	111.8294441	124.8716775	133.8610881	138.9628525	138.0854865	139.2473387	138.9110731	152.0618391	172.240498	161.5138148
Slovak Republic	no data	no data	no data	no data	no data	no data	no data	no data	no data	no data	no data	no data	no data	no data	no data	no data	no data	no data	no data	no data	no data	no data	no data	no data	no data	no data	no data	no data	no data	no data	no data	no data	no data	no data	no data	no data	no data	no data	no data	no data	no data	no data	no data	no data	no data	62.83179126	57.51515922	55.57836286	58.76095518	55.47046373	43.10413442	41.01194217	45.12263726	39.68707434	38.84899253	36.79544266	38.2128549	43.01652539	44.36599184	46.59945456	43.26820173	46.03082666	47.30694416	49.67076409	51.97403697	50.68345513	55.90908754	55.87479824	54.00016326	53.8627084	54.50280356	53.61821039
Slovenia	no data	no data	no data	no data	no data	no data	no data	no data	no data	no data	no data	no data	no data	no data	no data	no data	no data	no data	no data	no data	no data	no data	no data	no data	no data	no data	no data	no data	no data	no data	no data	no data	no data	no data	no data	no data	no data	no data	no data	no data	no data	no data	no data	no data	no data	28.49215968	28.06384958	29.9931341	34.26308316	39.13134339	43.95033178	47.93429073	50.24077865	53.65962215	57.72724969	65.16542097	68.00062281	79.61566425	89.12162465	95.37193593	94.68731352	94.8254926	92.99843049	88.05271257	78.89611339	67.83072433	60.72961586	55.35057066	51.49281873	47.91163144	47.75779127	46.14992693
Solomon Islands	no data	no data	no data	no data	no data	no data	no data	no data	no data	no data	no data	no data	no data	no data	no data	no data	no data	no data	no data	no data	no data	no data	no data	no data	no data	no data	no data	no data	no data	no data	no data	no data	no data	no data	no data	no data	no data	no data	no data	no data	no data	no data	no data	no data	no data	no data	no data	no data	no data	no data	no data	5.185714777	5.765370987	6.73648628	6.489786183	8.69723332	11.6664801	15.04442864	16.83763048	13.96688404	12.16705957	10.79477235	10.66419657	10.31375932	10.84874265	12.63915803	12.84225311	13.60597617	12.50209	13.54038023	14.16484901	11.80227113
South Africa	no data	no data	no data	no data	no data	no data	no data	no data	no data	no data	no data	no data	no data	no data	no data	no data	no data	no data	no data	no data	no data	no data	no data	no data	no data	no data	no data	no data	no data	no data	no data	no data	no data	no data	no data	no data	no data	no data	no data	no data	no data	no data	no data	no data	no data	no data	no data	no data	no data	no data	no data	no data	no data	no data	no data	no data	no data	no data	36.78762429	34.51155936	32.60272161	32.01108971	33.05641427	34.5919784	34.85198989	38.1340859	38.50593175	38.09636148	37.35733209	37.44730047	36.7175606	32.01800501
Spain	no data	no data	no data	no data	no data	no data	no data	no data	no data	no data	no data	no data	no data	no data	no data	no data	no data	no data	no data	no data	no data	no data	no data	no data	no data	no data	no data	no data	no data	no data	53.17204446	56.01236025	56.30735318	55.80245152	55.6653176	51.73463755	46.88261665	43.07195282	43.35093726	44.10590554	45.15393616	46.64901966	47.14543149	47.04558799	43.77855406	48.74146125	47.61205667	48.6038813	50.9618654	61.54842312	72.49151425	79.72048223	82.34532094	86.75676147	93.32086005	102.8817381	116.7427923	127.5254547	131.5854033	137.793258	139.6444889	137.0855162	129.9948889	124.3233681	116.4662774	109.8555109	104.7367665	98.71758127	95.3591039	93.13559016	107.9120423	103.969668
Sri Lanka	no data	no data	no data	no data	no data	no data	no data	no data	no data	no data	no data	no data	no data	no data	no data	no data	no data	no data	no data	no data	no data	no data	no data	no data	no data	no data	no data	no data	no data	no data	no data	no data	no data	no data	no data	no data	no data	no data	no data	no data	no data	no data	no data	no data	no data	no data	no data	no data	no data	no data	no data	3.279841932	2.934239937	2.567749444	2.931616073	no data	1.11972191	1.740223044	1.46621057	1.09427723	2.335266238	26.23614128	26.28106823	24.96200778	25.33385807	33.34637339	35.3597769	38.83350495	41.19128538	43.96518923	no data	no data
Sweden	no data	no data	no data	no data	no data	no data	no data	no data	no data	no data	no data	62.36552209	64.5775806	68.44494471	69.60875707	72.2433481	72.96390904	75.17105383	80.04655333	80.61585381	74.35017209	71.06355947	70.63747869	68.94000532	66.83424052	61.86435245	59.55511808	60.28588112	58.92789036	57.49286806	53.45810794	54.68107535	56.15467137	56.13700305	57.07834151	59.08374838	63.94745582	70.67616719	77.18579094	89.61307165	99.32769591	94.02527835	100.7740043	101.2679329	94.97969413	88.63110606	87.29152121	93.22717239	97.48307519	101.4591339	107.0750547	112.581104	109.8642362	104.4829559	101.9488063	106.5112748	78.17237451	96.79749708	119.8037484	125.6250885	113.3959185	116.3890442	116.6005002	128.929955	120.494624	129.1422777	125.6100807	129.9416617	127.5155924	137.2619202	146.2111628	155.2547962
Switzerland	no data	no data	no data	no data	no data	no data	no data	no data	no data	no data	no data	no data	no data	no data	no data	no data	no data	no data	no data	no data	no data	no data	no data	no data	no data	no data	no data	no data	no data	no data	no data	no data	no data	no data	no data	no data	no data	no data	no data	no data	no data	no data	no data	no data	no data	no data	no data	no data	no data	92.25843477	86.86983173	84.20125003	81.83303138	84.75435431	83.02154364	82.97244728	82.39005522	93.57489131	93.19004062	103.1264181	102.5131218	106.7044546	111.3579036	108.4970784	109.5916111	111.0105289	116.6095445	123.99863	117.8818999	134.4214443	136.5060607	143.1919988
So Tom and Prncipe	no data	no data	no data	no data	no data	no data	no data	no data	no data	no data	no data	no data	no data	no data	no data	no data	no data	no data	no data	no data	no data	no data	no data	no data	no data	no data	no data	no data	no data	no data	no data	no data	no data	no data	no data	no data	no data	no data	no data	no data	no data	no data	no data	no data	no data	no data	no data	no data	no data	no data	no data	no data	no data	no data	no data	no data	12.17204612	13.57382382	11.66076541	16.77417694	12.44417685	14.41813438	15.09279267	13.50139106	11.86629715	10.79757756	9.881898891	9.677604493	8.752725529	8.808502566	7.983523865	no data
Tajikistan	no data	no data	no data	no data	no data	no data	no data	no data	no data	no data	no data	no data	no data	no data	no data	no data	no data	no data	no data	no data	no data	no data	no data	no data	no data	no data	no data	no data	no data	no data	no data	no data	no data	no data	no data	no data	no data	no data	no data	no data	no data	no data	no data	no data	no data	no data	no data	no data	no data	no data	no data	14.04187823	12.23216244	11.31812966	3.014978393	4.845653169	5.044886672	8.247179856	8.924127538	8.171326163	7.838266493	6.463558505	5.966504236	7.554645368	9.149033923	11.09820862	8.157298205	4.456621833	3.931737931	3.668585075	4.231480009	3.391122301
Thailand	no data	no data	no data	no data	no data	no data	no data	no data	no data	no data	no data	no data	no data	no data	no data	no data	no data	no data	no data	no data	no data	no data	no data	no data	no data	no data	no data	no data	no data	no data	no data	no data	no data	no data	no data	no data	no data	no data	no data	no data	no data	no data	no data	no data	no data	no data	no data	no data	no data	no data	no data	no data	no data	91.36802525	92.99228878	90.29347116	85.14525791	72.59236995	76.01748195	74.66010579	70.41243433	74.36092597	73.92847103	75.22453074	76.17646579	78.15960732	77.43546979	75.11647874	75.93445028	74.75078602	86.62404183	89.58062749
Trkiye, Republic of	no data	no data	no data	no data	no data	no data	no data	no data	no data	no data	no data	no data	no data	no data	no data	no data	no data	no data	no data	no data	no data	no data	no data	no data	no data	no data	no data	no data	no data	no data	no data	no data	no data	no data	no data	no data	17.23120818	18.38706534	17.08028984	15.07050882	16.10134097	16.84464015	17.27707138	17.06126948	17.82160548	18.09403207	21.95761201	25.98686061	23.62058169	23.41535113	21.65082959	25.3831221	19.94849019	17.08729141	17.33210929	21.92797069	26.80124768	29.37743188	35.00904582	34.94095775	39.72463945	43.95100639	44.42341209	51.88447071	55.8835682	61.49468947	66.94091028	66.88395405	67.88657404	65.01812762	71.58215804	74.34966947
Ukraine	no data	no data	no data	no data	no data	no data	no data	no data	no data	no data	no data	no data	no data	no data	no data	no data	no data	no data	no data	no data	no data	no data	no data	no data	no data	no data	no data	no data	no data	no data	no data	no data	no data	no data	no data	no data	no data	no data	no data	no data	no data	no data	no data	no data	no data	7.601806388	7.26268791	8.931339796	10.96486518	13.66599372	15.88285154	18.8698834	24.48706063	30.68717685	34.47070974	39.39850705	47.57052678	56.62492433	75.98861705	83.73043461	78.26961772	75.6219859	77.89059281	82.5207916	104.9109616	98.74587335	88.07189176	71.40181102	60.4611139	48.55366415	50.93540074	39.87279616
United Arab Emirates	no data	no data	no data	no data	no data	no data	no data	no data	no data	no data	no data	no data	no data	no data	no data	no data	no data	no data	no data	no data	no data	no data	no data	no data	no data	no data	no data	no data	no data	no data	no data	no data	no data	no data	no data	no data	no data	no data	no data	no data	no data	no data	no data	no data	no data	no data	no data	no data	no data	no data	no data	no data	no data	no data	no data	no data	no data	no data	68.48310004	86.26154661	76.80506554	62.19906362	57.08378445	62.11314918	65.93755286	79.22138172	83.27920739	82.87855098	80.57430765	83.62902132	97.77785932	82.68125582
United Kingdom	no data	no data	no data	no data	no data	no data	no data	no data	no data	no data	no data	no data	no data	no data	no data	no data	27.70647294	28.06661363	27.50129062	27.05367382	27.37765171	26.99854305	30.68729401	30.54087742	29.57762002	27.44834939	28.7448275	26.67545438	25.70018119	25.06142729	26.65019904	29.06753944	31.051508	31.38224638	34.90749524	34.92096069	38.10727192	38.8978006	44.79513652	51.58772607	57.66003407	57.24377176	58.86384585	60.71655428	55.38976891	57.88675477	58.09078448	54.40049969	60.227703	65.68039387	70.86936732	75.40329748	79.3834682	74.85821091	73.05977117	78.64589585	81.0440286	81.75062964	91.07979224	88.21728576	83.52457364	81.35122362	83.59304153	79.05908859	72.84493557	70.32402651	73.75483354	76.21001524	71.25014947	70.96705824	78.85602598	71.69258895
United States	30.51202024	29.74557743	30.57920869	30.22245808	31.71083717	32.02168531	33.20559018	34.13345708	36.0020752	35.97663352	37.15874231	38.43652369	38.7656256	39.81254563	40.31295635	41.20851662	41.85408183	43.43213798	44.2247965	45.67824589	48.09808457	48.76218022	49.95494033	51.29379933	53.38373137	51.38979178	49.88265541	50.4956464	50.38544983	51.14669864	51.61015985	51.71334804	54.05795801	54.93137774	57.47452107	59.27610048	62.55271993	64.18639617	65.20593726	64.75290698	63.4457604	60.02443926	56.56803917	55.61146306	55.2588425	56.01204228	55.77072076	56.94516499	60.18785533	62.8612812	64.34788971	65.16838855	64.49735111	62.35771116	62.04691346	62.78866802	65.19745795	70.06850096	72.54806244	70.43400182	66.88628295	66.04539503	66.7478982	67.46332724	69.12782557	71.10118766	72.73713433	74.75826665	75.7354528	76.29539691	85.2172061	81.09762209
Vanuatu	no data	no data	no data	no data	no data	no data	no data	no data	no data	no data	no data	no data	no data	no data	no data	no data	no data	no data	no data	no data	no data	no data	no data	no data	no data	no data	no data	no data	no data	no data	no data	no data	no data	no data	no data	no data	no data	no data	no data	no data	no data	no data	no data	no data	no data	no data	no data	no data	no data	no data	no data	23.59080576	25.84040161	25.44164216	21.2915717	26.7291995	26.41426632	21.8214337	26.80661677	37.78208578	32.91080682	34.00239896	35.74789688	34.17745913	36.6478258	33.33691578	31.5813817	28.37580752	26.48068908	24.84728153	26.53535252	26.34364714